2026-07-15 01:41:21,104 - INFO - Indexing Sectors...
2026-07-15 01:41:21,128 - INFO - Sectors: 0 indexed, 0 skipped.
2026-07-15 01:41:21,129 - INFO - Indexing Companies...
2026-07-15 01:41:21,132 - ERROR - Fatal error during indexing: (sqlite3.OperationalError) no such column: companies.news_last_refreshed
[SQL: SELECT companies.slug AS companies_slug, companies.name AS companies_name, companies.country AS companies_country, companies.ai_category AS companies_ai_category, companies.segment_tags AS companies_segment_tags, companies.use_cases AS companies_use_cases, companies.top_german_customers AS companies_top_german_customers, companies.germany_presence AS companies_germany_presence, companies.company_type AS companies_company_type, companies.funding AS companies_funding, companies.estimated_revenue AS companies_estimated_revenue, companies.maturity AS companies_maturity, companies.deployment_evidence AS companies_deployment_evidence, companies.website AS companies_website, companies.source AS companies_source, companies.status AS companies_status, companies.news_last_refreshed AS companies_news_last_refreshed, companies.id AS companies_id, companies.created_at AS companies_created_at, companies.updated_at AS companies_updated_at, companies.is_deleted AS companies_is_deleted, companies.deleted_at AS companies_deleted_at 
FROM companies 
WHERE companies.is_deleted = 0]
(Background on this error at: https://sqlalche.me/e/20/e3q8)
2026-07-15 01:54:55,304 - INFO - Indexing Sectors...
2026-07-15 01:55:20,409 - DEBUG - Generated embedding for sector_1 in 25.076s
2026-07-15 01:55:20,594 - DEBUG - Generated embedding for sector_2 in 0.021s
2026-07-15 01:55:20,644 - DEBUG - Generated embedding for sector_3 in 0.013s
2026-07-15 01:55:20,683 - DEBUG - Generated embedding for sector_4 in 0.014s
2026-07-15 01:55:20,719 - DEBUG - Generated embedding for sector_5 in 0.012s
2026-07-15 01:55:20,758 - DEBUG - Generated embedding for sector_6 in 0.014s
2026-07-15 01:55:20,795 - DEBUG - Generated embedding for sector_7 in 0.013s
2026-07-15 01:55:20,839 - DEBUG - Generated embedding for sector_8 in 0.017s
2026-07-15 01:55:20,880 - DEBUG - Generated embedding for sector_9 in 0.015s
2026-07-15 01:55:20,922 - DEBUG - Generated embedding for sector_10 in 0.016s
2026-07-15 01:55:20,962 - DEBUG - Generated embedding for sector_11 in 0.014s
2026-07-15 01:55:21,003 - DEBUG - Generated embedding for sector_12 in 0.016s
2026-07-15 01:55:21,044 - DEBUG - Generated embedding for sector_13 in 0.015s
2026-07-15 01:55:21,086 - DEBUG - Generated embedding for sector_14 in 0.014s
2026-07-15 01:55:21,124 - DEBUG - Generated embedding for sector_15 in 0.013s
2026-07-15 01:55:21,148 - INFO - Sectors: 15 indexed, 0 skipped.
2026-07-15 01:55:21,150 - INFO - Indexing Companies...
2026-07-15 01:55:21,204 - DEBUG - Generated embedding for company_1 in 0.045s
2026-07-15 01:55:21,258 - DEBUG - Generated embedding for company_2 in 0.023s
2026-07-15 01:55:21,302 - DEBUG - Generated embedding for company_3 in 0.016s
2026-07-15 01:55:21,351 - DEBUG - Generated embedding for company_4 in 0.020s
2026-07-15 01:55:21,398 - DEBUG - Generated embedding for company_5 in 0.020s
2026-07-15 01:55:21,451 - DEBUG - Generated embedding for company_6 in 0.019s
2026-07-15 01:55:21,502 - DEBUG - Generated embedding for company_7 in 0.018s
2026-07-15 01:55:21,555 - DEBUG - Generated embedding for company_8 in 0.022s
2026-07-15 01:55:21,605 - DEBUG - Generated embedding for company_9 in 0.018s
2026-07-15 01:55:21,664 - DEBUG - Generated embedding for company_10 in 0.028s
2026-07-15 01:55:21,732 - DEBUG - Generated embedding for company_11 in 0.035s
2026-07-15 01:55:21,806 - DEBUG - Generated embedding for company_12 in 0.035s
2026-07-15 01:55:21,871 - DEBUG - Generated embedding for company_13 in 0.023s
2026-07-15 01:55:21,932 - DEBUG - Generated embedding for company_14 in 0.025s
2026-07-15 01:55:22,001 - DEBUG - Generated embedding for company_15 in 0.033s
2026-07-15 01:55:22,059 - DEBUG - Generated embedding for company_16 in 0.024s
2026-07-15 01:55:22,117 - DEBUG - Generated embedding for company_17 in 0.024s
2026-07-15 01:55:22,169 - DEBUG - Generated embedding for company_18 in 0.022s
2026-07-15 01:55:22,222 - DEBUG - Generated embedding for company_19 in 0.023s
2026-07-15 01:55:22,272 - DEBUG - Generated embedding for company_20 in 0.021s
2026-07-15 01:55:22,318 - DEBUG - Generated embedding for company_21 in 0.017s
2026-07-15 01:55:22,361 - DEBUG - Generated embedding for company_22 in 0.016s
2026-07-15 01:55:22,408 - DEBUG - Generated embedding for company_23 in 0.017s
2026-07-15 01:55:22,457 - DEBUG - Generated embedding for company_24 in 0.021s
2026-07-15 01:55:22,502 - DEBUG - Generated embedding for company_25 in 0.017s
2026-07-15 01:55:22,549 - DEBUG - Generated embedding for company_26 in 0.019s
2026-07-15 01:55:22,596 - DEBUG - Generated embedding for company_27 in 0.019s
2026-07-15 01:55:22,639 - DEBUG - Generated embedding for company_28 in 0.015s
2026-07-15 01:55:22,680 - DEBUG - Generated embedding for company_29 in 0.015s
2026-07-15 01:55:22,724 - DEBUG - Generated embedding for company_30 in 0.018s
2026-07-15 01:55:22,767 - DEBUG - Generated embedding for company_31 in 0.014s
2026-07-15 01:55:22,814 - DEBUG - Generated embedding for company_32 in 0.019s
2026-07-15 01:55:22,867 - DEBUG - Generated embedding for company_33 in 0.022s
2026-07-15 01:55:22,913 - DEBUG - Generated embedding for company_34 in 0.017s
2026-07-15 01:55:22,961 - DEBUG - Generated embedding for company_35 in 0.019s
2026-07-15 01:55:23,012 - DEBUG - Generated embedding for company_36 in 0.021s
2026-07-15 01:55:23,060 - DEBUG - Generated embedding for company_37 in 0.018s
2026-07-15 01:55:23,108 - DEBUG - Generated embedding for company_38 in 0.020s
2026-07-15 01:55:23,152 - DEBUG - Generated embedding for company_39 in 0.017s
2026-07-15 01:55:23,199 - DEBUG - Generated embedding for company_40 in 0.018s
2026-07-15 01:55:23,243 - DEBUG - Generated embedding for company_41 in 0.018s
2026-07-15 01:55:23,287 - DEBUG - Generated embedding for company_42 in 0.016s
2026-07-15 01:55:23,336 - DEBUG - Generated embedding for company_43 in 0.020s
2026-07-15 01:55:23,383 - DEBUG - Generated embedding for company_44 in 0.017s
2026-07-15 01:55:23,430 - DEBUG - Generated embedding for company_45 in 0.017s
2026-07-15 01:55:23,474 - DEBUG - Generated embedding for company_46 in 0.016s
2026-07-15 01:55:23,520 - DEBUG - Generated embedding for company_47 in 0.017s
2026-07-15 01:55:23,568 - DEBUG - Generated embedding for company_48 in 0.019s
2026-07-15 01:55:23,617 - DEBUG - Generated embedding for company_49 in 0.019s
2026-07-15 01:55:23,659 - DEBUG - Generated embedding for company_50 in 0.014s
2026-07-15 01:55:23,710 - DEBUG - Generated embedding for company_51 in 0.021s
2026-07-15 01:55:23,754 - DEBUG - Generated embedding for company_52 in 0.017s
2026-07-15 01:55:23,798 - DEBUG - Generated embedding for company_53 in 0.016s
2026-07-15 01:55:23,848 - DEBUG - Generated embedding for company_54 in 0.021s
2026-07-15 01:55:23,893 - DEBUG - Generated embedding for company_55 in 0.015s
2026-07-15 01:55:23,940 - DEBUG - Generated embedding for company_56 in 0.018s
2026-07-15 01:55:23,988 - DEBUG - Generated embedding for company_57 in 0.019s
2026-07-15 01:55:24,037 - DEBUG - Generated embedding for company_58 in 0.019s
2026-07-15 01:55:24,087 - DEBUG - Generated embedding for company_59 in 0.020s
2026-07-15 01:55:24,136 - DEBUG - Generated embedding for company_60 in 0.019s
2026-07-15 01:55:24,184 - DEBUG - Generated embedding for company_61 in 0.020s
2026-07-15 01:55:24,234 - DEBUG - Generated embedding for company_62 in 0.019s
2026-07-15 01:55:24,287 - DEBUG - Generated embedding for company_63 in 0.025s
2026-07-15 01:55:24,334 - DEBUG - Generated embedding for company_64 in 0.017s
2026-07-15 01:55:24,383 - DEBUG - Generated embedding for company_65 in 0.019s
2026-07-15 01:55:24,429 - DEBUG - Generated embedding for company_66 in 0.017s
2026-07-15 01:55:24,475 - DEBUG - Generated embedding for company_67 in 0.017s
2026-07-15 01:55:24,526 - DEBUG - Generated embedding for company_68 in 0.019s
2026-07-15 01:55:24,573 - DEBUG - Generated embedding for company_69 in 0.016s
2026-07-15 01:55:24,623 - DEBUG - Generated embedding for company_70 in 0.019s
2026-07-15 01:55:24,668 - DEBUG - Generated embedding for company_71 in 0.016s
2026-07-15 01:55:24,718 - DEBUG - Generated embedding for company_72 in 0.020s
2026-07-15 01:55:24,765 - DEBUG - Generated embedding for company_73 in 0.017s
2026-07-15 01:55:24,817 - DEBUG - Generated embedding for company_74 in 0.020s
2026-07-15 01:55:24,886 - DEBUG - Generated embedding for company_75 in 0.034s
2026-07-15 01:55:24,957 - DEBUG - Generated embedding for company_76 in 0.026s
2026-07-15 01:55:25,016 - DEBUG - Generated embedding for company_77 in 0.022s
2026-07-15 01:55:25,065 - DEBUG - Generated embedding for company_78 in 0.017s
2026-07-15 01:55:25,118 - DEBUG - Generated embedding for company_79 in 0.022s
2026-07-15 01:55:25,173 - DEBUG - Generated embedding for company_80 in 0.020s
2026-07-15 01:55:25,224 - DEBUG - Generated embedding for company_81 in 0.019s
2026-07-15 01:55:25,275 - DEBUG - Generated embedding for company_82 in 0.019s
2026-07-15 01:55:25,328 - DEBUG - Generated embedding for company_83 in 0.021s
2026-07-15 01:55:25,382 - DEBUG - Generated embedding for company_84 in 0.020s
2026-07-15 01:55:25,435 - DEBUG - Generated embedding for company_85 in 0.021s
2026-07-15 01:55:25,489 - DEBUG - Generated embedding for company_86 in 0.022s
2026-07-15 01:55:25,544 - DEBUG - Generated embedding for company_87 in 0.021s
2026-07-15 01:55:25,600 - DEBUG - Generated embedding for company_88 in 0.021s
2026-07-15 01:55:25,654 - DEBUG - Generated embedding for company_89 in 0.021s
2026-07-15 01:55:25,704 - DEBUG - Generated embedding for company_90 in 0.018s
2026-07-15 01:55:25,749 - DEBUG - Generated embedding for company_91 in 0.015s
2026-07-15 01:55:25,794 - DEBUG - Generated embedding for company_92 in 0.017s
2026-07-15 01:55:25,842 - DEBUG - Generated embedding for company_93 in 0.017s
2026-07-15 01:55:25,889 - DEBUG - Generated embedding for company_94 in 0.017s
2026-07-15 01:55:25,937 - DEBUG - Generated embedding for company_95 in 0.017s
2026-07-15 01:55:25,990 - DEBUG - Generated embedding for company_96 in 0.016s
2026-07-15 01:55:26,046 - DEBUG - Generated embedding for company_97 in 0.025s
2026-07-15 01:55:26,103 - DEBUG - Generated embedding for company_98 in 0.022s
2026-07-15 01:55:26,164 - DEBUG - Generated embedding for company_99 in 0.024s
2026-07-15 01:55:26,215 - DEBUG - Generated embedding for company_100 in 0.018s
2026-07-15 01:55:26,268 - DEBUG - Generated embedding for company_101 in 0.020s
2026-07-15 01:55:26,316 - DEBUG - Generated embedding for company_102 in 0.018s
2026-07-15 01:55:26,362 - DEBUG - Generated embedding for company_103 in 0.016s
2026-07-15 01:55:26,418 - DEBUG - Generated embedding for company_104 in 0.022s
2026-07-15 01:55:26,469 - DEBUG - Generated embedding for company_105 in 0.017s
2026-07-15 01:55:26,521 - DEBUG - Generated embedding for company_106 in 0.018s
2026-07-15 01:55:26,573 - DEBUG - Generated embedding for company_107 in 0.022s
2026-07-15 01:55:26,624 - DEBUG - Generated embedding for company_108 in 0.019s
2026-07-15 01:55:26,678 - DEBUG - Generated embedding for company_109 in 0.020s
2026-07-15 01:55:26,738 - DEBUG - Generated embedding for company_110 in 0.022s
2026-07-15 01:55:26,790 - DEBUG - Generated embedding for company_111 in 0.018s
2026-07-15 01:55:26,838 - DEBUG - Generated embedding for company_112 in 0.017s
2026-07-15 01:55:26,887 - DEBUG - Generated embedding for company_113 in 0.016s
2026-07-15 01:55:26,916 - INFO - Companies: 113 indexed, 0 skipped.
2026-07-15 01:55:26,917 - INFO - Indexing Problems...
2026-07-15 01:55:26,953 - DEBUG - Generated embedding for problem_1 in 0.032s
2026-07-15 01:55:27,003 - DEBUG - Generated embedding for problem_2 in 0.017s
2026-07-15 01:55:27,045 - DEBUG - Generated embedding for problem_3 in 0.013s
2026-07-15 01:55:27,088 - DEBUG - Generated embedding for problem_4 in 0.013s
2026-07-15 01:55:27,130 - DEBUG - Generated embedding for problem_5 in 0.014s
2026-07-15 01:55:27,176 - DEBUG - Generated embedding for problem_6 in 0.013s
2026-07-15 01:55:27,226 - DEBUG - Generated embedding for problem_7 in 0.018s
2026-07-15 01:55:27,278 - DEBUG - Generated embedding for problem_8 in 0.016s
2026-07-15 01:55:27,331 - DEBUG - Generated embedding for problem_9 in 0.018s
2026-07-15 01:55:27,383 - DEBUG - Generated embedding for problem_10 in 0.018s
2026-07-15 01:55:27,440 - DEBUG - Generated embedding for problem_11 in 0.018s
2026-07-15 01:55:27,471 - INFO - Problems: 11 indexed, 0 skipped.
2026-07-15 01:55:27,471 - INFO - Indexing process finished in 32.17s
2026-07-15 21:29:05,508 - INFO - Indexing Sectors...
2026-07-15 21:29:05,529 - DEBUG - Skipping sector_1: Hash unchanged.
2026-07-15 21:29:29,326 - DEBUG - Generated embedding for sector_2 in 23.798s
2026-07-15 21:29:29,417 - DEBUG - Skipping sector_3: Hash unchanged.
2026-07-15 21:29:29,418 - DEBUG - Skipping sector_4: Hash unchanged.
2026-07-15 21:29:29,420 - DEBUG - Skipping sector_5: Hash unchanged.
2026-07-15 21:29:29,421 - DEBUG - Skipping sector_6: Hash unchanged.
2026-07-15 21:29:29,423 - DEBUG - Skipping sector_7: Hash unchanged.
2026-07-15 21:29:29,424 - DEBUG - Skipping sector_8: Hash unchanged.
2026-07-15 21:29:29,426 - DEBUG - Skipping sector_9: Hash unchanged.
2026-07-15 21:29:29,427 - DEBUG - Skipping sector_10: Hash unchanged.
2026-07-15 21:29:29,428 - DEBUG - Skipping sector_11: Hash unchanged.
2026-07-15 21:29:29,429 - DEBUG - Skipping sector_12: Hash unchanged.
2026-07-15 21:29:29,431 - DEBUG - Skipping sector_13: Hash unchanged.
2026-07-15 21:29:29,432 - DEBUG - Skipping sector_14: Hash unchanged.
2026-07-15 21:29:29,433 - DEBUG - Skipping sector_15: Hash unchanged.
2026-07-15 21:29:29,434 - INFO - Sectors: 1 indexed, 14 skipped.
2026-07-15 21:29:29,434 - INFO - Indexing Companies...
2026-07-15 21:29:29,442 - DEBUG - Skipping company_1: Hash unchanged.
2026-07-15 21:29:29,470 - DEBUG - Generated embedding for company_2 in 0.028s
2026-07-15 21:29:29,500 - DEBUG - Skipping company_3: Hash unchanged.
2026-07-15 21:29:29,501 - DEBUG - Skipping company_4: Hash unchanged.
2026-07-15 21:29:29,503 - DEBUG - Skipping company_5: Hash unchanged.
2026-07-15 21:29:29,504 - DEBUG - Skipping company_6: Hash unchanged.
2026-07-15 21:29:29,505 - DEBUG - Skipping company_7: Hash unchanged.
2026-07-15 21:29:29,506 - DEBUG - Skipping company_8: Hash unchanged.
2026-07-15 21:29:29,508 - DEBUG - Skipping company_9: Hash unchanged.
2026-07-15 21:29:29,509 - DEBUG - Skipping company_10: Hash unchanged.
2026-07-15 21:29:29,511 - DEBUG - Skipping company_11: Hash unchanged.
2026-07-15 21:29:29,512 - DEBUG - Skipping company_12: Hash unchanged.
2026-07-15 21:29:29,513 - DEBUG - Skipping company_13: Hash unchanged.
2026-07-15 21:29:29,514 - DEBUG - Skipping company_14: Hash unchanged.
2026-07-15 21:29:29,516 - DEBUG - Skipping company_15: Hash unchanged.
2026-07-15 21:29:29,517 - DEBUG - Skipping company_16: Hash unchanged.
2026-07-15 21:29:29,518 - DEBUG - Skipping company_17: Hash unchanged.
2026-07-15 21:29:29,519 - DEBUG - Skipping company_18: Hash unchanged.
2026-07-15 21:29:29,521 - DEBUG - Skipping company_19: Hash unchanged.
2026-07-15 21:29:29,522 - DEBUG - Skipping company_20: Hash unchanged.
2026-07-15 21:29:29,524 - DEBUG - Skipping company_21: Hash unchanged.
2026-07-15 21:29:29,525 - DEBUG - Skipping company_22: Hash unchanged.
2026-07-15 21:29:29,527 - DEBUG - Skipping company_23: Hash unchanged.
2026-07-15 21:29:29,528 - DEBUG - Skipping company_24: Hash unchanged.
2026-07-15 21:29:29,529 - DEBUG - Skipping company_25: Hash unchanged.
2026-07-15 21:29:29,530 - DEBUG - Skipping company_26: Hash unchanged.
2026-07-15 21:29:29,531 - DEBUG - Skipping company_27: Hash unchanged.
2026-07-15 21:29:29,532 - DEBUG - Skipping company_28: Hash unchanged.
2026-07-15 21:29:29,533 - DEBUG - Skipping company_29: Hash unchanged.
2026-07-15 21:29:29,534 - DEBUG - Skipping company_30: Hash unchanged.
2026-07-15 21:29:29,536 - DEBUG - Skipping company_31: Hash unchanged.
2026-07-15 21:29:29,537 - DEBUG - Skipping company_32: Hash unchanged.
2026-07-15 21:29:29,539 - DEBUG - Skipping company_33: Hash unchanged.
2026-07-15 21:29:29,540 - DEBUG - Skipping company_34: Hash unchanged.
2026-07-15 21:29:29,542 - DEBUG - Skipping company_35: Hash unchanged.
2026-07-15 21:29:29,543 - DEBUG - Skipping company_36: Hash unchanged.
2026-07-15 21:29:29,544 - DEBUG - Skipping company_37: Hash unchanged.
2026-07-15 21:29:29,546 - DEBUG - Skipping company_38: Hash unchanged.
2026-07-15 21:29:29,547 - DEBUG - Skipping company_39: Hash unchanged.
2026-07-15 21:29:29,548 - DEBUG - Skipping company_40: Hash unchanged.
2026-07-15 21:29:29,550 - DEBUG - Skipping company_41: Hash unchanged.
2026-07-15 21:29:29,551 - DEBUG - Skipping company_42: Hash unchanged.
2026-07-15 21:29:29,553 - DEBUG - Skipping company_43: Hash unchanged.
2026-07-15 21:29:29,554 - DEBUG - Skipping company_44: Hash unchanged.
2026-07-15 21:29:29,556 - DEBUG - Skipping company_45: Hash unchanged.
2026-07-15 21:29:29,557 - DEBUG - Skipping company_46: Hash unchanged.
2026-07-15 21:29:29,559 - DEBUG - Skipping company_47: Hash unchanged.
2026-07-15 21:29:29,560 - DEBUG - Skipping company_48: Hash unchanged.
2026-07-15 21:29:29,561 - DEBUG - Skipping company_49: Hash unchanged.
2026-07-15 21:29:29,562 - DEBUG - Skipping company_50: Hash unchanged.
2026-07-15 21:29:29,564 - DEBUG - Skipping company_51: Hash unchanged.
2026-07-15 21:29:29,565 - DEBUG - Skipping company_52: Hash unchanged.
2026-07-15 21:29:29,566 - DEBUG - Skipping company_53: Hash unchanged.
2026-07-15 21:29:29,567 - DEBUG - Skipping company_54: Hash unchanged.
2026-07-15 21:29:29,568 - DEBUG - Skipping company_55: Hash unchanged.
2026-07-15 21:29:29,569 - DEBUG - Skipping company_56: Hash unchanged.
2026-07-15 21:29:29,570 - DEBUG - Skipping company_57: Hash unchanged.
2026-07-15 21:29:29,571 - DEBUG - Skipping company_58: Hash unchanged.
2026-07-15 21:29:29,572 - DEBUG - Skipping company_59: Hash unchanged.
2026-07-15 21:29:29,573 - DEBUG - Skipping company_60: Hash unchanged.
2026-07-15 21:29:29,574 - DEBUG - Skipping company_61: Hash unchanged.
2026-07-15 21:29:29,575 - DEBUG - Skipping company_62: Hash unchanged.
2026-07-15 21:29:29,576 - DEBUG - Skipping company_63: Hash unchanged.
2026-07-15 21:29:29,577 - DEBUG - Skipping company_64: Hash unchanged.
2026-07-15 21:29:29,578 - DEBUG - Skipping company_65: Hash unchanged.
2026-07-15 21:29:29,579 - DEBUG - Skipping company_66: Hash unchanged.
2026-07-15 21:29:29,580 - DEBUG - Skipping company_67: Hash unchanged.
2026-07-15 21:29:29,581 - DEBUG - Skipping company_68: Hash unchanged.
2026-07-15 21:29:29,582 - DEBUG - Skipping company_69: Hash unchanged.
2026-07-15 21:29:29,583 - DEBUG - Skipping company_70: Hash unchanged.
2026-07-15 21:29:29,584 - DEBUG - Skipping company_71: Hash unchanged.
2026-07-15 21:29:29,585 - DEBUG - Skipping company_72: Hash unchanged.
2026-07-15 21:29:29,586 - DEBUG - Skipping company_73: Hash unchanged.
2026-07-15 21:29:29,587 - DEBUG - Skipping company_74: Hash unchanged.
2026-07-15 21:29:29,589 - DEBUG - Skipping company_75: Hash unchanged.
2026-07-15 21:29:29,590 - DEBUG - Skipping company_76: Hash unchanged.
2026-07-15 21:29:29,591 - DEBUG - Skipping company_77: Hash unchanged.
2026-07-15 21:29:29,592 - DEBUG - Skipping company_78: Hash unchanged.
2026-07-15 21:29:29,593 - DEBUG - Skipping company_79: Hash unchanged.
2026-07-15 21:29:29,594 - DEBUG - Skipping company_80: Hash unchanged.
2026-07-15 21:29:29,595 - DEBUG - Skipping company_81: Hash unchanged.
2026-07-15 21:29:29,596 - DEBUG - Skipping company_82: Hash unchanged.
2026-07-15 21:29:29,597 - DEBUG - Skipping company_83: Hash unchanged.
2026-07-15 21:29:29,598 - DEBUG - Skipping company_84: Hash unchanged.
2026-07-15 21:29:29,599 - DEBUG - Skipping company_85: Hash unchanged.
2026-07-15 21:29:29,600 - DEBUG - Skipping company_86: Hash unchanged.
2026-07-15 21:29:29,602 - DEBUG - Skipping company_87: Hash unchanged.
2026-07-15 21:29:29,603 - DEBUG - Skipping company_88: Hash unchanged.
2026-07-15 21:29:29,604 - DEBUG - Skipping company_89: Hash unchanged.
2026-07-15 21:29:29,605 - DEBUG - Skipping company_90: Hash unchanged.
2026-07-15 21:29:29,606 - DEBUG - Skipping company_91: Hash unchanged.
2026-07-15 21:29:29,607 - DEBUG - Skipping company_92: Hash unchanged.
2026-07-15 21:29:29,608 - DEBUG - Skipping company_93: Hash unchanged.
2026-07-15 21:29:29,609 - DEBUG - Skipping company_94: Hash unchanged.
2026-07-15 21:29:29,610 - DEBUG - Skipping company_95: Hash unchanged.
2026-07-15 21:29:29,611 - DEBUG - Skipping company_96: Hash unchanged.
2026-07-15 21:29:29,612 - DEBUG - Skipping company_97: Hash unchanged.
2026-07-15 21:29:29,613 - DEBUG - Skipping company_98: Hash unchanged.
2026-07-15 21:29:29,614 - DEBUG - Skipping company_99: Hash unchanged.
2026-07-15 21:29:29,615 - DEBUG - Skipping company_100: Hash unchanged.
2026-07-15 21:29:29,616 - DEBUG - Skipping company_101: Hash unchanged.
2026-07-15 21:29:29,617 - DEBUG - Skipping company_102: Hash unchanged.
2026-07-15 21:29:29,618 - DEBUG - Skipping company_103: Hash unchanged.
2026-07-15 21:29:29,619 - DEBUG - Skipping company_104: Hash unchanged.
2026-07-15 21:29:29,620 - DEBUG - Skipping company_105: Hash unchanged.
2026-07-15 21:29:29,621 - DEBUG - Skipping company_106: Hash unchanged.
2026-07-15 21:29:29,623 - DEBUG - Skipping company_107: Hash unchanged.
2026-07-15 21:29:29,624 - DEBUG - Skipping company_108: Hash unchanged.
2026-07-15 21:29:29,625 - DEBUG - Skipping company_109: Hash unchanged.
2026-07-15 21:29:29,626 - DEBUG - Skipping company_110: Hash unchanged.
2026-07-15 21:29:29,627 - DEBUG - Skipping company_111: Hash unchanged.
2026-07-15 21:29:29,628 - DEBUG - Skipping company_112: Hash unchanged.
2026-07-15 21:29:29,629 - DEBUG - Skipping company_113: Hash unchanged.
2026-07-15 21:29:29,642 - DEBUG - Generated embedding for company_114 in 0.012s
2026-07-15 21:29:29,680 - DEBUG - Generated embedding for company_115 in 0.012s
2026-07-15 21:29:29,719 - DEBUG - Generated embedding for company_116 in 0.013s
2026-07-15 21:29:29,757 - DEBUG - Generated embedding for company_117 in 0.014s
2026-07-15 21:29:29,791 - DEBUG - Generated embedding for company_118 in 0.011s
2026-07-15 21:29:29,825 - DEBUG - Generated embedding for company_119 in 0.011s
2026-07-15 21:29:29,858 - DEBUG - Generated embedding for company_120 in 0.010s
2026-07-15 21:29:29,896 - DEBUG - Generated embedding for company_121 in 0.012s
2026-07-15 21:29:29,936 - DEBUG - Generated embedding for company_122 in 0.014s
2026-07-15 21:29:29,976 - DEBUG - Generated embedding for company_123 in 0.014s
2026-07-15 21:29:30,000 - INFO - Companies: 11 indexed, 112 skipped.
2026-07-15 21:29:30,001 - INFO - Indexing Problems...
2026-07-15 21:29:30,031 - DEBUG - Generated embedding for problem_1 in 0.026s
2026-07-15 21:29:30,088 - DEBUG - Skipping problem_2: Hash unchanged.
2026-07-15 21:29:30,090 - DEBUG - Skipping problem_3: Hash unchanged.
2026-07-15 21:29:30,092 - DEBUG - Skipping problem_4: Hash unchanged.
2026-07-15 21:29:30,094 - DEBUG - Skipping problem_5: Hash unchanged.
2026-07-15 21:29:30,095 - DEBUG - Skipping problem_6: Hash unchanged.
2026-07-15 21:29:30,097 - DEBUG - Skipping problem_7: Hash unchanged.
2026-07-15 21:29:30,099 - DEBUG - Skipping problem_8: Hash unchanged.
2026-07-15 21:29:30,101 - DEBUG - Skipping problem_9: Hash unchanged.
2026-07-15 21:29:30,102 - DEBUG - Skipping problem_10: Hash unchanged.
2026-07-15 21:29:30,104 - DEBUG - Skipping problem_11: Hash unchanged.
2026-07-15 21:29:30,132 - DEBUG - Generated embedding for problem_12 in 0.026s
2026-07-15 21:29:30,176 - DEBUG - Generated embedding for problem_13 in 0.011s
2026-07-15 21:29:30,209 - DEBUG - Generated embedding for problem_14 in 0.010s
2026-07-15 21:29:30,240 - DEBUG - Generated embedding for problem_15 in 0.010s
2026-07-15 21:29:30,273 - DEBUG - Generated embedding for problem_16 in 0.010s
2026-07-15 21:29:30,305 - DEBUG - Generated embedding for problem_17 in 0.011s
2026-07-15 21:29:30,335 - DEBUG - Generated embedding for problem_18 in 0.009s
2026-07-15 21:29:30,367 - DEBUG - Generated embedding for problem_19 in 0.011s
2026-07-15 21:29:30,399 - DEBUG - Generated embedding for problem_20 in 0.009s
2026-07-15 21:29:30,441 - DEBUG - Generated embedding for problem_21 in 0.010s
2026-07-15 21:29:30,473 - DEBUG - Generated embedding for problem_22 in 0.010s
2026-07-15 21:29:30,507 - DEBUG - Generated embedding for problem_23 in 0.011s
2026-07-15 21:29:30,538 - DEBUG - Generated embedding for problem_24 in 0.009s
2026-07-15 21:29:30,567 - DEBUG - Generated embedding for problem_25 in 0.006s
2026-07-15 21:29:30,598 - DEBUG - Generated embedding for problem_26 in 0.016s
2026-07-15 21:29:30,630 - DEBUG - Generated embedding for problem_27 in 0.016s
2026-07-15 21:29:30,669 - DEBUG - Generated embedding for problem_28 in 0.016s
2026-07-15 21:29:30,718 - DEBUG - Generated embedding for problem_29 in 0.031s
2026-07-15 21:29:30,749 - DEBUG - Generated embedding for problem_30 in 0.016s
2026-07-15 21:29:30,787 - DEBUG - Generated embedding for problem_31 in 0.000s
2026-07-15 21:29:30,846 - DEBUG - Generated embedding for problem_32 in 0.014s
2026-07-15 21:29:30,884 - DEBUG - Generated embedding for problem_33 in 0.012s
2026-07-15 21:29:30,922 - DEBUG - Generated embedding for problem_34 in 0.013s
2026-07-15 21:29:30,957 - DEBUG - Generated embedding for problem_35 in 0.012s
2026-07-15 21:29:30,996 - DEBUG - Generated embedding for problem_36 in 0.012s
2026-07-15 21:29:31,035 - DEBUG - Generated embedding for problem_37 in 0.011s
2026-07-15 21:29:31,072 - DEBUG - Generated embedding for problem_38 in 0.010s
2026-07-15 21:29:31,099 - DEBUG - Generated embedding for problem_39 in 0.002s
2026-07-15 21:29:31,146 - DEBUG - Generated embedding for problem_40 in 0.016s
2026-07-15 21:29:31,183 - DEBUG - Generated embedding for problem_41 in 0.012s
2026-07-15 21:29:31,210 - DEBUG - Generated embedding for problem_42 in 0.000s
2026-07-15 21:29:31,256 - DEBUG - Generated embedding for problem_43 in 0.016s
2026-07-15 21:29:31,303 - DEBUG - Generated embedding for problem_44 in 0.011s
2026-07-15 21:29:31,335 - DEBUG - Generated embedding for problem_45 in 0.016s
2026-07-15 21:29:31,382 - DEBUG - Generated embedding for problem_46 in 0.017s
2026-07-15 21:29:31,423 - DEBUG - Generated embedding for problem_47 in 0.025s
2026-07-15 21:29:31,458 - DEBUG - Generated embedding for problem_48 in 0.016s
2026-07-15 21:29:31,505 - DEBUG - Generated embedding for problem_49 in 0.016s
2026-07-15 21:29:31,551 - DEBUG - Generated embedding for problem_50 in 0.016s
2026-07-15 21:29:31,583 - DEBUG - Generated embedding for problem_51 in 0.016s
2026-07-15 21:29:31,633 - DEBUG - Generated embedding for problem_52 in 0.012s
2026-07-15 21:29:31,673 - DEBUG - Generated embedding for problem_53 in 0.012s
2026-07-15 21:29:31,718 - DEBUG - Generated embedding for problem_54 in 0.014s
2026-07-15 21:29:31,751 - DEBUG - Generated embedding for problem_55 in 0.016s
2026-07-15 21:29:31,798 - DEBUG - Generated embedding for problem_56 in 0.016s
2026-07-15 21:29:31,856 - DEBUG - Generated embedding for problem_57 in 0.016s
2026-07-15 21:29:31,888 - DEBUG - Generated embedding for problem_58 in 0.000s
2026-07-15 21:29:31,933 - DEBUG - Generated embedding for problem_59 in 0.016s
2026-07-15 21:29:31,994 - DEBUG - Generated embedding for problem_60 in 0.017s
2026-07-15 21:29:32,039 - DEBUG - Generated embedding for problem_61 in 0.013s
2026-07-15 21:29:32,083 - DEBUG - Generated embedding for problem_62 in 0.011s
2026-07-15 21:29:32,119 - DEBUG - Generated embedding for problem_63 in 0.016s
2026-07-15 21:29:32,166 - DEBUG - Generated embedding for problem_64 in 0.011s
2026-07-15 21:29:32,194 - DEBUG - Generated embedding for problem_65 in 0.000s
2026-07-15 21:29:32,237 - DEBUG - Generated embedding for problem_66 in 0.003s
2026-07-15 21:29:32,284 - DEBUG - Generated embedding for problem_67 in 0.016s
2026-07-15 21:29:32,315 - DEBUG - Generated embedding for problem_68 in 0.000s
2026-07-15 21:29:32,362 - DEBUG - Generated embedding for problem_69 in 0.016s
2026-07-15 21:29:32,410 - DEBUG - Generated embedding for problem_70 in 0.016s
2026-07-15 21:29:32,441 - DEBUG - Generated embedding for problem_71 in 0.016s
2026-07-15 21:29:32,488 - DEBUG - Generated embedding for problem_72 in 0.016s
2026-07-15 21:29:32,521 - DEBUG - Generated embedding for problem_73 in 0.016s
2026-07-15 21:29:32,568 - DEBUG - Generated embedding for problem_74 in 0.012s
2026-07-15 21:29:32,613 - DEBUG - Generated embedding for problem_75 in 0.014s
2026-07-15 21:29:32,653 - DEBUG - Generated embedding for problem_76 in 0.011s
2026-07-15 21:29:32,696 - DEBUG - Generated embedding for problem_77 in 0.012s
2026-07-15 21:29:32,736 - DEBUG - Generated embedding for problem_78 in 0.012s
2026-07-15 21:29:32,795 - DEBUG - Generated embedding for problem_79 in 0.024s
2026-07-15 21:29:32,849 - DEBUG - Generated embedding for problem_80 in 0.018s
2026-07-15 21:29:32,902 - DEBUG - Generated embedding for problem_81 in 0.017s
2026-07-15 21:29:32,957 - DEBUG - Generated embedding for problem_82 in 0.018s
2026-07-15 21:29:32,992 - INFO - Problems: 72 indexed, 10 skipped.
2026-07-15 21:29:32,992 - INFO - Indexing process finished in 27.48s
2026-07-15 22:16:41,023 - INFO - Indexing Sectors...
2026-07-15 22:16:41,044 - DEBUG - Skipping sector_1: Hash unchanged.
2026-07-15 22:16:41,045 - DEBUG - Skipping sector_2: Hash unchanged.
2026-07-15 22:17:34,299 - DEBUG - Generated embedding for sector_3 in 53.253s
2026-07-15 22:17:34,410 - DEBUG - Skipping sector_4: Hash unchanged.
2026-07-15 22:17:34,413 - DEBUG - Skipping sector_5: Hash unchanged.
2026-07-15 22:17:34,414 - DEBUG - Skipping sector_6: Hash unchanged.
2026-07-15 22:17:34,416 - DEBUG - Skipping sector_7: Hash unchanged.
2026-07-15 22:17:34,418 - DEBUG - Skipping sector_8: Hash unchanged.
2026-07-15 22:17:34,419 - DEBUG - Skipping sector_9: Hash unchanged.
2026-07-15 22:17:34,420 - DEBUG - Skipping sector_10: Hash unchanged.
2026-07-15 22:17:34,421 - DEBUG - Skipping sector_11: Hash unchanged.
2026-07-15 22:17:34,422 - DEBUG - Skipping sector_12: Hash unchanged.
2026-07-15 22:17:34,424 - DEBUG - Skipping sector_13: Hash unchanged.
2026-07-15 22:17:34,425 - DEBUG - Skipping sector_14: Hash unchanged.
2026-07-15 22:17:34,426 - DEBUG - Skipping sector_15: Hash unchanged.
2026-07-15 22:17:34,427 - INFO - Sectors: 1 indexed, 14 skipped.
2026-07-15 22:17:34,427 - INFO - Indexing Companies...
2026-07-15 22:17:34,436 - DEBUG - Skipping company_1: Hash unchanged.
2026-07-15 22:17:34,438 - DEBUG - Skipping company_2: Hash unchanged.
2026-07-15 22:17:34,474 - DEBUG - Generated embedding for company_3 in 0.036s
2026-07-15 22:17:34,515 - DEBUG - Skipping company_4: Hash unchanged.
2026-07-15 22:17:34,517 - DEBUG - Skipping company_5: Hash unchanged.
2026-07-15 22:17:34,519 - DEBUG - Skipping company_6: Hash unchanged.
2026-07-15 22:17:34,520 - DEBUG - Skipping company_7: Hash unchanged.
2026-07-15 22:17:34,522 - DEBUG - Skipping company_8: Hash unchanged.
2026-07-15 22:17:34,524 - DEBUG - Skipping company_9: Hash unchanged.
2026-07-15 22:17:34,525 - DEBUG - Skipping company_10: Hash unchanged.
2026-07-15 22:17:34,526 - DEBUG - Skipping company_11: Hash unchanged.
2026-07-15 22:17:34,529 - DEBUG - Skipping company_12: Hash unchanged.
2026-07-15 22:17:34,531 - DEBUG - Skipping company_13: Hash unchanged.
2026-07-15 22:17:34,533 - DEBUG - Skipping company_14: Hash unchanged.
2026-07-15 22:17:34,535 - DEBUG - Skipping company_15: Hash unchanged.
2026-07-15 22:17:34,537 - DEBUG - Skipping company_16: Hash unchanged.
2026-07-15 22:17:34,539 - DEBUG - Skipping company_17: Hash unchanged.
2026-07-15 22:17:34,541 - DEBUG - Skipping company_18: Hash unchanged.
2026-07-15 22:17:34,543 - DEBUG - Skipping company_19: Hash unchanged.
2026-07-15 22:17:34,547 - DEBUG - Skipping company_20: Hash unchanged.
2026-07-15 22:17:34,549 - DEBUG - Skipping company_21: Hash unchanged.
2026-07-15 22:17:34,551 - DEBUG - Skipping company_22: Hash unchanged.
2026-07-15 22:17:34,553 - DEBUG - Skipping company_23: Hash unchanged.
2026-07-15 22:17:34,554 - DEBUG - Skipping company_24: Hash unchanged.
2026-07-15 22:17:34,556 - DEBUG - Skipping company_25: Hash unchanged.
2026-07-15 22:17:34,557 - DEBUG - Skipping company_26: Hash unchanged.
2026-07-15 22:17:34,558 - DEBUG - Skipping company_27: Hash unchanged.
2026-07-15 22:17:34,559 - DEBUG - Skipping company_28: Hash unchanged.
2026-07-15 22:17:34,560 - DEBUG - Skipping company_29: Hash unchanged.
2026-07-15 22:17:34,563 - DEBUG - Skipping company_30: Hash unchanged.
2026-07-15 22:17:34,566 - DEBUG - Skipping company_31: Hash unchanged.
2026-07-15 22:17:34,568 - DEBUG - Skipping company_32: Hash unchanged.
2026-07-15 22:17:34,569 - DEBUG - Skipping company_33: Hash unchanged.
2026-07-15 22:17:34,571 - DEBUG - Skipping company_34: Hash unchanged.
2026-07-15 22:17:34,573 - DEBUG - Skipping company_35: Hash unchanged.
2026-07-15 22:17:34,575 - DEBUG - Skipping company_36: Hash unchanged.
2026-07-15 22:17:34,576 - DEBUG - Skipping company_37: Hash unchanged.
2026-07-15 22:17:34,577 - DEBUG - Skipping company_38: Hash unchanged.
2026-07-15 22:17:34,581 - DEBUG - Skipping company_39: Hash unchanged.
2026-07-15 22:17:34,583 - DEBUG - Skipping company_40: Hash unchanged.
2026-07-15 22:17:34,585 - DEBUG - Skipping company_41: Hash unchanged.
2026-07-15 22:17:34,587 - DEBUG - Skipping company_42: Hash unchanged.
2026-07-15 22:17:34,588 - DEBUG - Skipping company_43: Hash unchanged.
2026-07-15 22:17:34,590 - DEBUG - Skipping company_44: Hash unchanged.
2026-07-15 22:17:34,591 - DEBUG - Skipping company_45: Hash unchanged.
2026-07-15 22:17:34,592 - DEBUG - Skipping company_46: Hash unchanged.
2026-07-15 22:17:34,594 - DEBUG - Skipping company_47: Hash unchanged.
2026-07-15 22:17:34,597 - DEBUG - Skipping company_48: Hash unchanged.
2026-07-15 22:17:34,599 - DEBUG - Skipping company_49: Hash unchanged.
2026-07-15 22:17:34,600 - DEBUG - Skipping company_50: Hash unchanged.
2026-07-15 22:17:34,601 - DEBUG - Skipping company_51: Hash unchanged.
2026-07-15 22:17:34,603 - DEBUG - Skipping company_52: Hash unchanged.
2026-07-15 22:17:34,604 - DEBUG - Skipping company_53: Hash unchanged.
2026-07-15 22:17:34,606 - DEBUG - Skipping company_54: Hash unchanged.
2026-07-15 22:17:34,607 - DEBUG - Skipping company_55: Hash unchanged.
2026-07-15 22:17:34,609 - DEBUG - Skipping company_56: Hash unchanged.
2026-07-15 22:17:34,610 - DEBUG - Skipping company_57: Hash unchanged.
2026-07-15 22:17:34,613 - DEBUG - Skipping company_58: Hash unchanged.
2026-07-15 22:17:34,615 - DEBUG - Skipping company_59: Hash unchanged.
2026-07-15 22:17:34,617 - DEBUG - Skipping company_60: Hash unchanged.
2026-07-15 22:17:34,618 - DEBUG - Skipping company_61: Hash unchanged.
2026-07-15 22:17:34,619 - DEBUG - Skipping company_62: Hash unchanged.
2026-07-15 22:17:34,621 - DEBUG - Skipping company_63: Hash unchanged.
2026-07-15 22:17:34,622 - DEBUG - Skipping company_64: Hash unchanged.
2026-07-15 22:17:34,623 - DEBUG - Skipping company_65: Hash unchanged.
2026-07-15 22:17:34,624 - DEBUG - Skipping company_66: Hash unchanged.
2026-07-15 22:17:34,626 - DEBUG - Skipping company_67: Hash unchanged.
2026-07-15 22:17:34,627 - DEBUG - Skipping company_68: Hash unchanged.
2026-07-15 22:17:34,630 - DEBUG - Skipping company_69: Hash unchanged.
2026-07-15 22:17:34,632 - DEBUG - Skipping company_70: Hash unchanged.
2026-07-15 22:17:34,634 - DEBUG - Skipping company_71: Hash unchanged.
2026-07-15 22:17:34,635 - DEBUG - Skipping company_72: Hash unchanged.
2026-07-15 22:17:34,637 - DEBUG - Skipping company_73: Hash unchanged.
2026-07-15 22:17:34,638 - DEBUG - Skipping company_74: Hash unchanged.
2026-07-15 22:17:34,640 - DEBUG - Skipping company_75: Hash unchanged.
2026-07-15 22:17:34,641 - DEBUG - Skipping company_76: Hash unchanged.
2026-07-15 22:17:34,643 - DEBUG - Skipping company_77: Hash unchanged.
2026-07-15 22:17:34,644 - DEBUG - Skipping company_78: Hash unchanged.
2026-07-15 22:17:34,648 - DEBUG - Skipping company_79: Hash unchanged.
2026-07-15 22:17:34,649 - DEBUG - Skipping company_80: Hash unchanged.
2026-07-15 22:17:34,651 - DEBUG - Skipping company_81: Hash unchanged.
2026-07-15 22:17:34,652 - DEBUG - Skipping company_82: Hash unchanged.
2026-07-15 22:17:34,653 - DEBUG - Skipping company_83: Hash unchanged.
2026-07-15 22:17:34,655 - DEBUG - Skipping company_84: Hash unchanged.
2026-07-15 22:17:34,657 - DEBUG - Skipping company_85: Hash unchanged.
2026-07-15 22:17:34,658 - DEBUG - Skipping company_86: Hash unchanged.
2026-07-15 22:17:34,659 - DEBUG - Skipping company_87: Hash unchanged.
2026-07-15 22:17:34,661 - DEBUG - Skipping company_88: Hash unchanged.
2026-07-15 22:17:34,664 - DEBUG - Skipping company_89: Hash unchanged.
2026-07-15 22:17:34,666 - DEBUG - Skipping company_90: Hash unchanged.
2026-07-15 22:17:34,667 - DEBUG - Skipping company_91: Hash unchanged.
2026-07-15 22:17:34,669 - DEBUG - Skipping company_92: Hash unchanged.
2026-07-15 22:17:34,670 - DEBUG - Skipping company_93: Hash unchanged.
2026-07-15 22:17:34,671 - DEBUG - Skipping company_94: Hash unchanged.
2026-07-15 22:17:34,673 - DEBUG - Skipping company_95: Hash unchanged.
2026-07-15 22:17:34,674 - DEBUG - Skipping company_96: Hash unchanged.
2026-07-15 22:17:34,675 - DEBUG - Skipping company_97: Hash unchanged.
2026-07-15 22:17:34,677 - DEBUG - Skipping company_98: Hash unchanged.
2026-07-15 22:17:34,680 - DEBUG - Skipping company_99: Hash unchanged.
2026-07-15 22:17:34,682 - DEBUG - Skipping company_100: Hash unchanged.
2026-07-15 22:17:34,683 - DEBUG - Skipping company_101: Hash unchanged.
2026-07-15 22:17:34,684 - DEBUG - Skipping company_102: Hash unchanged.
2026-07-15 22:17:34,685 - DEBUG - Skipping company_103: Hash unchanged.
2026-07-15 22:17:34,686 - DEBUG - Skipping company_104: Hash unchanged.
2026-07-15 22:17:34,688 - DEBUG - Skipping company_105: Hash unchanged.
2026-07-15 22:17:34,689 - DEBUG - Skipping company_106: Hash unchanged.
2026-07-15 22:17:34,690 - DEBUG - Skipping company_107: Hash unchanged.
2026-07-15 22:17:34,691 - DEBUG - Skipping company_108: Hash unchanged.
2026-07-15 22:17:34,692 - DEBUG - Skipping company_109: Hash unchanged.
2026-07-15 22:17:34,693 - DEBUG - Skipping company_110: Hash unchanged.
2026-07-15 22:17:34,696 - DEBUG - Skipping company_111: Hash unchanged.
2026-07-15 22:17:34,697 - DEBUG - Skipping company_112: Hash unchanged.
2026-07-15 22:17:34,699 - DEBUG - Skipping company_113: Hash unchanged.
2026-07-15 22:17:34,700 - DEBUG - Skipping company_114: Hash unchanged.
2026-07-15 22:17:34,701 - DEBUG - Skipping company_115: Hash unchanged.
2026-07-15 22:17:34,702 - DEBUG - Skipping company_116: Hash unchanged.
2026-07-15 22:17:34,704 - DEBUG - Skipping company_117: Hash unchanged.
2026-07-15 22:17:34,705 - DEBUG - Skipping company_118: Hash unchanged.
2026-07-15 22:17:34,706 - DEBUG - Skipping company_119: Hash unchanged.
2026-07-15 22:17:34,707 - DEBUG - Skipping company_120: Hash unchanged.
2026-07-15 22:17:34,708 - DEBUG - Skipping company_121: Hash unchanged.
2026-07-15 22:17:34,709 - DEBUG - Skipping company_122: Hash unchanged.
2026-07-15 22:17:34,710 - DEBUG - Skipping company_123: Hash unchanged.
2026-07-15 22:17:34,711 - INFO - Companies: 1 indexed, 122 skipped.
2026-07-15 22:17:34,712 - INFO - Indexing Problems...
2026-07-15 22:17:34,717 - DEBUG - Skipping problem_1: Hash unchanged.
2026-07-15 22:17:34,742 - DEBUG - Generated embedding for problem_2 in 0.025s
2026-07-15 22:17:34,777 - DEBUG - Skipping problem_3: Hash unchanged.
2026-07-15 22:17:34,780 - DEBUG - Skipping problem_4: Hash unchanged.
2026-07-15 22:17:34,781 - DEBUG - Skipping problem_5: Hash unchanged.
2026-07-15 22:17:34,783 - DEBUG - Skipping problem_6: Hash unchanged.
2026-07-15 22:17:34,784 - DEBUG - Skipping problem_7: Hash unchanged.
2026-07-15 22:17:34,786 - DEBUG - Skipping problem_8: Hash unchanged.
2026-07-15 22:17:34,787 - DEBUG - Skipping problem_9: Hash unchanged.
2026-07-15 22:17:34,788 - DEBUG - Skipping problem_10: Hash unchanged.
2026-07-15 22:17:34,790 - DEBUG - Skipping problem_11: Hash unchanged.
2026-07-15 22:17:34,791 - DEBUG - Skipping problem_12: Hash unchanged.
2026-07-15 22:17:34,793 - DEBUG - Skipping problem_13: Hash unchanged.
2026-07-15 22:17:34,794 - DEBUG - Skipping problem_14: Hash unchanged.
2026-07-15 22:17:34,797 - DEBUG - Skipping problem_15: Hash unchanged.
2026-07-15 22:17:34,799 - DEBUG - Skipping problem_16: Hash unchanged.
2026-07-15 22:17:34,800 - DEBUG - Skipping problem_17: Hash unchanged.
2026-07-15 22:17:34,801 - DEBUG - Skipping problem_18: Hash unchanged.
2026-07-15 22:17:34,802 - DEBUG - Skipping problem_19: Hash unchanged.
2026-07-15 22:17:34,803 - DEBUG - Skipping problem_20: Hash unchanged.
2026-07-15 22:17:34,804 - DEBUG - Skipping problem_21: Hash unchanged.
2026-07-15 22:17:34,806 - DEBUG - Skipping problem_22: Hash unchanged.
2026-07-15 22:17:34,807 - DEBUG - Skipping problem_23: Hash unchanged.
2026-07-15 22:17:34,808 - DEBUG - Skipping problem_24: Hash unchanged.
2026-07-15 22:17:34,809 - DEBUG - Skipping problem_25: Hash unchanged.
2026-07-15 22:17:34,810 - DEBUG - Skipping problem_26: Hash unchanged.
2026-07-15 22:17:34,811 - DEBUG - Skipping problem_27: Hash unchanged.
2026-07-15 22:17:34,814 - DEBUG - Skipping problem_28: Hash unchanged.
2026-07-15 22:17:34,816 - DEBUG - Skipping problem_29: Hash unchanged.
2026-07-15 22:17:34,818 - DEBUG - Skipping problem_30: Hash unchanged.
2026-07-15 22:17:34,820 - DEBUG - Skipping problem_31: Hash unchanged.
2026-07-15 22:17:34,822 - DEBUG - Skipping problem_32: Hash unchanged.
2026-07-15 22:17:34,824 - DEBUG - Skipping problem_33: Hash unchanged.
2026-07-15 22:17:34,825 - DEBUG - Skipping problem_34: Hash unchanged.
2026-07-15 22:17:34,827 - DEBUG - Skipping problem_35: Hash unchanged.
2026-07-15 22:17:34,829 - DEBUG - Skipping problem_36: Hash unchanged.
2026-07-15 22:17:34,831 - DEBUG - Skipping problem_37: Hash unchanged.
2026-07-15 22:17:34,833 - DEBUG - Skipping problem_38: Hash unchanged.
2026-07-15 22:17:34,835 - DEBUG - Skipping problem_39: Hash unchanged.
2026-07-15 22:17:34,837 - DEBUG - Skipping problem_40: Hash unchanged.
2026-07-15 22:17:34,839 - DEBUG - Skipping problem_41: Hash unchanged.
2026-07-15 22:17:34,841 - DEBUG - Skipping problem_42: Hash unchanged.
2026-07-15 22:17:34,843 - DEBUG - Skipping problem_43: Hash unchanged.
2026-07-15 22:17:34,844 - DEBUG - Skipping problem_44: Hash unchanged.
2026-07-15 22:17:34,847 - DEBUG - Skipping problem_45: Hash unchanged.
2026-07-15 22:17:34,849 - DEBUG - Skipping problem_46: Hash unchanged.
2026-07-15 22:17:34,851 - DEBUG - Skipping problem_47: Hash unchanged.
2026-07-15 22:17:34,853 - DEBUG - Skipping problem_48: Hash unchanged.
2026-07-15 22:17:34,854 - DEBUG - Skipping problem_49: Hash unchanged.
2026-07-15 22:17:34,856 - DEBUG - Skipping problem_50: Hash unchanged.
2026-07-15 22:17:34,857 - DEBUG - Skipping problem_51: Hash unchanged.
2026-07-15 22:17:34,859 - DEBUG - Skipping problem_52: Hash unchanged.
2026-07-15 22:17:34,860 - DEBUG - Skipping problem_53: Hash unchanged.
2026-07-15 22:17:34,863 - DEBUG - Skipping problem_54: Hash unchanged.
2026-07-15 22:17:34,865 - DEBUG - Skipping problem_55: Hash unchanged.
2026-07-15 22:17:34,866 - DEBUG - Skipping problem_56: Hash unchanged.
2026-07-15 22:17:34,868 - DEBUG - Skipping problem_57: Hash unchanged.
2026-07-15 22:17:34,870 - DEBUG - Skipping problem_58: Hash unchanged.
2026-07-15 22:17:34,871 - DEBUG - Skipping problem_59: Hash unchanged.
2026-07-15 22:17:34,873 - DEBUG - Skipping problem_60: Hash unchanged.
2026-07-15 22:17:34,875 - DEBUG - Skipping problem_61: Hash unchanged.
2026-07-15 22:17:34,876 - DEBUG - Skipping problem_62: Hash unchanged.
2026-07-15 22:17:34,879 - DEBUG - Skipping problem_63: Hash unchanged.
2026-07-15 22:17:34,880 - DEBUG - Skipping problem_64: Hash unchanged.
2026-07-15 22:17:34,882 - DEBUG - Skipping problem_65: Hash unchanged.
2026-07-15 22:17:34,883 - DEBUG - Skipping problem_66: Hash unchanged.
2026-07-15 22:17:34,884 - DEBUG - Skipping problem_67: Hash unchanged.
2026-07-15 22:17:34,885 - DEBUG - Skipping problem_68: Hash unchanged.
2026-07-15 22:17:34,887 - DEBUG - Skipping problem_69: Hash unchanged.
2026-07-15 22:17:34,888 - DEBUG - Skipping problem_70: Hash unchanged.
2026-07-15 22:17:34,889 - DEBUG - Skipping problem_71: Hash unchanged.
2026-07-15 22:17:34,890 - DEBUG - Skipping problem_72: Hash unchanged.
2026-07-15 22:17:34,891 - DEBUG - Skipping problem_73: Hash unchanged.
2026-07-15 22:17:34,893 - DEBUG - Skipping problem_74: Hash unchanged.
2026-07-15 22:17:34,894 - DEBUG - Skipping problem_75: Hash unchanged.
2026-07-15 22:17:34,897 - DEBUG - Skipping problem_76: Hash unchanged.
2026-07-15 22:17:34,899 - DEBUG - Skipping problem_77: Hash unchanged.
2026-07-15 22:17:34,901 - DEBUG - Skipping problem_78: Hash unchanged.
2026-07-15 22:17:34,903 - DEBUG - Skipping problem_79: Hash unchanged.
2026-07-15 22:17:34,904 - DEBUG - Skipping problem_80: Hash unchanged.
2026-07-15 22:17:34,906 - DEBUG - Skipping problem_81: Hash unchanged.
2026-07-15 22:17:34,908 - DEBUG - Skipping problem_82: Hash unchanged.
2026-07-15 22:17:34,909 - INFO - Problems: 1 indexed, 81 skipped.
2026-07-15 22:17:34,909 - INFO - Indexing process finished in 53.89s
2026-07-15 22:18:14,791 - INFO - --- Running Verification ---
2026-07-15 22:18:14,827 - INFO - SQLite Records: 220 (123 Companies, 82 Problems, 15 Sectors)
2026-07-15 22:18:14,828 - INFO - KBChunk Records: 220
2026-07-15 22:18:14,828 - INFO - Consistency Check Passed: SQLite and KBChunk match.
2026-07-15 22:18:14,881 - INFO - ChromaDB Records: 221
2026-07-15 22:18:14,881 - WARNING - Inconsistency: ChromaDB count does not match KBChunk count.
2026-07-15 22:18:14,881 - INFO - Indexing process finished in 0.09s
2026-07-15 22:20:47,854 - INFO - --- Running Verification ---
2026-07-15 22:20:47,894 - INFO - SQLite Records: 220 (123 Companies, 82 Problems, 15 Sectors)
2026-07-15 22:20:47,894 - INFO - KBChunk Records: 220
2026-07-15 22:20:47,895 - INFO - Consistency Check Passed: SQLite and KBChunk match.
2026-07-15 22:20:47,963 - INFO - ChromaDB Records: 220
2026-07-15 22:20:47,963 - INFO - Consistency Check Passed: ChromaDB and KBChunk match.
2026-07-15 22:20:47,964 - INFO - Indexing process finished in 0.11s
2026-07-15 22:21:12,406 - INFO - --- Running Verification ---
2026-07-15 22:21:12,432 - INFO - SQLite Records: 220 (123 Companies, 82 Problems, 15 Sectors)
2026-07-15 22:21:12,432 - INFO - KBChunk Records: 220
2026-07-15 22:21:12,440 - INFO - Consistency Check Passed: SQLite and KBChunk match.
2026-07-15 22:21:12,495 - INFO - ChromaDB Records: 220
2026-07-15 22:21:12,496 - INFO - Consistency Check Passed: ChromaDB and KBChunk match.
2026-07-15 22:21:12,496 - INFO - Indexing process finished in 0.09s
2026-07-16 20:11:50,261 - INFO - Indexing Sectors...
2026-07-16 20:11:50,284 - DEBUG - Skipping sector_1: Hash unchanged.
2026-07-16 20:11:50,285 - DEBUG - Skipping sector_2: Hash unchanged.
2026-07-16 20:11:50,285 - DEBUG - Skipping sector_3: Hash unchanged.
2026-07-16 20:12:30,345 - DEBUG - Generated embedding for sector_4 in 40.059s
2026-07-16 20:12:30,440 - DEBUG - Skipping sector_5: Hash unchanged.
2026-07-16 20:12:30,441 - DEBUG - Skipping sector_6: Hash unchanged.
2026-07-16 20:12:30,442 - DEBUG - Skipping sector_7: Hash unchanged.
2026-07-16 20:12:30,443 - DEBUG - Skipping sector_8: Hash unchanged.
2026-07-16 20:12:30,444 - DEBUG - Skipping sector_9: Hash unchanged.
2026-07-16 20:12:30,445 - DEBUG - Skipping sector_10: Hash unchanged.
2026-07-16 20:12:30,446 - DEBUG - Skipping sector_11: Hash unchanged.
2026-07-16 20:12:30,447 - DEBUG - Skipping sector_12: Hash unchanged.
2026-07-16 20:12:30,448 - DEBUG - Skipping sector_13: Hash unchanged.
2026-07-16 20:12:30,449 - DEBUG - Skipping sector_14: Hash unchanged.
2026-07-16 20:12:30,450 - DEBUG - Skipping sector_15: Hash unchanged.
2026-07-16 20:12:30,450 - INFO - Sectors: 1 indexed, 14 skipped.
2026-07-16 20:12:30,450 - INFO - Indexing Companies...
2026-07-16 20:12:30,456 - DEBUG - Skipping company_1: Hash unchanged.
2026-07-16 20:12:30,457 - DEBUG - Skipping company_2: Hash unchanged.
2026-07-16 20:12:30,457 - DEBUG - Skipping company_3: Hash unchanged.
2026-07-16 20:12:30,496 - DEBUG - Generated embedding for company_4 in 0.038s
2026-07-16 20:12:30,534 - DEBUG - Skipping company_5: Hash unchanged.
2026-07-16 20:12:30,536 - DEBUG - Skipping company_6: Hash unchanged.
2026-07-16 20:12:30,537 - DEBUG - Skipping company_7: Hash unchanged.
2026-07-16 20:12:30,539 - DEBUG - Skipping company_8: Hash unchanged.
2026-07-16 20:12:30,540 - DEBUG - Skipping company_9: Hash unchanged.
2026-07-16 20:12:30,541 - DEBUG - Skipping company_10: Hash unchanged.
2026-07-16 20:12:30,542 - DEBUG - Skipping company_11: Hash unchanged.
2026-07-16 20:12:30,544 - DEBUG - Skipping company_12: Hash unchanged.
2026-07-16 20:12:30,545 - DEBUG - Skipping company_13: Hash unchanged.
2026-07-16 20:12:30,547 - DEBUG - Skipping company_14: Hash unchanged.
2026-07-16 20:12:30,548 - DEBUG - Skipping company_15: Hash unchanged.
2026-07-16 20:12:30,551 - DEBUG - Skipping company_16: Hash unchanged.
2026-07-16 20:12:30,553 - DEBUG - Skipping company_17: Hash unchanged.
2026-07-16 20:12:30,554 - DEBUG - Skipping company_18: Hash unchanged.
2026-07-16 20:12:30,555 - DEBUG - Skipping company_19: Hash unchanged.
2026-07-16 20:12:30,557 - DEBUG - Skipping company_20: Hash unchanged.
2026-07-16 20:12:30,558 - DEBUG - Skipping company_21: Hash unchanged.
2026-07-16 20:12:30,559 - DEBUG - Skipping company_22: Hash unchanged.
2026-07-16 20:12:30,561 - DEBUG - Skipping company_23: Hash unchanged.
2026-07-16 20:12:30,562 - DEBUG - Skipping company_24: Hash unchanged.
2026-07-16 20:12:30,564 - DEBUG - Skipping company_25: Hash unchanged.
2026-07-16 20:12:30,565 - DEBUG - Skipping company_26: Hash unchanged.
2026-07-16 20:12:30,567 - DEBUG - Skipping company_27: Hash unchanged.
2026-07-16 20:12:30,568 - DEBUG - Skipping company_28: Hash unchanged.
2026-07-16 20:12:30,570 - DEBUG - Skipping company_29: Hash unchanged.
2026-07-16 20:12:30,571 - DEBUG - Skipping company_30: Hash unchanged.
2026-07-16 20:12:30,573 - DEBUG - Skipping company_31: Hash unchanged.
2026-07-16 20:12:30,574 - DEBUG - Skipping company_32: Hash unchanged.
2026-07-16 20:12:30,575 - DEBUG - Skipping company_33: Hash unchanged.
2026-07-16 20:12:30,576 - DEBUG - Skipping company_34: Hash unchanged.
2026-07-16 20:12:30,577 - DEBUG - Skipping company_35: Hash unchanged.
2026-07-16 20:12:30,578 - DEBUG - Skipping company_36: Hash unchanged.
2026-07-16 20:12:30,579 - DEBUG - Skipping company_37: Hash unchanged.
2026-07-16 20:12:30,581 - DEBUG - Skipping company_38: Hash unchanged.
2026-07-16 20:12:30,583 - DEBUG - Skipping company_39: Hash unchanged.
2026-07-16 20:12:30,584 - DEBUG - Skipping company_40: Hash unchanged.
2026-07-16 20:12:30,585 - DEBUG - Skipping company_41: Hash unchanged.
2026-07-16 20:12:30,587 - DEBUG - Skipping company_42: Hash unchanged.
2026-07-16 20:12:30,588 - DEBUG - Skipping company_43: Hash unchanged.
2026-07-16 20:12:30,589 - DEBUG - Skipping company_44: Hash unchanged.
2026-07-16 20:12:30,591 - DEBUG - Skipping company_45: Hash unchanged.
2026-07-16 20:12:30,592 - DEBUG - Skipping company_46: Hash unchanged.
2026-07-16 20:12:30,593 - DEBUG - Skipping company_47: Hash unchanged.
2026-07-16 20:12:30,595 - DEBUG - Skipping company_48: Hash unchanged.
2026-07-16 20:12:30,596 - DEBUG - Skipping company_49: Hash unchanged.
2026-07-16 20:12:30,598 - DEBUG - Skipping company_50: Hash unchanged.
2026-07-16 20:12:30,599 - DEBUG - Skipping company_51: Hash unchanged.
2026-07-16 20:12:30,600 - DEBUG - Skipping company_52: Hash unchanged.
2026-07-16 20:12:30,602 - DEBUG - Skipping company_53: Hash unchanged.
2026-07-16 20:12:30,603 - DEBUG - Skipping company_54: Hash unchanged.
2026-07-16 20:12:30,605 - DEBUG - Skipping company_55: Hash unchanged.
2026-07-16 20:12:30,606 - DEBUG - Skipping company_56: Hash unchanged.
2026-07-16 20:12:30,607 - DEBUG - Skipping company_57: Hash unchanged.
2026-07-16 20:12:30,609 - DEBUG - Skipping company_58: Hash unchanged.
2026-07-16 20:12:30,610 - DEBUG - Skipping company_59: Hash unchanged.
2026-07-16 20:12:30,611 - DEBUG - Skipping company_60: Hash unchanged.
2026-07-16 20:12:30,613 - DEBUG - Skipping company_61: Hash unchanged.
2026-07-16 20:12:30,614 - DEBUG - Skipping company_62: Hash unchanged.
2026-07-16 20:12:30,615 - DEBUG - Skipping company_63: Hash unchanged.
2026-07-16 20:12:30,616 - DEBUG - Skipping company_64: Hash unchanged.
2026-07-16 20:12:30,617 - DEBUG - Skipping company_65: Hash unchanged.
2026-07-16 20:12:30,618 - DEBUG - Skipping company_66: Hash unchanged.
2026-07-16 20:12:30,619 - DEBUG - Skipping company_67: Hash unchanged.
2026-07-16 20:12:30,620 - DEBUG - Skipping company_68: Hash unchanged.
2026-07-16 20:12:30,621 - DEBUG - Skipping company_69: Hash unchanged.
2026-07-16 20:12:30,622 - DEBUG - Skipping company_70: Hash unchanged.
2026-07-16 20:12:30,623 - DEBUG - Skipping company_71: Hash unchanged.
2026-07-16 20:12:30,624 - DEBUG - Skipping company_72: Hash unchanged.
2026-07-16 20:12:30,625 - DEBUG - Skipping company_73: Hash unchanged.
2026-07-16 20:12:30,626 - DEBUG - Skipping company_74: Hash unchanged.
2026-07-16 20:12:30,628 - DEBUG - Skipping company_75: Hash unchanged.
2026-07-16 20:12:30,629 - DEBUG - Skipping company_76: Hash unchanged.
2026-07-16 20:12:30,630 - DEBUG - Skipping company_77: Hash unchanged.
2026-07-16 20:12:30,631 - DEBUG - Skipping company_78: Hash unchanged.
2026-07-16 20:12:30,632 - DEBUG - Skipping company_79: Hash unchanged.
2026-07-16 20:12:30,633 - DEBUG - Skipping company_80: Hash unchanged.
2026-07-16 20:12:30,634 - DEBUG - Skipping company_81: Hash unchanged.
2026-07-16 20:12:30,635 - DEBUG - Skipping company_82: Hash unchanged.
2026-07-16 20:12:30,636 - DEBUG - Skipping company_83: Hash unchanged.
2026-07-16 20:12:30,637 - DEBUG - Skipping company_84: Hash unchanged.
2026-07-16 20:12:30,638 - DEBUG - Skipping company_85: Hash unchanged.
2026-07-16 20:12:30,639 - DEBUG - Skipping company_86: Hash unchanged.
2026-07-16 20:12:30,640 - DEBUG - Skipping company_87: Hash unchanged.
2026-07-16 20:12:30,641 - DEBUG - Skipping company_88: Hash unchanged.
2026-07-16 20:12:30,642 - DEBUG - Skipping company_89: Hash unchanged.
2026-07-16 20:12:30,644 - DEBUG - Skipping company_90: Hash unchanged.
2026-07-16 20:12:30,644 - DEBUG - Skipping company_91: Hash unchanged.
2026-07-16 20:12:30,646 - DEBUG - Skipping company_92: Hash unchanged.
2026-07-16 20:12:30,647 - DEBUG - Skipping company_93: Hash unchanged.
2026-07-16 20:12:30,648 - DEBUG - Skipping company_94: Hash unchanged.
2026-07-16 20:12:30,649 - DEBUG - Skipping company_95: Hash unchanged.
2026-07-16 20:12:30,650 - DEBUG - Skipping company_96: Hash unchanged.
2026-07-16 20:12:30,651 - DEBUG - Skipping company_97: Hash unchanged.
2026-07-16 20:12:30,652 - DEBUG - Skipping company_98: Hash unchanged.
2026-07-16 20:12:30,653 - DEBUG - Skipping company_99: Hash unchanged.
2026-07-16 20:12:30,654 - DEBUG - Skipping company_100: Hash unchanged.
2026-07-16 20:12:30,655 - DEBUG - Skipping company_101: Hash unchanged.
2026-07-16 20:12:30,657 - DEBUG - Skipping company_102: Hash unchanged.
2026-07-16 20:12:30,658 - DEBUG - Skipping company_103: Hash unchanged.
2026-07-16 20:12:30,659 - DEBUG - Skipping company_104: Hash unchanged.
2026-07-16 20:12:30,660 - DEBUG - Skipping company_105: Hash unchanged.
2026-07-16 20:12:30,661 - DEBUG - Skipping company_106: Hash unchanged.
2026-07-16 20:12:30,662 - DEBUG - Skipping company_107: Hash unchanged.
2026-07-16 20:12:30,663 - DEBUG - Skipping company_108: Hash unchanged.
2026-07-16 20:12:30,664 - DEBUG - Skipping company_109: Hash unchanged.
2026-07-16 20:12:30,665 - DEBUG - Skipping company_110: Hash unchanged.
2026-07-16 20:12:30,666 - DEBUG - Skipping company_111: Hash unchanged.
2026-07-16 20:12:30,667 - DEBUG - Skipping company_112: Hash unchanged.
2026-07-16 20:12:30,668 - DEBUG - Skipping company_113: Hash unchanged.
2026-07-16 20:12:30,670 - DEBUG - Skipping company_114: Hash unchanged.
2026-07-16 20:12:30,671 - DEBUG - Skipping company_115: Hash unchanged.
2026-07-16 20:12:30,672 - DEBUG - Skipping company_116: Hash unchanged.
2026-07-16 20:12:30,673 - DEBUG - Skipping company_117: Hash unchanged.
2026-07-16 20:12:30,674 - DEBUG - Skipping company_118: Hash unchanged.
2026-07-16 20:12:30,675 - DEBUG - Skipping company_119: Hash unchanged.
2026-07-16 20:12:30,676 - DEBUG - Skipping company_120: Hash unchanged.
2026-07-16 20:12:30,677 - DEBUG - Skipping company_121: Hash unchanged.
2026-07-16 20:12:30,678 - DEBUG - Skipping company_122: Hash unchanged.
2026-07-16 20:12:30,679 - DEBUG - Skipping company_123: Hash unchanged.
2026-07-16 20:12:30,680 - INFO - Companies: 1 indexed, 122 skipped.
2026-07-16 20:12:30,680 - INFO - Indexing Problems...
2026-07-16 20:12:30,685 - DEBUG - Skipping problem_1: Hash unchanged.
2026-07-16 20:12:30,686 - DEBUG - Skipping problem_2: Hash unchanged.
2026-07-16 20:12:30,719 - DEBUG - Generated embedding for problem_3 in 0.032s
2026-07-16 20:12:30,819 - DEBUG - Skipping problem_4: Hash unchanged.
2026-07-16 20:12:30,822 - DEBUG - Skipping problem_5: Hash unchanged.
2026-07-16 20:12:30,823 - DEBUG - Skipping problem_6: Hash unchanged.
2026-07-16 20:12:30,825 - DEBUG - Skipping problem_7: Hash unchanged.
2026-07-16 20:12:30,826 - DEBUG - Skipping problem_8: Hash unchanged.
2026-07-16 20:12:30,827 - DEBUG - Skipping problem_9: Hash unchanged.
2026-07-16 20:12:30,829 - DEBUG - Skipping problem_10: Hash unchanged.
2026-07-16 20:12:30,830 - DEBUG - Skipping problem_11: Hash unchanged.
2026-07-16 20:12:30,831 - DEBUG - Skipping problem_12: Hash unchanged.
2026-07-16 20:12:30,832 - DEBUG - Skipping problem_13: Hash unchanged.
2026-07-16 20:12:30,834 - DEBUG - Skipping problem_14: Hash unchanged.
2026-07-16 20:12:30,835 - DEBUG - Skipping problem_15: Hash unchanged.
2026-07-16 20:12:30,836 - DEBUG - Skipping problem_16: Hash unchanged.
2026-07-16 20:12:30,837 - DEBUG - Skipping problem_17: Hash unchanged.
2026-07-16 20:12:30,838 - DEBUG - Skipping problem_18: Hash unchanged.
2026-07-16 20:12:30,839 - DEBUG - Skipping problem_19: Hash unchanged.
2026-07-16 20:12:30,840 - DEBUG - Skipping problem_20: Hash unchanged.
2026-07-16 20:12:30,841 - DEBUG - Skipping problem_21: Hash unchanged.
2026-07-16 20:12:30,842 - DEBUG - Skipping problem_22: Hash unchanged.
2026-07-16 20:12:30,843 - DEBUG - Skipping problem_23: Hash unchanged.
2026-07-16 20:12:30,844 - DEBUG - Skipping problem_24: Hash unchanged.
2026-07-16 20:12:30,845 - DEBUG - Skipping problem_25: Hash unchanged.
2026-07-16 20:12:30,846 - DEBUG - Skipping problem_26: Hash unchanged.
2026-07-16 20:12:30,847 - DEBUG - Skipping problem_27: Hash unchanged.
2026-07-16 20:12:30,847 - DEBUG - Skipping problem_28: Hash unchanged.
2026-07-16 20:12:30,849 - DEBUG - Skipping problem_29: Hash unchanged.
2026-07-16 20:12:30,850 - DEBUG - Skipping problem_30: Hash unchanged.
2026-07-16 20:12:30,851 - DEBUG - Skipping problem_31: Hash unchanged.
2026-07-16 20:12:30,852 - DEBUG - Skipping problem_32: Hash unchanged.
2026-07-16 20:12:30,853 - DEBUG - Skipping problem_33: Hash unchanged.
2026-07-16 20:12:30,854 - DEBUG - Skipping problem_34: Hash unchanged.
2026-07-16 20:12:30,855 - DEBUG - Skipping problem_35: Hash unchanged.
2026-07-16 20:12:30,856 - DEBUG - Skipping problem_36: Hash unchanged.
2026-07-16 20:12:30,857 - DEBUG - Skipping problem_37: Hash unchanged.
2026-07-16 20:12:30,858 - DEBUG - Skipping problem_38: Hash unchanged.
2026-07-16 20:12:30,859 - DEBUG - Skipping problem_39: Hash unchanged.
2026-07-16 20:12:30,860 - DEBUG - Skipping problem_40: Hash unchanged.
2026-07-16 20:12:30,862 - DEBUG - Skipping problem_41: Hash unchanged.
2026-07-16 20:12:30,862 - DEBUG - Skipping problem_42: Hash unchanged.
2026-07-16 20:12:30,864 - DEBUG - Skipping problem_43: Hash unchanged.
2026-07-16 20:12:30,865 - DEBUG - Skipping problem_44: Hash unchanged.
2026-07-16 20:12:30,866 - DEBUG - Skipping problem_45: Hash unchanged.
2026-07-16 20:12:30,867 - DEBUG - Skipping problem_46: Hash unchanged.
2026-07-16 20:12:30,868 - DEBUG - Skipping problem_47: Hash unchanged.
2026-07-16 20:12:30,869 - DEBUG - Skipping problem_48: Hash unchanged.
2026-07-16 20:12:30,870 - DEBUG - Skipping problem_49: Hash unchanged.
2026-07-16 20:12:30,871 - DEBUG - Skipping problem_50: Hash unchanged.
2026-07-16 20:12:30,872 - DEBUG - Skipping problem_51: Hash unchanged.
2026-07-16 20:12:30,873 - DEBUG - Skipping problem_52: Hash unchanged.
2026-07-16 20:12:30,874 - DEBUG - Skipping problem_53: Hash unchanged.
2026-07-16 20:12:30,875 - DEBUG - Skipping problem_54: Hash unchanged.
2026-07-16 20:12:30,876 - DEBUG - Skipping problem_55: Hash unchanged.
2026-07-16 20:12:30,877 - DEBUG - Skipping problem_56: Hash unchanged.
2026-07-16 20:12:30,878 - DEBUG - Skipping problem_57: Hash unchanged.
2026-07-16 20:12:30,879 - DEBUG - Skipping problem_58: Hash unchanged.
2026-07-16 20:12:30,880 - DEBUG - Skipping problem_59: Hash unchanged.
2026-07-16 20:12:30,881 - DEBUG - Skipping problem_60: Hash unchanged.
2026-07-16 20:12:30,882 - DEBUG - Skipping problem_61: Hash unchanged.
2026-07-16 20:12:30,883 - DEBUG - Skipping problem_62: Hash unchanged.
2026-07-16 20:12:30,884 - DEBUG - Skipping problem_63: Hash unchanged.
2026-07-16 20:12:30,885 - DEBUG - Skipping problem_64: Hash unchanged.
2026-07-16 20:12:30,886 - DEBUG - Skipping problem_65: Hash unchanged.
2026-07-16 20:12:30,887 - DEBUG - Skipping problem_66: Hash unchanged.
2026-07-16 20:12:30,888 - DEBUG - Skipping problem_67: Hash unchanged.
2026-07-16 20:12:30,889 - DEBUG - Skipping problem_68: Hash unchanged.
2026-07-16 20:12:30,890 - DEBUG - Skipping problem_69: Hash unchanged.
2026-07-16 20:12:30,891 - DEBUG - Skipping problem_70: Hash unchanged.
2026-07-16 20:12:30,892 - DEBUG - Skipping problem_71: Hash unchanged.
2026-07-16 20:12:30,893 - DEBUG - Skipping problem_72: Hash unchanged.
2026-07-16 20:12:30,894 - DEBUG - Skipping problem_73: Hash unchanged.
2026-07-16 20:12:30,895 - DEBUG - Skipping problem_74: Hash unchanged.
2026-07-16 20:12:30,896 - DEBUG - Skipping problem_75: Hash unchanged.
2026-07-16 20:12:30,898 - DEBUG - Skipping problem_76: Hash unchanged.
2026-07-16 20:12:30,900 - DEBUG - Skipping problem_77: Hash unchanged.
2026-07-16 20:12:30,901 - DEBUG - Skipping problem_78: Hash unchanged.
2026-07-16 20:12:30,903 - DEBUG - Skipping problem_79: Hash unchanged.
2026-07-16 20:12:30,904 - DEBUG - Skipping problem_80: Hash unchanged.
2026-07-16 20:12:30,906 - DEBUG - Skipping problem_81: Hash unchanged.
2026-07-16 20:12:30,907 - DEBUG - Skipping problem_82: Hash unchanged.
2026-07-16 20:12:30,908 - INFO - Problems: 1 indexed, 81 skipped.
2026-07-16 20:12:30,908 - INFO - Indexing process finished in 40.65s
2026-07-16 22:31:34,506 - ERROR - Must specify at least one action: --all, --companies, --problems, --sectors, --verify, or --reset
2026-07-16 22:31:45,160 - INFO - Indexing Sectors...
2026-07-16 22:31:45,186 - DEBUG - Skipping sector_1: Hash unchanged.
2026-07-16 22:31:45,187 - DEBUG - Skipping sector_2: Hash unchanged.
2026-07-16 22:31:45,187 - DEBUG - Skipping sector_3: Hash unchanged.
2026-07-16 22:31:45,188 - DEBUG - Skipping sector_4: Hash unchanged.
2026-07-16 22:32:03,047 - DEBUG - Generated embedding for sector_5 in 17.858s
2026-07-16 22:32:03,174 - DEBUG - Skipping sector_6: Hash unchanged.
2026-07-16 22:32:03,176 - DEBUG - Skipping sector_7: Hash unchanged.
2026-07-16 22:32:03,177 - DEBUG - Skipping sector_8: Hash unchanged.
2026-07-16 22:32:03,178 - DEBUG - Skipping sector_9: Hash unchanged.
2026-07-16 22:32:03,180 - DEBUG - Skipping sector_10: Hash unchanged.
2026-07-16 22:32:03,181 - DEBUG - Skipping sector_11: Hash unchanged.
2026-07-16 22:32:03,182 - DEBUG - Skipping sector_12: Hash unchanged.
2026-07-16 22:32:03,183 - DEBUG - Skipping sector_13: Hash unchanged.
2026-07-16 22:32:03,184 - DEBUG - Skipping sector_14: Hash unchanged.
2026-07-16 22:32:03,185 - DEBUG - Skipping sector_15: Hash unchanged.
2026-07-16 22:32:03,186 - INFO - Sectors: 1 indexed, 14 skipped.
2026-07-16 22:32:03,186 - INFO - Indexing Companies...
2026-07-16 22:32:03,192 - DEBUG - Skipping company_1: Hash unchanged.
2026-07-16 22:32:03,194 - DEBUG - Skipping company_2: Hash unchanged.
2026-07-16 22:32:03,195 - DEBUG - Skipping company_3: Hash unchanged.
2026-07-16 22:32:03,196 - DEBUG - Skipping company_4: Hash unchanged.
2026-07-16 22:32:03,225 - DEBUG - Generated embedding for company_5 in 0.027s
2026-07-16 22:32:03,255 - DEBUG - Skipping company_6: Hash unchanged.
2026-07-16 22:32:03,256 - DEBUG - Skipping company_7: Hash unchanged.
2026-07-16 22:32:03,257 - DEBUG - Skipping company_8: Hash unchanged.
2026-07-16 22:32:03,259 - DEBUG - Skipping company_9: Hash unchanged.
2026-07-16 22:32:03,260 - DEBUG - Skipping company_10: Hash unchanged.
2026-07-16 22:32:03,261 - DEBUG - Skipping company_11: Hash unchanged.
2026-07-16 22:32:03,262 - DEBUG - Skipping company_12: Hash unchanged.
2026-07-16 22:32:03,264 - DEBUG - Skipping company_13: Hash unchanged.
2026-07-16 22:32:03,265 - DEBUG - Skipping company_14: Hash unchanged.
2026-07-16 22:32:03,267 - DEBUG - Skipping company_15: Hash unchanged.
2026-07-16 22:32:03,268 - DEBUG - Skipping company_16: Hash unchanged.
2026-07-16 22:32:03,269 - DEBUG - Skipping company_17: Hash unchanged.
2026-07-16 22:32:03,270 - DEBUG - Skipping company_18: Hash unchanged.
2026-07-16 22:32:03,272 - DEBUG - Skipping company_19: Hash unchanged.
2026-07-16 22:32:03,273 - DEBUG - Skipping company_20: Hash unchanged.
2026-07-16 22:32:03,274 - DEBUG - Skipping company_21: Hash unchanged.
2026-07-16 22:32:03,275 - DEBUG - Skipping company_22: Hash unchanged.
2026-07-16 22:32:03,276 - DEBUG - Skipping company_23: Hash unchanged.
2026-07-16 22:32:03,277 - DEBUG - Skipping company_24: Hash unchanged.
2026-07-16 22:32:03,279 - DEBUG - Skipping company_25: Hash unchanged.
2026-07-16 22:32:03,280 - DEBUG - Skipping company_26: Hash unchanged.
2026-07-16 22:32:03,282 - DEBUG - Skipping company_27: Hash unchanged.
2026-07-16 22:32:03,283 - DEBUG - Skipping company_28: Hash unchanged.
2026-07-16 22:32:03,284 - DEBUG - Skipping company_29: Hash unchanged.
2026-07-16 22:32:03,286 - DEBUG - Skipping company_30: Hash unchanged.
2026-07-16 22:32:03,287 - DEBUG - Skipping company_31: Hash unchanged.
2026-07-16 22:32:03,288 - DEBUG - Skipping company_32: Hash unchanged.
2026-07-16 22:32:03,290 - DEBUG - Skipping company_33: Hash unchanged.
2026-07-16 22:32:03,290 - DEBUG - Skipping company_34: Hash unchanged.
2026-07-16 22:32:03,292 - DEBUG - Skipping company_35: Hash unchanged.
2026-07-16 22:32:03,293 - DEBUG - Skipping company_36: Hash unchanged.
2026-07-16 22:32:03,294 - DEBUG - Skipping company_37: Hash unchanged.
2026-07-16 22:32:03,295 - DEBUG - Skipping company_38: Hash unchanged.
2026-07-16 22:32:03,297 - DEBUG - Skipping company_39: Hash unchanged.
2026-07-16 22:32:03,298 - DEBUG - Skipping company_40: Hash unchanged.
2026-07-16 22:32:03,299 - DEBUG - Skipping company_41: Hash unchanged.
2026-07-16 22:32:03,300 - DEBUG - Skipping company_42: Hash unchanged.
2026-07-16 22:32:03,301 - DEBUG - Skipping company_43: Hash unchanged.
2026-07-16 22:32:03,302 - DEBUG - Skipping company_44: Hash unchanged.
2026-07-16 22:32:03,304 - DEBUG - Skipping company_45: Hash unchanged.
2026-07-16 22:32:03,305 - DEBUG - Skipping company_46: Hash unchanged.
2026-07-16 22:32:03,306 - DEBUG - Skipping company_47: Hash unchanged.
2026-07-16 22:32:03,307 - DEBUG - Skipping company_48: Hash unchanged.
2026-07-16 22:32:03,308 - DEBUG - Skipping company_49: Hash unchanged.
2026-07-16 22:32:03,309 - DEBUG - Skipping company_50: Hash unchanged.
2026-07-16 22:32:03,310 - DEBUG - Skipping company_51: Hash unchanged.
2026-07-16 22:32:03,312 - DEBUG - Skipping company_52: Hash unchanged.
2026-07-16 22:32:03,313 - DEBUG - Skipping company_53: Hash unchanged.
2026-07-16 22:32:03,315 - DEBUG - Skipping company_54: Hash unchanged.
2026-07-16 22:32:03,316 - DEBUG - Skipping company_55: Hash unchanged.
2026-07-16 22:32:03,317 - DEBUG - Skipping company_56: Hash unchanged.
2026-07-16 22:32:03,318 - DEBUG - Skipping company_57: Hash unchanged.
2026-07-16 22:32:03,319 - DEBUG - Skipping company_58: Hash unchanged.
2026-07-16 22:32:03,320 - DEBUG - Skipping company_59: Hash unchanged.
2026-07-16 22:32:03,322 - DEBUG - Skipping company_60: Hash unchanged.
2026-07-16 22:32:03,323 - DEBUG - Skipping company_61: Hash unchanged.
2026-07-16 22:32:03,324 - DEBUG - Skipping company_62: Hash unchanged.
2026-07-16 22:32:03,325 - DEBUG - Skipping company_63: Hash unchanged.
2026-07-16 22:32:03,326 - DEBUG - Skipping company_64: Hash unchanged.
2026-07-16 22:32:03,328 - DEBUG - Skipping company_65: Hash unchanged.
2026-07-16 22:32:03,329 - DEBUG - Skipping company_66: Hash unchanged.
2026-07-16 22:32:03,330 - DEBUG - Skipping company_67: Hash unchanged.
2026-07-16 22:32:03,332 - DEBUG - Skipping company_68: Hash unchanged.
2026-07-16 22:32:03,333 - DEBUG - Skipping company_69: Hash unchanged.
2026-07-16 22:32:03,334 - DEBUG - Skipping company_70: Hash unchanged.
2026-07-16 22:32:03,336 - DEBUG - Skipping company_71: Hash unchanged.
2026-07-16 22:32:03,337 - DEBUG - Skipping company_72: Hash unchanged.
2026-07-16 22:32:03,338 - DEBUG - Skipping company_73: Hash unchanged.
2026-07-16 22:32:03,339 - DEBUG - Skipping company_74: Hash unchanged.
2026-07-16 22:32:03,340 - DEBUG - Skipping company_75: Hash unchanged.
2026-07-16 22:32:03,341 - DEBUG - Skipping company_76: Hash unchanged.
2026-07-16 22:32:03,342 - DEBUG - Skipping company_77: Hash unchanged.
2026-07-16 22:32:03,343 - DEBUG - Skipping company_78: Hash unchanged.
2026-07-16 22:32:03,345 - DEBUG - Skipping company_79: Hash unchanged.
2026-07-16 22:32:03,346 - DEBUG - Skipping company_80: Hash unchanged.
2026-07-16 22:32:03,348 - DEBUG - Skipping company_81: Hash unchanged.
2026-07-16 22:32:03,349 - DEBUG - Skipping company_82: Hash unchanged.
2026-07-16 22:32:03,351 - DEBUG - Skipping company_83: Hash unchanged.
2026-07-16 22:32:03,352 - DEBUG - Skipping company_84: Hash unchanged.
2026-07-16 22:32:03,354 - DEBUG - Skipping company_85: Hash unchanged.
2026-07-16 22:32:03,355 - DEBUG - Skipping company_86: Hash unchanged.
2026-07-16 22:32:03,356 - DEBUG - Skipping company_87: Hash unchanged.
2026-07-16 22:32:03,357 - DEBUG - Skipping company_88: Hash unchanged.
2026-07-16 22:32:03,359 - DEBUG - Skipping company_89: Hash unchanged.
2026-07-16 22:32:03,360 - DEBUG - Skipping company_90: Hash unchanged.
2026-07-16 22:32:03,361 - DEBUG - Skipping company_91: Hash unchanged.
2026-07-16 22:32:03,362 - DEBUG - Skipping company_92: Hash unchanged.
2026-07-16 22:32:03,364 - DEBUG - Skipping company_93: Hash unchanged.
2026-07-16 22:32:03,365 - DEBUG - Skipping company_94: Hash unchanged.
2026-07-16 22:32:03,366 - DEBUG - Skipping company_95: Hash unchanged.
2026-07-16 22:32:03,367 - DEBUG - Skipping company_96: Hash unchanged.
2026-07-16 22:32:03,369 - DEBUG - Skipping company_97: Hash unchanged.
2026-07-16 22:32:03,370 - DEBUG - Skipping company_98: Hash unchanged.
2026-07-16 22:32:03,372 - DEBUG - Skipping company_99: Hash unchanged.
2026-07-16 22:32:03,373 - DEBUG - Skipping company_100: Hash unchanged.
2026-07-16 22:32:03,374 - DEBUG - Skipping company_101: Hash unchanged.
2026-07-16 22:32:03,375 - DEBUG - Skipping company_102: Hash unchanged.
2026-07-16 22:32:03,376 - DEBUG - Skipping company_103: Hash unchanged.
2026-07-16 22:32:03,377 - DEBUG - Skipping company_104: Hash unchanged.
2026-07-16 22:32:03,378 - DEBUG - Skipping company_105: Hash unchanged.
2026-07-16 22:32:03,379 - DEBUG - Skipping company_106: Hash unchanged.
2026-07-16 22:32:03,381 - DEBUG - Skipping company_107: Hash unchanged.
2026-07-16 22:32:03,382 - DEBUG - Skipping company_108: Hash unchanged.
2026-07-16 22:32:03,383 - DEBUG - Skipping company_109: Hash unchanged.
2026-07-16 22:32:03,384 - DEBUG - Skipping company_110: Hash unchanged.
2026-07-16 22:32:03,386 - DEBUG - Skipping company_111: Hash unchanged.
2026-07-16 22:32:03,387 - DEBUG - Skipping company_112: Hash unchanged.
2026-07-16 22:32:03,388 - DEBUG - Skipping company_113: Hash unchanged.
2026-07-16 22:32:03,389 - DEBUG - Skipping company_114: Hash unchanged.
2026-07-16 22:32:03,390 - DEBUG - Skipping company_115: Hash unchanged.
2026-07-16 22:32:03,391 - DEBUG - Skipping company_116: Hash unchanged.
2026-07-16 22:32:03,391 - INFO - Companies: 1 indexed, 115 skipped.
2026-07-16 22:32:03,392 - INFO - Indexing Problems...
2026-07-16 22:32:03,397 - DEBUG - Skipping problem_1: Hash unchanged.
2026-07-16 22:32:03,399 - DEBUG - Skipping problem_2: Hash unchanged.
2026-07-16 22:32:03,400 - DEBUG - Skipping problem_3: Hash unchanged.
2026-07-16 22:32:03,425 - DEBUG - Generated embedding for problem_4 in 0.024s
2026-07-16 22:32:03,455 - DEBUG - Skipping problem_5: Hash unchanged.
2026-07-16 22:32:03,456 - DEBUG - Skipping problem_6: Hash unchanged.
2026-07-16 22:32:03,457 - DEBUG - Skipping problem_7: Hash unchanged.
2026-07-16 22:32:03,458 - DEBUG - Skipping problem_8: Hash unchanged.
2026-07-16 22:32:03,459 - DEBUG - Skipping problem_9: Hash unchanged.
2026-07-16 22:32:03,460 - DEBUG - Skipping problem_10: Hash unchanged.
2026-07-16 22:32:03,461 - DEBUG - Skipping problem_11: Hash unchanged.
2026-07-16 22:32:03,463 - DEBUG - Skipping problem_12: Hash unchanged.
2026-07-16 22:32:03,464 - DEBUG - Skipping problem_13: Hash unchanged.
2026-07-16 22:32:03,465 - DEBUG - Skipping problem_14: Hash unchanged.
2026-07-16 22:32:03,466 - DEBUG - Skipping problem_15: Hash unchanged.
2026-07-16 22:32:03,467 - DEBUG - Skipping problem_16: Hash unchanged.
2026-07-16 22:32:03,468 - DEBUG - Skipping problem_17: Hash unchanged.
2026-07-16 22:32:03,469 - DEBUG - Skipping problem_18: Hash unchanged.
2026-07-16 22:32:03,470 - DEBUG - Skipping problem_19: Hash unchanged.
2026-07-16 22:32:03,472 - DEBUG - Skipping problem_20: Hash unchanged.
2026-07-16 22:32:03,473 - DEBUG - Skipping problem_21: Hash unchanged.
2026-07-16 22:32:03,474 - DEBUG - Skipping problem_22: Hash unchanged.
2026-07-16 22:32:03,475 - DEBUG - Skipping problem_23: Hash unchanged.
2026-07-16 22:32:03,476 - DEBUG - Skipping problem_24: Hash unchanged.
2026-07-16 22:32:03,477 - DEBUG - Skipping problem_25: Hash unchanged.
2026-07-16 22:32:03,478 - DEBUG - Skipping problem_26: Hash unchanged.
2026-07-16 22:32:03,479 - DEBUG - Skipping problem_27: Hash unchanged.
2026-07-16 22:32:03,481 - DEBUG - Skipping problem_28: Hash unchanged.
2026-07-16 22:32:03,482 - DEBUG - Skipping problem_29: Hash unchanged.
2026-07-16 22:32:03,483 - DEBUG - Skipping problem_30: Hash unchanged.
2026-07-16 22:32:03,485 - DEBUG - Skipping problem_31: Hash unchanged.
2026-07-16 22:32:03,486 - DEBUG - Skipping problem_32: Hash unchanged.
2026-07-16 22:32:03,487 - DEBUG - Skipping problem_33: Hash unchanged.
2026-07-16 22:32:03,488 - DEBUG - Skipping problem_34: Hash unchanged.
2026-07-16 22:32:03,489 - DEBUG - Skipping problem_35: Hash unchanged.
2026-07-16 22:32:03,490 - DEBUG - Skipping problem_36: Hash unchanged.
2026-07-16 22:32:03,491 - DEBUG - Skipping problem_37: Hash unchanged.
2026-07-16 22:32:03,492 - DEBUG - Skipping problem_38: Hash unchanged.
2026-07-16 22:32:03,493 - DEBUG - Skipping problem_39: Hash unchanged.
2026-07-16 22:32:03,494 - DEBUG - Skipping problem_40: Hash unchanged.
2026-07-16 22:32:03,495 - DEBUG - Skipping problem_41: Hash unchanged.
2026-07-16 22:32:03,497 - DEBUG - Skipping problem_42: Hash unchanged.
2026-07-16 22:32:03,498 - DEBUG - Skipping problem_43: Hash unchanged.
2026-07-16 22:32:03,499 - DEBUG - Skipping problem_44: Hash unchanged.
2026-07-16 22:32:03,500 - DEBUG - Skipping problem_45: Hash unchanged.
2026-07-16 22:32:03,501 - DEBUG - Skipping problem_46: Hash unchanged.
2026-07-16 22:32:03,502 - DEBUG - Skipping problem_47: Hash unchanged.
2026-07-16 22:32:03,503 - DEBUG - Skipping problem_48: Hash unchanged.
2026-07-16 22:32:03,504 - DEBUG - Skipping problem_49: Hash unchanged.
2026-07-16 22:32:03,505 - DEBUG - Skipping problem_50: Hash unchanged.
2026-07-16 22:32:03,506 - DEBUG - Skipping problem_51: Hash unchanged.
2026-07-16 22:32:03,507 - DEBUG - Skipping problem_52: Hash unchanged.
2026-07-16 22:32:03,508 - DEBUG - Skipping problem_53: Hash unchanged.
2026-07-16 22:32:03,509 - DEBUG - Skipping problem_54: Hash unchanged.
2026-07-16 22:32:03,511 - DEBUG - Skipping problem_55: Hash unchanged.
2026-07-16 22:32:03,514 - DEBUG - Skipping problem_56: Hash unchanged.
2026-07-16 22:32:03,515 - DEBUG - Skipping problem_57: Hash unchanged.
2026-07-16 22:32:03,517 - DEBUG - Skipping problem_58: Hash unchanged.
2026-07-16 22:32:03,518 - DEBUG - Skipping problem_59: Hash unchanged.
2026-07-16 22:32:03,520 - DEBUG - Skipping problem_60: Hash unchanged.
2026-07-16 22:32:03,522 - DEBUG - Skipping problem_61: Hash unchanged.
2026-07-16 22:32:03,524 - DEBUG - Skipping problem_62: Hash unchanged.
2026-07-16 22:32:03,525 - DEBUG - Skipping problem_63: Hash unchanged.
2026-07-16 22:32:03,527 - DEBUG - Skipping problem_64: Hash unchanged.
2026-07-16 22:32:03,528 - DEBUG - Skipping problem_65: Hash unchanged.
2026-07-16 22:32:03,531 - DEBUG - Skipping problem_66: Hash unchanged.
2026-07-16 22:32:03,532 - DEBUG - Skipping problem_67: Hash unchanged.
2026-07-16 22:32:03,534 - DEBUG - Skipping problem_68: Hash unchanged.
2026-07-16 22:32:03,536 - DEBUG - Skipping problem_69: Hash unchanged.
2026-07-16 22:32:03,538 - DEBUG - Skipping problem_70: Hash unchanged.
2026-07-16 22:32:03,539 - DEBUG - Skipping problem_71: Hash unchanged.
2026-07-16 22:32:03,540 - INFO - Problems: 1 indexed, 70 skipped.
2026-07-16 22:32:03,540 - INFO - Indexing process finished in 18.38s
2026-07-16 22:32:23,117 - INFO - --- Running Verification ---
2026-07-16 22:32:23,150 - INFO - SQLite Records: 202 (116 Companies, 71 Problems, 15 Sectors)
2026-07-16 22:32:23,150 - INFO - KBChunk Records: 220
2026-07-16 22:32:23,151 - WARNING - Inconsistency: SQLite row count does not match KBChunk count.
2026-07-16 22:32:23,215 - INFO - ChromaDB Records: 220
2026-07-16 22:32:23,215 - INFO - Consistency Check Passed: ChromaDB and KBChunk match.
2026-07-16 22:32:23,216 - INFO - Indexing process finished in 0.10s
2026-07-16 22:32:51,198 - INFO - Indexing Sectors...
2026-07-16 22:33:05,091 - DEBUG - Generated embedding for sector_1 in 13.865s
2026-07-16 22:33:05,159 - DEBUG - Generated embedding for sector_2 in 0.010s
2026-07-16 22:33:05,191 - DEBUG - Generated embedding for sector_3 in 0.010s
2026-07-16 22:33:05,223 - DEBUG - Generated embedding for sector_4 in 0.011s
2026-07-16 22:33:05,253 - DEBUG - Generated embedding for sector_5 in 0.010s
2026-07-16 22:33:05,284 - DEBUG - Generated embedding for sector_6 in 0.011s
2026-07-16 22:33:05,303 - DEBUG - Generated embedding for sector_7 in 0.000s
2026-07-16 22:33:05,340 - DEBUG - Generated embedding for sector_8 in 0.010s
2026-07-16 22:33:05,368 - DEBUG - Generated embedding for sector_9 in 0.009s
2026-07-16 22:33:05,385 - DEBUG - Generated embedding for sector_10 in 0.000s
2026-07-16 22:33:05,416 - DEBUG - Generated embedding for sector_11 in 0.000s
2026-07-16 22:33:05,454 - DEBUG - Generated embedding for sector_12 in 0.009s
2026-07-16 22:33:05,482 - DEBUG - Generated embedding for sector_13 in 0.016s
2026-07-16 22:33:05,509 - DEBUG - Generated embedding for sector_14 in 0.012s
2026-07-16 22:33:05,544 - DEBUG - Generated embedding for sector_15 in 0.012s
2026-07-16 22:33:05,561 - INFO - Sectors: 15 indexed, 0 skipped.
2026-07-16 22:33:05,561 - INFO - Indexing Companies...
2026-07-16 22:33:05,600 - DEBUG - Generated embedding for company_1 in 0.030s
2026-07-16 22:33:05,647 - DEBUG - Generated embedding for company_2 in 0.019s
2026-07-16 22:33:05,696 - DEBUG - Generated embedding for company_3 in 0.026s
2026-07-16 22:33:05,754 - DEBUG - Generated embedding for company_4 in 0.033s
2026-07-16 22:33:05,796 - DEBUG - Generated embedding for company_5 in 0.017s
2026-07-16 22:33:05,846 - DEBUG - Generated embedding for company_6 in 0.025s
2026-07-16 22:33:05,906 - DEBUG - Generated embedding for company_7 in 0.035s
2026-07-16 22:33:05,936 - DEBUG - Generated embedding for company_8 in 0.006s
2026-07-16 22:33:05,990 - DEBUG - Generated embedding for company_9 in 0.015s
2026-07-16 22:33:06,020 - DEBUG - Generated embedding for company_10 in 0.004s
2026-07-16 22:33:06,053 - DEBUG - Generated embedding for company_11 in 0.000s
2026-07-16 22:33:06,095 - DEBUG - Generated embedding for company_12 in 0.006s
2026-07-16 22:33:06,119 - DEBUG - Generated embedding for company_13 in 0.000s
2026-07-16 22:33:06,169 - DEBUG - Generated embedding for company_14 in 0.017s
2026-07-16 22:33:06,203 - DEBUG - Generated embedding for company_15 in 0.016s
2026-07-16 22:33:06,236 - DEBUG - Generated embedding for company_16 in 0.017s
2026-07-16 22:33:06,270 - DEBUG - Generated embedding for company_17 in 0.017s
2026-07-16 22:33:06,311 - DEBUG - Generated embedding for company_18 in 0.012s
2026-07-16 22:33:06,340 - DEBUG - Generated embedding for company_19 in 0.009s
2026-07-16 22:33:06,389 - DEBUG - Generated embedding for company_20 in 0.020s
2026-07-16 22:33:06,424 - DEBUG - Generated embedding for company_21 in 0.012s
2026-07-16 22:33:06,454 - DEBUG - Generated embedding for company_22 in 0.018s
2026-07-16 22:33:06,486 - DEBUG - Generated embedding for company_23 in 0.017s
2026-07-16 22:33:06,530 - DEBUG - Generated embedding for company_24 in 0.012s
2026-07-16 22:33:06,553 - DEBUG - Generated embedding for company_25 in 0.017s
2026-07-16 22:33:06,603 - DEBUG - Generated embedding for company_26 in 0.017s
2026-07-16 22:33:06,654 - DEBUG - Generated embedding for company_27 in 0.018s
2026-07-16 22:33:06,703 - DEBUG - Generated embedding for company_28 in 0.017s
2026-07-16 22:33:06,747 - DEBUG - Generated embedding for company_29 in 0.028s
2026-07-16 22:33:06,786 - DEBUG - Generated embedding for company_30 in 0.014s
2026-07-16 22:33:06,833 - DEBUG - Generated embedding for company_31 in 0.014s
2026-07-16 22:33:06,870 - DEBUG - Generated embedding for company_32 in 0.012s
2026-07-16 22:33:06,904 - DEBUG - Generated embedding for company_33 in 0.018s
2026-07-16 22:33:06,952 - DEBUG - Generated embedding for company_34 in 0.016s
2026-07-16 22:33:06,986 - DEBUG - Generated embedding for company_35 in 0.014s
2026-07-16 22:33:07,019 - DEBUG - Generated embedding for company_36 in 0.017s
2026-07-16 22:33:07,077 - DEBUG - Generated embedding for company_37 in 0.019s
2026-07-16 22:33:07,119 - DEBUG - Generated embedding for company_38 in 0.017s
2026-07-16 22:33:07,152 - DEBUG - Generated embedding for company_39 in 0.017s
2026-07-16 22:33:07,203 - DEBUG - Generated embedding for company_40 in 0.016s
2026-07-16 22:33:07,236 - DEBUG - Generated embedding for company_41 in 0.017s
2026-07-16 22:33:07,285 - DEBUG - Generated embedding for company_42 in 0.033s
2026-07-16 22:33:07,330 - DEBUG - Generated embedding for company_43 in 0.018s
2026-07-16 22:33:07,370 - DEBUG - Generated embedding for company_44 in 0.015s
2026-07-16 22:33:07,414 - DEBUG - Generated embedding for company_45 in 0.016s
2026-07-16 22:33:07,454 - DEBUG - Generated embedding for company_46 in 0.014s
2026-07-16 22:33:07,501 - DEBUG - Generated embedding for company_47 in 0.020s
2026-07-16 22:33:07,544 - DEBUG - Generated embedding for company_48 in 0.016s
2026-07-16 22:33:07,586 - DEBUG - Generated embedding for company_49 in 0.014s
2026-07-16 22:33:07,628 - DEBUG - Generated embedding for company_50 in 0.016s
2026-07-16 22:33:07,675 - DEBUG - Generated embedding for company_51 in 0.019s
2026-07-16 22:33:07,719 - DEBUG - Generated embedding for company_52 in 0.018s
2026-07-16 22:33:07,764 - DEBUG - Generated embedding for company_53 in 0.018s
2026-07-16 22:33:07,809 - DEBUG - Generated embedding for company_54 in 0.016s
2026-07-16 22:33:07,857 - DEBUG - Generated embedding for company_55 in 0.019s
2026-07-16 22:33:07,900 - DEBUG - Generated embedding for company_56 in 0.015s
2026-07-16 22:33:07,949 - DEBUG - Generated embedding for company_57 in 0.020s
2026-07-16 22:33:07,994 - DEBUG - Generated embedding for company_58 in 0.018s
2026-07-16 22:33:08,039 - DEBUG - Generated embedding for company_59 in 0.017s
2026-07-16 22:33:08,088 - DEBUG - Generated embedding for company_60 in 0.020s
2026-07-16 22:33:08,135 - DEBUG - Generated embedding for company_61 in 0.019s
2026-07-16 22:33:08,181 - DEBUG - Generated embedding for company_62 in 0.018s
2026-07-16 22:33:08,230 - DEBUG - Generated embedding for company_63 in 0.017s
2026-07-16 22:33:08,272 - DEBUG - Generated embedding for company_64 in 0.016s
2026-07-16 22:33:08,316 - DEBUG - Generated embedding for company_65 in 0.017s
2026-07-16 22:33:08,356 - DEBUG - Generated embedding for company_66 in 0.013s
2026-07-16 22:33:08,399 - DEBUG - Generated embedding for company_67 in 0.016s
2026-07-16 22:33:08,445 - DEBUG - Generated embedding for company_68 in 0.018s
2026-07-16 22:33:08,488 - DEBUG - Generated embedding for company_69 in 0.015s
2026-07-16 22:33:08,529 - DEBUG - Generated embedding for company_70 in 0.014s
2026-07-16 22:33:08,576 - DEBUG - Generated embedding for company_71 in 0.019s
2026-07-16 22:33:08,622 - DEBUG - Generated embedding for company_72 in 0.018s
2026-07-16 22:33:08,665 - DEBUG - Generated embedding for company_73 in 0.016s
2026-07-16 22:33:08,710 - DEBUG - Generated embedding for company_74 in 0.016s
2026-07-16 22:33:08,758 - DEBUG - Generated embedding for company_75 in 0.017s
2026-07-16 22:33:08,803 - DEBUG - Generated embedding for company_76 in 0.017s
2026-07-16 22:33:08,848 - DEBUG - Generated embedding for company_77 in 0.017s
2026-07-16 22:33:08,891 - DEBUG - Generated embedding for company_78 in 0.015s
2026-07-16 22:33:08,937 - DEBUG - Generated embedding for company_79 in 0.016s
2026-07-16 22:33:08,981 - DEBUG - Generated embedding for company_80 in 0.016s
2026-07-16 22:33:09,026 - DEBUG - Generated embedding for company_81 in 0.017s
2026-07-16 22:33:09,073 - DEBUG - Generated embedding for company_82 in 0.018s
2026-07-16 22:33:09,121 - DEBUG - Generated embedding for company_83 in 0.019s
2026-07-16 22:33:09,166 - DEBUG - Generated embedding for company_84 in 0.016s
2026-07-16 22:33:09,212 - DEBUG - Generated embedding for company_85 in 0.019s
2026-07-16 22:33:09,262 - DEBUG - Generated embedding for company_86 in 0.021s
2026-07-16 22:33:09,311 - DEBUG - Generated embedding for company_87 in 0.019s
2026-07-16 22:33:09,360 - DEBUG - Generated embedding for company_88 in 0.018s
2026-07-16 22:33:09,404 - DEBUG - Generated embedding for company_89 in 0.015s
2026-07-16 22:33:09,451 - DEBUG - Generated embedding for company_90 in 0.019s
2026-07-16 22:33:09,513 - DEBUG - Generated embedding for company_91 in 0.030s
2026-07-16 22:33:09,574 - DEBUG - Generated embedding for company_92 in 0.025s
2026-07-16 22:33:09,629 - DEBUG - Generated embedding for company_93 in 0.021s
2026-07-16 22:33:09,687 - DEBUG - Generated embedding for company_94 in 0.020s
2026-07-16 22:33:09,741 - DEBUG - Generated embedding for company_95 in 0.020s
2026-07-16 22:33:09,792 - DEBUG - Generated embedding for company_96 in 0.021s
2026-07-16 22:33:09,840 - DEBUG - Generated embedding for company_97 in 0.017s
2026-07-16 22:33:09,884 - DEBUG - Generated embedding for company_98 in 0.016s
2026-07-16 22:33:09,929 - DEBUG - Generated embedding for company_99 in 0.018s
2026-07-16 22:33:09,980 - DEBUG - Generated embedding for company_100 in 0.019s
2026-07-16 22:33:10,029 - DEBUG - Generated embedding for company_101 in 0.018s
2026-07-16 22:33:10,078 - DEBUG - Generated embedding for company_102 in 0.019s
2026-07-16 22:33:10,130 - DEBUG - Generated embedding for company_103 in 0.020s
2026-07-16 22:33:10,181 - DEBUG - Generated embedding for company_104 in 0.019s
2026-07-16 22:33:10,230 - DEBUG - Generated embedding for company_105 in 0.018s
2026-07-16 22:33:10,277 - DEBUG - Generated embedding for company_106 in 0.017s
2026-07-16 22:33:10,325 - DEBUG - Generated embedding for company_107 in 0.018s
2026-07-16 22:33:10,365 - DEBUG - Generated embedding for company_108 in 0.013s
2026-07-16 22:33:10,416 - DEBUG - Generated embedding for company_109 in 0.018s
2026-07-16 22:33:10,462 - DEBUG - Generated embedding for company_110 in 0.015s
2026-07-16 22:33:10,511 - DEBUG - Generated embedding for company_111 in 0.018s
2026-07-16 22:33:10,556 - DEBUG - Generated embedding for company_112 in 0.016s
2026-07-16 22:33:10,605 - DEBUG - Generated embedding for company_113 in 0.020s
2026-07-16 22:33:10,658 - DEBUG - Generated embedding for company_114 in 0.018s
2026-07-16 22:33:10,705 - DEBUG - Generated embedding for company_115 in 0.018s
2026-07-16 22:33:10,759 - DEBUG - Generated embedding for company_116 in 0.017s
2026-07-16 22:33:10,787 - INFO - Companies: 116 indexed, 0 skipped.
2026-07-16 22:33:10,789 - INFO - Indexing Problems...
2026-07-16 22:33:10,826 - DEBUG - Generated embedding for problem_1 in 0.031s
2026-07-16 22:33:10,872 - DEBUG - Generated embedding for problem_2 in 0.016s
2026-07-16 22:33:10,913 - DEBUG - Generated embedding for problem_3 in 0.014s
2026-07-16 22:33:10,960 - DEBUG - Generated embedding for problem_4 in 0.017s
2026-07-16 22:33:11,002 - DEBUG - Generated embedding for problem_5 in 0.013s
2026-07-16 22:33:11,044 - DEBUG - Generated embedding for problem_6 in 0.013s
2026-07-16 22:33:11,093 - DEBUG - Generated embedding for problem_7 in 0.018s
2026-07-16 22:33:11,164 - DEBUG - Generated embedding for problem_8 in 0.033s
2026-07-16 22:33:11,228 - DEBUG - Generated embedding for problem_9 in 0.025s
2026-07-16 22:33:11,280 - DEBUG - Generated embedding for problem_10 in 0.017s
2026-07-16 22:33:11,349 - DEBUG - Generated embedding for problem_11 in 0.035s
2026-07-16 22:33:11,406 - DEBUG - Generated embedding for problem_12 in 0.019s
2026-07-16 22:33:11,470 - DEBUG - Generated embedding for problem_13 in 0.026s
2026-07-16 22:33:11,523 - DEBUG - Generated embedding for problem_14 in 0.018s
2026-07-16 22:33:11,571 - DEBUG - Generated embedding for problem_15 in 0.015s
2026-07-16 22:33:11,617 - DEBUG - Generated embedding for problem_16 in 0.016s
2026-07-16 22:33:11,662 - DEBUG - Generated embedding for problem_17 in 0.015s
2026-07-16 22:33:11,704 - DEBUG - Generated embedding for problem_18 in 0.014s
2026-07-16 22:33:11,748 - DEBUG - Generated embedding for problem_19 in 0.016s
2026-07-16 22:33:11,790 - DEBUG - Generated embedding for problem_20 in 0.014s
2026-07-16 22:33:11,832 - DEBUG - Generated embedding for problem_21 in 0.013s
2026-07-16 22:33:11,879 - DEBUG - Generated embedding for problem_22 in 0.015s
2026-07-16 22:33:11,925 - DEBUG - Generated embedding for problem_23 in 0.014s
2026-07-16 22:33:11,970 - DEBUG - Generated embedding for problem_24 in 0.013s
2026-07-16 22:33:12,013 - DEBUG - Generated embedding for problem_25 in 0.013s
2026-07-16 22:33:12,056 - DEBUG - Generated embedding for problem_26 in 0.012s
2026-07-16 22:33:12,103 - DEBUG - Generated embedding for problem_27 in 0.015s
2026-07-16 22:33:12,145 - DEBUG - Generated embedding for problem_28 in 0.013s
2026-07-16 22:33:12,187 - DEBUG - Generated embedding for problem_29 in 0.013s
2026-07-16 22:33:12,232 - DEBUG - Generated embedding for problem_30 in 0.016s
2026-07-16 22:33:12,276 - DEBUG - Generated embedding for problem_31 in 0.015s
2026-07-16 22:33:12,321 - DEBUG - Generated embedding for problem_32 in 0.015s
2026-07-16 22:33:12,362 - DEBUG - Generated embedding for problem_33 in 0.013s
2026-07-16 22:33:12,402 - DEBUG - Generated embedding for problem_34 in 0.012s
2026-07-16 22:33:12,442 - DEBUG - Generated embedding for problem_35 in 0.013s
2026-07-16 22:33:12,484 - DEBUG - Generated embedding for problem_36 in 0.012s
2026-07-16 22:33:12,524 - DEBUG - Generated embedding for problem_37 in 0.013s
2026-07-16 22:33:12,565 - DEBUG - Generated embedding for problem_38 in 0.012s
2026-07-16 22:33:12,608 - DEBUG - Generated embedding for problem_39 in 0.013s
2026-07-16 22:33:12,649 - DEBUG - Generated embedding for problem_40 in 0.012s
2026-07-16 22:33:12,691 - DEBUG - Generated embedding for problem_41 in 0.013s
2026-07-16 22:33:12,736 - DEBUG - Generated embedding for problem_42 in 0.015s
2026-07-16 22:33:12,787 - DEBUG - Generated embedding for problem_43 in 0.018s
2026-07-16 22:33:12,832 - DEBUG - Generated embedding for problem_44 in 0.015s
2026-07-16 22:33:12,876 - DEBUG - Generated embedding for problem_45 in 0.012s
2026-07-16 22:33:12,921 - DEBUG - Generated embedding for problem_46 in 0.016s
2026-07-16 22:33:12,973 - DEBUG - Generated embedding for problem_47 in 0.018s
2026-07-16 22:33:13,018 - DEBUG - Generated embedding for problem_48 in 0.012s
2026-07-16 22:33:13,062 - DEBUG - Generated embedding for problem_49 in 0.014s
2026-07-16 22:33:13,103 - DEBUG - Generated embedding for problem_50 in 0.013s
2026-07-16 22:33:13,145 - DEBUG - Generated embedding for problem_51 in 0.013s
2026-07-16 22:33:13,193 - DEBUG - Generated embedding for problem_52 in 0.018s
2026-07-16 22:33:13,254 - DEBUG - Generated embedding for problem_53 in 0.020s
2026-07-16 22:33:13,310 - DEBUG - Generated embedding for problem_54 in 0.025s
2026-07-16 22:33:13,351 - DEBUG - Generated embedding for problem_55 in 0.005s
2026-07-16 22:33:13,402 - DEBUG - Generated embedding for problem_56 in 0.017s
2026-07-16 22:33:13,456 - DEBUG - Generated embedding for problem_57 in 0.013s
2026-07-16 22:33:13,500 - DEBUG - Generated embedding for problem_58 in 0.016s
2026-07-16 22:33:13,542 - DEBUG - Generated embedding for problem_59 in 0.022s
2026-07-16 22:33:13,585 - DEBUG - Generated embedding for problem_60 in 0.017s
2026-07-16 22:33:13,618 - DEBUG - Generated embedding for problem_61 in 0.001s
2026-07-16 22:33:13,668 - DEBUG - Generated embedding for problem_62 in 0.017s
2026-07-16 22:33:13,718 - DEBUG - Generated embedding for problem_63 in 0.017s
2026-07-16 22:33:13,769 - DEBUG - Generated embedding for problem_64 in 0.013s
2026-07-16 22:33:13,822 - DEBUG - Generated embedding for problem_65 in 0.020s
2026-07-16 22:33:13,874 - DEBUG - Generated embedding for problem_66 in 0.017s
2026-07-16 22:33:13,921 - DEBUG - Generated embedding for problem_67 in 0.020s
2026-07-16 22:33:13,974 - DEBUG - Generated embedding for problem_68 in 0.017s
2026-07-16 22:33:14,019 - DEBUG - Generated embedding for problem_69 in 0.018s
2026-07-16 22:33:14,051 - DEBUG - Generated embedding for problem_70 in 0.017s
2026-07-16 22:33:14,101 - DEBUG - Generated embedding for problem_71 in 0.017s
2026-07-16 22:33:14,135 - INFO - Problems: 71 indexed, 0 skipped.
2026-07-16 22:33:14,135 - INFO - --- Running Verification ---
2026-07-16 22:33:14,152 - INFO - SQLite Records: 202 (116 Companies, 71 Problems, 15 Sectors)
2026-07-16 22:33:14,152 - INFO - KBChunk Records: 202
2026-07-16 22:33:14,158 - INFO - Consistency Check Passed: SQLite and KBChunk match.
2026-07-16 22:33:14,171 - INFO - ChromaDB Records: 202
2026-07-16 22:33:14,171 - INFO - Consistency Check Passed: ChromaDB and KBChunk match.
2026-07-16 22:33:14,171 - INFO - Indexing process finished in 22.97s
2026-07-16 23:33:13,681 - INFO - Indexing Sectors...
2026-07-16 23:33:13,705 - DEBUG - Skipping sector_1: Hash unchanged.
2026-07-16 23:33:28,677 - DEBUG - Generated embedding for sector_2 in 14.971s
2026-07-16 23:33:28,756 - DEBUG - Skipping sector_3: Hash unchanged.
2026-07-16 23:33:28,757 - DEBUG - Skipping sector_4: Hash unchanged.
2026-07-16 23:33:28,759 - DEBUG - Skipping sector_5: Hash unchanged.
2026-07-16 23:33:28,760 - DEBUG - Skipping sector_6: Hash unchanged.
2026-07-16 23:33:28,761 - DEBUG - Skipping sector_7: Hash unchanged.
2026-07-16 23:33:28,762 - DEBUG - Skipping sector_8: Hash unchanged.
2026-07-16 23:33:28,763 - DEBUG - Skipping sector_9: Hash unchanged.
2026-07-16 23:33:28,764 - DEBUG - Skipping sector_10: Hash unchanged.
2026-07-16 23:33:28,765 - DEBUG - Skipping sector_11: Hash unchanged.
2026-07-16 23:33:28,766 - DEBUG - Skipping sector_12: Hash unchanged.
2026-07-16 23:33:28,767 - DEBUG - Skipping sector_13: Hash unchanged.
2026-07-16 23:33:28,768 - DEBUG - Skipping sector_14: Hash unchanged.
2026-07-16 23:33:28,770 - DEBUG - Skipping sector_15: Hash unchanged.
2026-07-16 23:33:28,770 - INFO - Sectors: 1 indexed, 14 skipped.
2026-07-16 23:33:28,771 - INFO - Indexing Companies...
2026-07-16 23:33:28,776 - DEBUG - Skipping company_1: Hash unchanged.
2026-07-16 23:33:28,796 - DEBUG - Generated embedding for company_2 in 0.019s
2026-07-16 23:33:28,827 - DEBUG - Skipping company_3: Hash unchanged.
2026-07-16 23:33:28,828 - DEBUG - Skipping company_4: Hash unchanged.
2026-07-16 23:33:28,829 - DEBUG - Skipping company_5: Hash unchanged.
2026-07-16 23:33:28,830 - DEBUG - Skipping company_6: Hash unchanged.
2026-07-16 23:33:28,831 - DEBUG - Skipping company_7: Hash unchanged.
2026-07-16 23:33:28,834 - DEBUG - Skipping company_8: Hash unchanged.
2026-07-16 23:33:28,836 - DEBUG - Skipping company_9: Hash unchanged.
2026-07-16 23:33:28,837 - DEBUG - Skipping company_10: Hash unchanged.
2026-07-16 23:33:28,838 - DEBUG - Skipping company_11: Hash unchanged.
2026-07-16 23:33:28,839 - DEBUG - Skipping company_12: Hash unchanged.
2026-07-16 23:33:28,840 - DEBUG - Skipping company_13: Hash unchanged.
2026-07-16 23:33:28,841 - DEBUG - Skipping company_14: Hash unchanged.
2026-07-16 23:33:28,842 - DEBUG - Skipping company_15: Hash unchanged.
2026-07-16 23:33:28,844 - DEBUG - Skipping company_16: Hash unchanged.
2026-07-16 23:33:28,845 - DEBUG - Skipping company_17: Hash unchanged.
2026-07-16 23:33:28,846 - DEBUG - Skipping company_18: Hash unchanged.
2026-07-16 23:33:28,847 - DEBUG - Skipping company_19: Hash unchanged.
2026-07-16 23:33:28,848 - DEBUG - Skipping company_20: Hash unchanged.
2026-07-16 23:33:28,850 - DEBUG - Skipping company_21: Hash unchanged.
2026-07-16 23:33:28,852 - DEBUG - Skipping company_22: Hash unchanged.
2026-07-16 23:33:28,853 - DEBUG - Skipping company_23: Hash unchanged.
2026-07-16 23:33:28,854 - DEBUG - Skipping company_24: Hash unchanged.
2026-07-16 23:33:28,855 - DEBUG - Skipping company_25: Hash unchanged.
2026-07-16 23:33:28,856 - DEBUG - Skipping company_26: Hash unchanged.
2026-07-16 23:33:28,857 - DEBUG - Skipping company_27: Hash unchanged.
2026-07-16 23:33:28,858 - DEBUG - Skipping company_28: Hash unchanged.
2026-07-16 23:33:28,859 - DEBUG - Skipping company_29: Hash unchanged.
2026-07-16 23:33:28,860 - DEBUG - Skipping company_30: Hash unchanged.
2026-07-16 23:33:28,861 - DEBUG - Skipping company_31: Hash unchanged.
2026-07-16 23:33:28,862 - DEBUG - Skipping company_32: Hash unchanged.
2026-07-16 23:33:28,863 - DEBUG - Skipping company_33: Hash unchanged.
2026-07-16 23:33:28,864 - DEBUG - Skipping company_34: Hash unchanged.
2026-07-16 23:33:28,866 - DEBUG - Skipping company_35: Hash unchanged.
2026-07-16 23:33:28,868 - DEBUG - Skipping company_36: Hash unchanged.
2026-07-16 23:33:28,869 - DEBUG - Skipping company_37: Hash unchanged.
2026-07-16 23:33:28,870 - DEBUG - Skipping company_38: Hash unchanged.
2026-07-16 23:33:28,871 - DEBUG - Skipping company_39: Hash unchanged.
2026-07-16 23:33:28,872 - DEBUG - Skipping company_40: Hash unchanged.
2026-07-16 23:33:28,873 - DEBUG - Skipping company_41: Hash unchanged.
2026-07-16 23:33:28,874 - DEBUG - Skipping company_42: Hash unchanged.
2026-07-16 23:33:28,875 - DEBUG - Skipping company_43: Hash unchanged.
2026-07-16 23:33:28,876 - DEBUG - Skipping company_44: Hash unchanged.
2026-07-16 23:33:28,877 - DEBUG - Skipping company_45: Hash unchanged.
2026-07-16 23:33:28,878 - DEBUG - Skipping company_46: Hash unchanged.
2026-07-16 23:33:28,879 - DEBUG - Skipping company_47: Hash unchanged.
2026-07-16 23:33:28,880 - DEBUG - Skipping company_48: Hash unchanged.
2026-07-16 23:33:28,881 - DEBUG - Skipping company_49: Hash unchanged.
2026-07-16 23:33:28,883 - DEBUG - Skipping company_50: Hash unchanged.
2026-07-16 23:33:28,885 - DEBUG - Skipping company_51: Hash unchanged.
2026-07-16 23:33:28,886 - DEBUG - Skipping company_52: Hash unchanged.
2026-07-16 23:33:28,887 - DEBUG - Skipping company_53: Hash unchanged.
2026-07-16 23:33:28,888 - DEBUG - Skipping company_54: Hash unchanged.
2026-07-16 23:33:28,889 - DEBUG - Skipping company_55: Hash unchanged.
2026-07-16 23:33:28,890 - DEBUG - Skipping company_56: Hash unchanged.
2026-07-16 23:33:28,891 - DEBUG - Skipping company_57: Hash unchanged.
2026-07-16 23:33:28,892 - DEBUG - Skipping company_58: Hash unchanged.
2026-07-16 23:33:28,893 - DEBUG - Skipping company_59: Hash unchanged.
2026-07-16 23:33:28,894 - DEBUG - Skipping company_60: Hash unchanged.
2026-07-16 23:33:28,895 - DEBUG - Skipping company_61: Hash unchanged.
2026-07-16 23:33:28,896 - DEBUG - Skipping company_62: Hash unchanged.
2026-07-16 23:33:28,897 - DEBUG - Skipping company_63: Hash unchanged.
2026-07-16 23:33:28,899 - DEBUG - Skipping company_64: Hash unchanged.
2026-07-16 23:33:28,901 - DEBUG - Skipping company_65: Hash unchanged.
2026-07-16 23:33:28,902 - DEBUG - Skipping company_66: Hash unchanged.
2026-07-16 23:33:28,904 - DEBUG - Skipping company_67: Hash unchanged.
2026-07-16 23:33:28,905 - DEBUG - Skipping company_68: Hash unchanged.
2026-07-16 23:33:28,906 - DEBUG - Skipping company_69: Hash unchanged.
2026-07-16 23:33:28,908 - DEBUG - Skipping company_70: Hash unchanged.
2026-07-16 23:33:28,909 - DEBUG - Skipping company_71: Hash unchanged.
2026-07-16 23:33:28,910 - DEBUG - Skipping company_72: Hash unchanged.
2026-07-16 23:33:28,912 - DEBUG - Skipping company_73: Hash unchanged.
2026-07-16 23:33:28,913 - DEBUG - Skipping company_74: Hash unchanged.
2026-07-16 23:33:28,914 - DEBUG - Skipping company_75: Hash unchanged.
2026-07-16 23:33:28,915 - DEBUG - Skipping company_76: Hash unchanged.
2026-07-16 23:33:28,917 - DEBUG - Skipping company_77: Hash unchanged.
2026-07-16 23:33:28,918 - DEBUG - Skipping company_78: Hash unchanged.
2026-07-16 23:33:28,919 - DEBUG - Skipping company_79: Hash unchanged.
2026-07-16 23:33:28,920 - DEBUG - Skipping company_80: Hash unchanged.
2026-07-16 23:33:28,921 - DEBUG - Skipping company_81: Hash unchanged.
2026-07-16 23:33:28,922 - DEBUG - Skipping company_82: Hash unchanged.
2026-07-16 23:33:28,923 - DEBUG - Skipping company_83: Hash unchanged.
2026-07-16 23:33:28,924 - DEBUG - Skipping company_84: Hash unchanged.
2026-07-16 23:33:28,925 - DEBUG - Skipping company_85: Hash unchanged.
2026-07-16 23:33:28,926 - DEBUG - Skipping company_86: Hash unchanged.
2026-07-16 23:33:28,927 - DEBUG - Skipping company_87: Hash unchanged.
2026-07-16 23:33:28,928 - DEBUG - Skipping company_88: Hash unchanged.
2026-07-16 23:33:28,929 - DEBUG - Skipping company_89: Hash unchanged.
2026-07-16 23:33:28,931 - DEBUG - Skipping company_90: Hash unchanged.
2026-07-16 23:33:28,932 - DEBUG - Skipping company_91: Hash unchanged.
2026-07-16 23:33:28,934 - DEBUG - Skipping company_92: Hash unchanged.
2026-07-16 23:33:28,935 - DEBUG - Skipping company_93: Hash unchanged.
2026-07-16 23:33:28,936 - DEBUG - Skipping company_94: Hash unchanged.
2026-07-16 23:33:28,938 - DEBUG - Skipping company_95: Hash unchanged.
2026-07-16 23:33:28,939 - DEBUG - Skipping company_96: Hash unchanged.
2026-07-16 23:33:28,940 - DEBUG - Skipping company_97: Hash unchanged.
2026-07-16 23:33:28,942 - DEBUG - Skipping company_98: Hash unchanged.
2026-07-16 23:33:28,943 - DEBUG - Skipping company_99: Hash unchanged.
2026-07-16 23:33:28,944 - DEBUG - Skipping company_100: Hash unchanged.
2026-07-16 23:33:28,946 - DEBUG - Skipping company_101: Hash unchanged.
2026-07-16 23:33:28,947 - DEBUG - Skipping company_102: Hash unchanged.
2026-07-16 23:33:28,948 - DEBUG - Skipping company_103: Hash unchanged.
2026-07-16 23:33:28,950 - DEBUG - Skipping company_104: Hash unchanged.
2026-07-16 23:33:28,951 - DEBUG - Skipping company_105: Hash unchanged.
2026-07-16 23:33:28,952 - DEBUG - Skipping company_106: Hash unchanged.
2026-07-16 23:33:28,953 - DEBUG - Skipping company_107: Hash unchanged.
2026-07-16 23:33:28,954 - DEBUG - Skipping company_108: Hash unchanged.
2026-07-16 23:33:28,955 - DEBUG - Skipping company_109: Hash unchanged.
2026-07-16 23:33:28,957 - DEBUG - Skipping company_110: Hash unchanged.
2026-07-16 23:33:28,958 - DEBUG - Skipping company_111: Hash unchanged.
2026-07-16 23:33:28,959 - DEBUG - Skipping company_112: Hash unchanged.
2026-07-16 23:33:28,960 - DEBUG - Skipping company_113: Hash unchanged.
2026-07-16 23:33:28,961 - DEBUG - Skipping company_114: Hash unchanged.
2026-07-16 23:33:28,962 - DEBUG - Skipping company_115: Hash unchanged.
2026-07-16 23:33:28,963 - DEBUG - Skipping company_116: Hash unchanged.
2026-07-16 23:33:28,964 - INFO - Companies: 1 indexed, 115 skipped.
2026-07-16 23:33:28,964 - INFO - Indexing Problems...
2026-07-16 23:33:28,967 - DEBUG - Skipping problem_1: Hash unchanged.
2026-07-16 23:33:28,989 - DEBUG - Generated embedding for problem_2 in 0.021s
2026-07-16 23:33:29,019 - DEBUG - Skipping problem_3: Hash unchanged.
2026-07-16 23:33:29,020 - DEBUG - Skipping problem_4: Hash unchanged.
2026-07-16 23:33:29,021 - DEBUG - Skipping problem_5: Hash unchanged.
2026-07-16 23:33:29,022 - DEBUG - Skipping problem_6: Hash unchanged.
2026-07-16 23:33:29,023 - DEBUG - Skipping problem_7: Hash unchanged.
2026-07-16 23:33:29,024 - DEBUG - Skipping problem_8: Hash unchanged.
2026-07-16 23:33:29,025 - DEBUG - Skipping problem_9: Hash unchanged.
2026-07-16 23:33:29,026 - DEBUG - Skipping problem_10: Hash unchanged.
2026-07-16 23:33:29,027 - DEBUG - Skipping problem_11: Hash unchanged.
2026-07-16 23:33:29,029 - DEBUG - Skipping problem_12: Hash unchanged.
2026-07-16 23:33:29,030 - DEBUG - Skipping problem_13: Hash unchanged.
2026-07-16 23:33:29,031 - DEBUG - Skipping problem_14: Hash unchanged.
2026-07-16 23:33:29,033 - DEBUG - Skipping problem_15: Hash unchanged.
2026-07-16 23:33:29,034 - DEBUG - Skipping problem_16: Hash unchanged.
2026-07-16 23:33:29,035 - DEBUG - Skipping problem_17: Hash unchanged.
2026-07-16 23:33:29,036 - DEBUG - Skipping problem_18: Hash unchanged.
2026-07-16 23:33:29,036 - DEBUG - Skipping problem_19: Hash unchanged.
2026-07-16 23:33:29,037 - DEBUG - Skipping problem_20: Hash unchanged.
2026-07-16 23:33:29,038 - DEBUG - Skipping problem_21: Hash unchanged.
2026-07-16 23:33:29,039 - DEBUG - Skipping problem_22: Hash unchanged.
2026-07-16 23:33:29,040 - DEBUG - Skipping problem_23: Hash unchanged.
2026-07-16 23:33:29,041 - DEBUG - Skipping problem_24: Hash unchanged.
2026-07-16 23:33:29,042 - DEBUG - Skipping problem_25: Hash unchanged.
2026-07-16 23:33:29,043 - DEBUG - Skipping problem_26: Hash unchanged.
2026-07-16 23:33:29,044 - DEBUG - Skipping problem_27: Hash unchanged.
2026-07-16 23:33:29,045 - DEBUG - Skipping problem_28: Hash unchanged.
2026-07-16 23:33:29,046 - DEBUG - Skipping problem_29: Hash unchanged.
2026-07-16 23:33:29,047 - DEBUG - Skipping problem_30: Hash unchanged.
2026-07-16 23:33:29,048 - DEBUG - Skipping problem_31: Hash unchanged.
2026-07-16 23:33:29,050 - DEBUG - Skipping problem_32: Hash unchanged.
2026-07-16 23:33:29,051 - DEBUG - Skipping problem_33: Hash unchanged.
2026-07-16 23:33:29,052 - DEBUG - Skipping problem_34: Hash unchanged.
2026-07-16 23:33:29,053 - DEBUG - Skipping problem_35: Hash unchanged.
2026-07-16 23:33:29,055 - DEBUG - Skipping problem_36: Hash unchanged.
2026-07-16 23:33:29,056 - DEBUG - Skipping problem_37: Hash unchanged.
2026-07-16 23:33:29,058 - DEBUG - Skipping problem_38: Hash unchanged.
2026-07-16 23:33:29,060 - DEBUG - Skipping problem_39: Hash unchanged.
2026-07-16 23:33:29,061 - DEBUG - Skipping problem_40: Hash unchanged.
2026-07-16 23:33:29,062 - DEBUG - Skipping problem_41: Hash unchanged.
2026-07-16 23:33:29,064 - DEBUG - Skipping problem_42: Hash unchanged.
2026-07-16 23:33:29,065 - DEBUG - Skipping problem_43: Hash unchanged.
2026-07-16 23:33:29,066 - DEBUG - Skipping problem_44: Hash unchanged.
2026-07-16 23:33:29,068 - DEBUG - Skipping problem_45: Hash unchanged.
2026-07-16 23:33:29,069 - DEBUG - Skipping problem_46: Hash unchanged.
2026-07-16 23:33:29,070 - DEBUG - Skipping problem_47: Hash unchanged.
2026-07-16 23:33:29,072 - DEBUG - Skipping problem_48: Hash unchanged.
2026-07-16 23:33:29,073 - DEBUG - Skipping problem_49: Hash unchanged.
2026-07-16 23:33:29,074 - DEBUG - Skipping problem_50: Hash unchanged.
2026-07-16 23:33:29,075 - DEBUG - Skipping problem_51: Hash unchanged.
2026-07-16 23:33:29,076 - DEBUG - Skipping problem_52: Hash unchanged.
2026-07-16 23:33:29,077 - DEBUG - Skipping problem_53: Hash unchanged.
2026-07-16 23:33:29,078 - DEBUG - Skipping problem_54: Hash unchanged.
2026-07-16 23:33:29,079 - DEBUG - Skipping problem_55: Hash unchanged.
2026-07-16 23:33:29,080 - DEBUG - Skipping problem_56: Hash unchanged.
2026-07-16 23:33:29,081 - DEBUG - Skipping problem_57: Hash unchanged.
2026-07-16 23:33:29,082 - DEBUG - Skipping problem_58: Hash unchanged.
2026-07-16 23:33:29,083 - DEBUG - Skipping problem_59: Hash unchanged.
2026-07-16 23:33:29,084 - DEBUG - Skipping problem_60: Hash unchanged.
2026-07-16 23:33:29,085 - DEBUG - Skipping problem_61: Hash unchanged.
2026-07-16 23:33:29,086 - DEBUG - Skipping problem_62: Hash unchanged.
2026-07-16 23:33:29,087 - DEBUG - Skipping problem_63: Hash unchanged.
2026-07-16 23:33:29,088 - DEBUG - Skipping problem_64: Hash unchanged.
2026-07-16 23:33:29,089 - DEBUG - Skipping problem_65: Hash unchanged.
2026-07-16 23:33:29,090 - DEBUG - Skipping problem_66: Hash unchanged.
2026-07-16 23:33:29,091 - DEBUG - Skipping problem_67: Hash unchanged.
2026-07-16 23:33:29,092 - DEBUG - Skipping problem_68: Hash unchanged.
2026-07-16 23:33:29,093 - DEBUG - Skipping problem_69: Hash unchanged.
2026-07-16 23:33:29,094 - DEBUG - Skipping problem_70: Hash unchanged.
2026-07-16 23:33:29,096 - DEBUG - Skipping problem_71: Hash unchanged.
2026-07-16 23:33:29,096 - INFO - Problems: 1 indexed, 70 skipped.
2026-07-16 23:33:29,096 - INFO - Indexing process finished in 15.42s
2026-07-16 23:33:35,845 - INFO - --- Running Verification ---
2026-07-16 23:33:35,879 - INFO - SQLite Records: 202 (116 Companies, 71 Problems, 15 Sectors)
2026-07-16 23:33:35,880 - INFO - KBChunk Records: 202
2026-07-16 23:33:35,881 - INFO - Consistency Check Passed: SQLite and KBChunk match.
2026-07-16 23:33:35,930 - INFO - ChromaDB Records: 202
2026-07-16 23:33:35,931 - INFO - Consistency Check Passed: ChromaDB and KBChunk match.
2026-07-16 23:33:35,932 - INFO - Indexing process finished in 0.09s
2026-07-17 00:04:41,932 - INFO - Indexing Companies...
2026-07-17 00:04:41,959 - DEBUG - Skipping company_1: Hash unchanged.
2026-07-17 00:04:41,960 - DEBUG - Skipping company_2: Hash unchanged.
2026-07-17 00:04:59,878 - DEBUG - Generated embedding for company_3 in 17.917s
2026-07-17 00:04:59,978 - DEBUG - Skipping company_4: Hash unchanged.
2026-07-17 00:04:59,979 - DEBUG - Skipping company_5: Hash unchanged.
2026-07-17 00:04:59,981 - DEBUG - Skipping company_6: Hash unchanged.
2026-07-17 00:04:59,982 - DEBUG - Skipping company_7: Hash unchanged.
2026-07-17 00:04:59,984 - DEBUG - Skipping company_8: Hash unchanged.
2026-07-17 00:04:59,986 - DEBUG - Skipping company_9: Hash unchanged.
2026-07-17 00:04:59,988 - DEBUG - Skipping company_10: Hash unchanged.
2026-07-17 00:04:59,990 - DEBUG - Skipping company_11: Hash unchanged.
2026-07-17 00:04:59,991 - DEBUG - Skipping company_12: Hash unchanged.
2026-07-17 00:04:59,993 - DEBUG - Skipping company_13: Hash unchanged.
2026-07-17 00:04:59,994 - DEBUG - Skipping company_14: Hash unchanged.
2026-07-17 00:04:59,995 - DEBUG - Skipping company_15: Hash unchanged.
2026-07-17 00:04:59,997 - DEBUG - Skipping company_16: Hash unchanged.
2026-07-17 00:04:59,998 - DEBUG - Skipping company_17: Hash unchanged.
2026-07-17 00:05:00,000 - DEBUG - Skipping company_18: Hash unchanged.
2026-07-17 00:05:00,002 - DEBUG - Skipping company_19: Hash unchanged.
2026-07-17 00:05:00,004 - DEBUG - Skipping company_20: Hash unchanged.
2026-07-17 00:05:00,006 - DEBUG - Skipping company_21: Hash unchanged.
2026-07-17 00:05:00,008 - DEBUG - Skipping company_22: Hash unchanged.
2026-07-17 00:05:00,009 - DEBUG - Skipping company_23: Hash unchanged.
2026-07-17 00:05:00,010 - DEBUG - Skipping company_24: Hash unchanged.
2026-07-17 00:05:00,012 - DEBUG - Skipping company_25: Hash unchanged.
2026-07-17 00:05:00,013 - DEBUG - Skipping company_26: Hash unchanged.
2026-07-17 00:05:00,015 - DEBUG - Skipping company_27: Hash unchanged.
2026-07-17 00:05:00,017 - DEBUG - Skipping company_28: Hash unchanged.
2026-07-17 00:05:00,020 - DEBUG - Skipping company_29: Hash unchanged.
2026-07-17 00:05:00,022 - DEBUG - Skipping company_30: Hash unchanged.
2026-07-17 00:05:00,024 - DEBUG - Skipping company_31: Hash unchanged.
2026-07-17 00:05:00,026 - DEBUG - Skipping company_32: Hash unchanged.
2026-07-17 00:05:00,027 - DEBUG - Skipping company_33: Hash unchanged.
2026-07-17 00:05:00,028 - DEBUG - Skipping company_34: Hash unchanged.
2026-07-17 00:05:00,030 - DEBUG - Skipping company_35: Hash unchanged.
2026-07-17 00:05:00,032 - DEBUG - Skipping company_36: Hash unchanged.
2026-07-17 00:05:00,033 - DEBUG - Skipping company_37: Hash unchanged.
2026-07-17 00:05:00,034 - DEBUG - Skipping company_38: Hash unchanged.
2026-07-17 00:05:00,035 - DEBUG - Skipping company_39: Hash unchanged.
2026-07-17 00:05:00,036 - DEBUG - Skipping company_40: Hash unchanged.
2026-07-17 00:05:00,038 - DEBUG - Skipping company_41: Hash unchanged.
2026-07-17 00:05:00,039 - DEBUG - Skipping company_42: Hash unchanged.
2026-07-17 00:05:00,040 - DEBUG - Skipping company_43: Hash unchanged.
2026-07-17 00:05:00,041 - DEBUG - Skipping company_44: Hash unchanged.
2026-07-17 00:05:00,043 - DEBUG - Skipping company_45: Hash unchanged.
2026-07-17 00:05:00,045 - DEBUG - Skipping company_46: Hash unchanged.
2026-07-17 00:05:00,046 - DEBUG - Skipping company_47: Hash unchanged.
2026-07-17 00:05:00,047 - DEBUG - Skipping company_48: Hash unchanged.
2026-07-17 00:05:00,048 - DEBUG - Skipping company_49: Hash unchanged.
2026-07-17 00:05:00,049 - DEBUG - Skipping company_50: Hash unchanged.
2026-07-17 00:05:00,050 - DEBUG - Skipping company_51: Hash unchanged.
2026-07-17 00:05:00,051 - DEBUG - Skipping company_52: Hash unchanged.
2026-07-17 00:05:00,053 - DEBUG - Skipping company_53: Hash unchanged.
2026-07-17 00:05:00,054 - DEBUG - Skipping company_54: Hash unchanged.
2026-07-17 00:05:00,055 - DEBUG - Skipping company_55: Hash unchanged.
2026-07-17 00:05:00,056 - DEBUG - Skipping company_56: Hash unchanged.
2026-07-17 00:05:00,057 - DEBUG - Skipping company_57: Hash unchanged.
2026-07-17 00:05:00,058 - DEBUG - Skipping company_58: Hash unchanged.
2026-07-17 00:05:00,060 - DEBUG - Skipping company_59: Hash unchanged.
2026-07-17 00:05:00,061 - DEBUG - Skipping company_60: Hash unchanged.
2026-07-17 00:05:00,062 - DEBUG - Skipping company_61: Hash unchanged.
2026-07-17 00:05:00,063 - DEBUG - Skipping company_62: Hash unchanged.
2026-07-17 00:05:00,064 - DEBUG - Skipping company_63: Hash unchanged.
2026-07-17 00:05:00,065 - DEBUG - Skipping company_64: Hash unchanged.
2026-07-17 00:05:00,066 - DEBUG - Skipping company_65: Hash unchanged.
2026-07-17 00:05:00,067 - DEBUG - Skipping company_66: Hash unchanged.
2026-07-17 00:05:00,068 - DEBUG - Skipping company_67: Hash unchanged.
2026-07-17 00:05:00,071 - DEBUG - Skipping company_68: Hash unchanged.
2026-07-17 00:05:00,072 - DEBUG - Skipping company_69: Hash unchanged.
2026-07-17 00:05:00,074 - DEBUG - Skipping company_70: Hash unchanged.
2026-07-17 00:05:00,075 - DEBUG - Skipping company_71: Hash unchanged.
2026-07-17 00:05:00,076 - DEBUG - Skipping company_72: Hash unchanged.
2026-07-17 00:05:00,078 - DEBUG - Skipping company_73: Hash unchanged.
2026-07-17 00:05:00,079 - DEBUG - Skipping company_74: Hash unchanged.
2026-07-17 00:05:00,080 - DEBUG - Skipping company_75: Hash unchanged.
2026-07-17 00:05:00,081 - DEBUG - Skipping company_76: Hash unchanged.
2026-07-17 00:05:00,082 - DEBUG - Skipping company_77: Hash unchanged.
2026-07-17 00:05:00,083 - DEBUG - Skipping company_78: Hash unchanged.
2026-07-17 00:05:00,084 - DEBUG - Skipping company_79: Hash unchanged.
2026-07-17 00:05:00,085 - DEBUG - Skipping company_80: Hash unchanged.
2026-07-17 00:05:00,087 - DEBUG - Skipping company_81: Hash unchanged.
2026-07-17 00:05:00,088 - DEBUG - Skipping company_82: Hash unchanged.
2026-07-17 00:05:00,089 - DEBUG - Skipping company_83: Hash unchanged.
2026-07-17 00:05:00,090 - DEBUG - Skipping company_84: Hash unchanged.
2026-07-17 00:05:00,091 - DEBUG - Skipping company_85: Hash unchanged.
2026-07-17 00:05:00,092 - DEBUG - Skipping company_86: Hash unchanged.
2026-07-17 00:05:00,093 - DEBUG - Skipping company_87: Hash unchanged.
2026-07-17 00:05:00,094 - DEBUG - Skipping company_88: Hash unchanged.
2026-07-17 00:05:00,095 - DEBUG - Skipping company_89: Hash unchanged.
2026-07-17 00:05:00,096 - DEBUG - Skipping company_90: Hash unchanged.
2026-07-17 00:05:00,097 - DEBUG - Skipping company_91: Hash unchanged.
2026-07-17 00:05:00,099 - DEBUG - Skipping company_92: Hash unchanged.
2026-07-17 00:05:00,100 - DEBUG - Skipping company_93: Hash unchanged.
2026-07-17 00:05:00,101 - DEBUG - Skipping company_94: Hash unchanged.
2026-07-17 00:05:00,102 - DEBUG - Skipping company_95: Hash unchanged.
2026-07-17 00:05:00,104 - DEBUG - Skipping company_96: Hash unchanged.
2026-07-17 00:05:00,105 - DEBUG - Skipping company_97: Hash unchanged.
2026-07-17 00:05:00,106 - DEBUG - Skipping company_98: Hash unchanged.
2026-07-17 00:05:00,107 - DEBUG - Skipping company_99: Hash unchanged.
2026-07-17 00:05:00,108 - DEBUG - Skipping company_100: Hash unchanged.
2026-07-17 00:05:00,109 - DEBUG - Skipping company_101: Hash unchanged.
2026-07-17 00:05:00,110 - DEBUG - Skipping company_102: Hash unchanged.
2026-07-17 00:05:00,111 - DEBUG - Skipping company_103: Hash unchanged.
2026-07-17 00:05:00,112 - DEBUG - Skipping company_104: Hash unchanged.
2026-07-17 00:05:00,113 - DEBUG - Skipping company_105: Hash unchanged.
2026-07-17 00:05:00,114 - DEBUG - Skipping company_106: Hash unchanged.
2026-07-17 00:05:00,115 - DEBUG - Skipping company_107: Hash unchanged.
2026-07-17 00:05:00,117 - DEBUG - Skipping company_108: Hash unchanged.
2026-07-17 00:05:00,117 - DEBUG - Skipping company_109: Hash unchanged.
2026-07-17 00:05:00,119 - DEBUG - Skipping company_110: Hash unchanged.
2026-07-17 00:05:00,121 - DEBUG - Skipping company_111: Hash unchanged.
2026-07-17 00:05:00,123 - DEBUG - Skipping company_112: Hash unchanged.
2026-07-17 00:05:00,123 - DEBUG - Skipping company_113: Hash unchanged.
2026-07-17 00:05:00,125 - DEBUG - Skipping company_114: Hash unchanged.
2026-07-17 00:05:00,125 - DEBUG - Skipping company_115: Hash unchanged.
2026-07-17 00:05:00,126 - DEBUG - Skipping company_116: Hash unchanged.
2026-07-17 00:05:00,127 - INFO - Companies: 1 indexed, 115 skipped.
2026-07-17 00:05:00,127 - INFO - Indexing process finished in 18.20s
2026-07-17 00:18:41,377 - INFO - Indexing Companies...
2026-07-17 00:18:41,417 - DEBUG - Skipping company_1: Hash unchanged.
2026-07-17 00:18:41,419 - DEBUG - Skipping company_2: Hash unchanged.
2026-07-17 00:18:41,420 - DEBUG - Skipping company_3: Hash unchanged.
2026-07-17 00:19:03,885 - DEBUG - Generated embedding for company_4 in 22.464s
2026-07-17 00:19:04,071 - DEBUG - Generated embedding for company_5 in 0.050s
2026-07-17 00:19:04,166 - DEBUG - Generated embedding for company_6 in 0.048s
2026-07-17 00:19:04,281 - DEBUG - Generated embedding for company_7 in 0.070s
2026-07-17 00:19:04,435 - DEBUG - Generated embedding for company_8 in 0.104s
2026-07-17 00:19:04,548 - DEBUG - Generated embedding for company_9 in 0.066s
2026-07-17 00:19:04,663 - DEBUG - Generated embedding for company_10 in 0.066s
2026-07-17 00:19:04,769 - DEBUG - Generated embedding for company_11 in 0.055s
2026-07-17 00:19:04,871 - DEBUG - Generated embedding for company_12 in 0.049s
2026-07-17 00:19:04,969 - DEBUG - Generated embedding for company_13 in 0.051s
2026-07-17 00:19:05,067 - DEBUG - Generated embedding for company_14 in 0.045s
2026-07-17 00:19:05,188 - DEBUG - Generated embedding for company_15 in 0.073s
2026-07-17 00:19:05,322 - DEBUG - Generated embedding for company_16 in 0.076s
2026-07-17 00:19:05,471 - DEBUG - Generated embedding for company_17 in 0.073s
2026-07-17 00:19:05,577 - DEBUG - Generated embedding for company_18 in 0.055s
2026-07-17 00:19:05,679 - DEBUG - Generated embedding for company_19 in 0.052s
2026-07-17 00:19:05,778 - DEBUG - Generated embedding for company_20 in 0.045s
2026-07-17 00:19:05,871 - DEBUG - Generated embedding for company_21 in 0.045s
2026-07-17 00:19:05,967 - DEBUG - Generated embedding for company_22 in 0.048s
2026-07-17 00:19:06,056 - DEBUG - Generated embedding for company_23 in 0.045s
2026-07-17 00:19:06,149 - DEBUG - Generated embedding for company_24 in 0.048s
2026-07-17 00:19:06,242 - DEBUG - Generated embedding for company_25 in 0.048s
2026-07-17 00:19:06,331 - DEBUG - Generated embedding for company_26 in 0.043s
2026-07-17 00:19:06,422 - DEBUG - Generated embedding for company_27 in 0.046s
2026-07-17 00:19:06,509 - DEBUG - Generated embedding for company_28 in 0.040s
2026-07-17 00:19:06,593 - DEBUG - Generated embedding for company_29 in 0.040s
2026-07-17 00:19:06,679 - DEBUG - Generated embedding for company_30 in 0.042s
2026-07-17 00:19:06,756 - DEBUG - Generated embedding for company_31 in 0.038s
2026-07-17 00:19:06,841 - DEBUG - Generated embedding for company_32 in 0.041s
2026-07-17 00:19:06,925 - DEBUG - Generated embedding for company_33 in 0.041s
2026-07-17 00:19:07,005 - DEBUG - Generated embedding for company_34 in 0.037s
2026-07-17 00:19:07,088 - DEBUG - Generated embedding for company_35 in 0.039s
2026-07-17 00:19:07,174 - DEBUG - Generated embedding for company_36 in 0.043s
2026-07-17 00:19:07,259 - DEBUG - Generated embedding for company_37 in 0.039s
2026-07-17 00:19:07,357 - DEBUG - Generated embedding for company_38 in 0.053s
2026-07-17 00:19:07,444 - DEBUG - Generated embedding for company_39 in 0.042s
2026-07-17 00:19:07,525 - DEBUG - Generated embedding for company_40 in 0.040s
2026-07-17 00:19:07,606 - DEBUG - Generated embedding for company_41 in 0.039s
2026-07-17 00:19:07,691 - DEBUG - Generated embedding for company_42 in 0.040s
2026-07-17 00:19:07,784 - DEBUG - Generated embedding for company_43 in 0.046s
2026-07-17 00:19:07,863 - DEBUG - Generated embedding for company_44 in 0.039s
2026-07-17 00:19:07,947 - DEBUG - Generated embedding for company_45 in 0.041s
2026-07-17 00:19:08,041 - DEBUG - Generated embedding for company_46 in 0.050s
2026-07-17 00:19:08,166 - DEBUG - Generated embedding for company_47 in 0.076s
2026-07-17 00:19:08,305 - DEBUG - Generated embedding for company_48 in 0.068s
2026-07-17 00:19:08,423 - DEBUG - Generated embedding for company_49 in 0.063s
2026-07-17 00:19:08,522 - DEBUG - Generated embedding for company_50 in 0.047s
2026-07-17 00:19:08,620 - DEBUG - Generated embedding for company_51 in 0.044s
2026-07-17 00:19:08,720 - DEBUG - Generated embedding for company_52 in 0.047s
2026-07-17 00:19:08,822 - DEBUG - Generated embedding for company_53 in 0.045s
2026-07-17 00:19:08,916 - DEBUG - Generated embedding for company_54 in 0.042s
2026-07-17 00:19:09,000 - DEBUG - Generated embedding for company_55 in 0.038s
2026-07-17 00:19:09,082 - DEBUG - Generated embedding for company_56 in 0.039s
2026-07-17 00:19:09,178 - DEBUG - Generated embedding for company_57 in 0.047s
2026-07-17 00:19:09,263 - DEBUG - Generated embedding for company_58 in 0.038s
2026-07-17 00:19:09,355 - DEBUG - Generated embedding for company_59 in 0.045s
2026-07-17 00:19:09,440 - DEBUG - Generated embedding for company_60 in 0.044s
2026-07-17 00:19:09,527 - DEBUG - Generated embedding for company_61 in 0.043s
2026-07-17 00:19:09,619 - DEBUG - Generated embedding for company_62 in 0.046s
2026-07-17 00:19:09,714 - DEBUG - Generated embedding for company_63 in 0.049s
2026-07-17 00:19:09,833 - DEBUG - Generated embedding for company_64 in 0.058s
2026-07-17 00:19:09,985 - DEBUG - Generated embedding for company_65 in 0.091s
2026-07-17 00:19:10,096 - DEBUG - Generated embedding for company_66 in 0.053s
2026-07-17 00:19:10,237 - DEBUG - Generated embedding for company_67 in 0.078s
2026-07-17 00:19:10,349 - DEBUG - Generated embedding for company_68 in 0.055s
2026-07-17 00:19:10,605 - DEBUG - Generated embedding for company_69 in 0.192s
2026-07-17 00:19:10,724 - DEBUG - Generated embedding for company_70 in 0.053s
2026-07-17 00:19:10,831 - DEBUG - Generated embedding for company_71 in 0.050s
2026-07-17 00:19:10,947 - DEBUG - Generated embedding for company_72 in 0.062s
2026-07-17 00:19:11,048 - DEBUG - Generated embedding for company_73 in 0.046s
2026-07-17 00:19:11,197 - DEBUG - Generated embedding for company_74 in 0.085s
2026-07-17 00:19:11,313 - DEBUG - Generated embedding for company_75 in 0.053s
2026-07-17 00:19:11,503 - DEBUG - Generated embedding for company_76 in 0.119s
2026-07-17 00:19:11,593 - DEBUG - Generated embedding for company_77 in 0.038s
2026-07-17 00:19:11,691 - DEBUG - Generated embedding for company_78 in 0.050s
2026-07-17 00:19:11,806 - DEBUG - Generated embedding for company_79 in 0.070s
2026-07-17 00:19:11,924 - DEBUG - Generated embedding for company_80 in 0.061s
2026-07-17 00:19:12,023 - DEBUG - Generated embedding for company_81 in 0.046s
2026-07-17 00:19:12,120 - DEBUG - Generated embedding for company_82 in 0.042s
2026-07-17 00:19:12,225 - DEBUG - Generated embedding for company_83 in 0.044s
2026-07-17 00:19:12,329 - DEBUG - Generated embedding for company_84 in 0.055s
2026-07-17 00:19:12,459 - DEBUG - Generated embedding for company_85 in 0.073s
2026-07-17 00:19:12,563 - DEBUG - Generated embedding for company_86 in 0.051s
2026-07-17 00:19:12,646 - DEBUG - Generated embedding for company_87 in 0.038s
2026-07-17 00:19:12,731 - DEBUG - Generated embedding for company_88 in 0.041s
2026-07-17 00:19:12,818 - DEBUG - Generated embedding for company_89 in 0.042s
2026-07-17 00:19:12,917 - DEBUG - Generated embedding for company_90 in 0.048s
2026-07-17 00:19:13,010 - DEBUG - Generated embedding for company_91 in 0.048s
2026-07-17 00:19:13,112 - DEBUG - Generated embedding for company_92 in 0.054s
2026-07-17 00:19:13,216 - DEBUG - Generated embedding for company_93 in 0.047s
2026-07-17 00:19:13,313 - DEBUG - Generated embedding for company_94 in 0.044s
2026-07-17 00:19:13,413 - DEBUG - Generated embedding for company_95 in 0.047s
2026-07-17 00:19:13,501 - DEBUG - Generated embedding for company_96 in 0.038s
2026-07-17 00:19:13,582 - DEBUG - Generated embedding for company_97 in 0.042s
2026-07-17 00:19:13,667 - DEBUG - Generated embedding for company_98 in 0.041s
2026-07-17 00:19:13,758 - DEBUG - Generated embedding for company_99 in 0.046s
2026-07-17 00:19:13,844 - DEBUG - Generated embedding for company_100 in 0.042s
2026-07-17 00:19:13,955 - DEBUG - Generated embedding for company_101 in 0.065s
2026-07-17 00:19:14,076 - DEBUG - Generated embedding for company_102 in 0.055s
2026-07-17 00:19:14,166 - DEBUG - Generated embedding for company_103 in 0.044s
2026-07-17 00:19:14,253 - DEBUG - Generated embedding for company_104 in 0.046s
2026-07-17 00:19:14,341 - DEBUG - Generated embedding for company_105 in 0.043s
2026-07-17 00:19:14,430 - DEBUG - Generated embedding for company_106 in 0.041s
2026-07-17 00:19:14,516 - DEBUG - Generated embedding for company_107 in 0.037s
2026-07-17 00:19:14,602 - DEBUG - Generated embedding for company_108 in 0.041s
2026-07-17 00:19:14,696 - DEBUG - Generated embedding for company_109 in 0.048s
2026-07-17 00:19:14,779 - DEBUG - Generated embedding for company_110 in 0.039s
2026-07-17 00:19:14,867 - DEBUG - Generated embedding for company_111 in 0.042s
2026-07-17 00:19:14,947 - DEBUG - Generated embedding for company_112 in 0.040s
2026-07-17 00:19:15,041 - DEBUG - Generated embedding for company_113 in 0.049s
2026-07-17 00:19:15,136 - DEBUG - Generated embedding for company_114 in 0.045s
2026-07-17 00:19:15,217 - DEBUG - Generated embedding for company_115 in 0.037s
2026-07-17 00:19:15,308 - DEBUG - Generated embedding for company_116 in 0.042s
2026-07-17 00:19:15,348 - INFO - Companies: 113 indexed, 3 skipped.
2026-07-17 00:19:15,349 - INFO - Indexing process finished in 33.97s
2026-07-17 16:01:39,319 - INFO - Indexing Sectors...
2026-07-17 16:01:39,372 - DEBUG - Skipping sector_1: Hash unchanged.
2026-07-17 16:01:39,373 - DEBUG - Skipping sector_2: Hash unchanged.
2026-07-17 16:02:21,878 - DEBUG - Generated embedding for sector_3 in 42.505s
2026-07-17 16:02:22,037 - DEBUG - Generated embedding for sector_4 in 0.022s
2026-07-17 16:02:22,096 - DEBUG - Generated embedding for sector_5 in 0.022s
2026-07-17 16:02:22,143 - DEBUG - Generated embedding for sector_6 in 0.018s
2026-07-17 16:02:22,190 - DEBUG - Generated embedding for sector_7 in 0.021s
2026-07-17 16:02:22,238 - DEBUG - Generated embedding for sector_8 in 0.018s
2026-07-17 16:02:22,288 - DEBUG - Generated embedding for sector_9 in 0.025s
2026-07-17 16:02:22,333 - DEBUG - Generated embedding for sector_10 in 0.020s
2026-07-17 16:02:22,380 - DEBUG - Generated embedding for sector_11 in 0.020s
2026-07-17 16:02:22,429 - DEBUG - Generated embedding for sector_12 in 0.024s
2026-07-17 16:02:22,477 - DEBUG - Generated embedding for sector_13 in 0.019s
2026-07-17 16:02:22,536 - DEBUG - Generated embedding for sector_14 in 0.030s
2026-07-17 16:02:22,590 - DEBUG - Generated embedding for sector_15 in 0.027s
2026-07-17 16:02:22,614 - INFO - Sectors: 13 indexed, 2 skipped.
2026-07-17 16:02:22,615 - INFO - Indexing Companies...
2026-07-17 16:02:22,620 - DEBUG - Skipping company_1: Hash unchanged.
2026-07-17 16:02:22,621 - DEBUG - Skipping company_2: Hash unchanged.
2026-07-17 16:02:22,622 - DEBUG - Skipping company_3: Hash unchanged.
2026-07-17 16:02:22,622 - DEBUG - Skipping company_4: Hash unchanged.
2026-07-17 16:02:22,623 - DEBUG - Skipping company_5: Hash unchanged.
2026-07-17 16:02:22,624 - DEBUG - Skipping company_6: Hash unchanged.
2026-07-17 16:02:22,624 - DEBUG - Skipping company_7: Hash unchanged.
2026-07-17 16:02:22,625 - DEBUG - Skipping company_8: Hash unchanged.
2026-07-17 16:02:22,626 - DEBUG - Skipping company_9: Hash unchanged.
2026-07-17 16:02:22,627 - DEBUG - Skipping company_10: Hash unchanged.
2026-07-17 16:02:22,628 - DEBUG - Skipping company_11: Hash unchanged.
2026-07-17 16:02:22,629 - DEBUG - Skipping company_12: Hash unchanged.
2026-07-17 16:02:22,631 - DEBUG - Skipping company_13: Hash unchanged.
2026-07-17 16:02:22,631 - DEBUG - Skipping company_14: Hash unchanged.
2026-07-17 16:02:22,632 - DEBUG - Skipping company_15: Hash unchanged.
2026-07-17 16:02:22,633 - DEBUG - Skipping company_16: Hash unchanged.
2026-07-17 16:02:22,634 - DEBUG - Skipping company_17: Hash unchanged.
2026-07-17 16:02:22,635 - DEBUG - Skipping company_18: Hash unchanged.
2026-07-17 16:02:22,636 - DEBUG - Skipping company_19: Hash unchanged.
2026-07-17 16:02:22,637 - DEBUG - Skipping company_20: Hash unchanged.
2026-07-17 16:02:22,637 - DEBUG - Skipping company_21: Hash unchanged.
2026-07-17 16:02:22,638 - DEBUG - Skipping company_22: Hash unchanged.
2026-07-17 16:02:22,639 - DEBUG - Skipping company_23: Hash unchanged.
2026-07-17 16:02:22,640 - DEBUG - Skipping company_24: Hash unchanged.
2026-07-17 16:02:22,640 - DEBUG - Skipping company_25: Hash unchanged.
2026-07-17 16:02:22,641 - DEBUG - Skipping company_26: Hash unchanged.
2026-07-17 16:02:22,642 - DEBUG - Skipping company_27: Hash unchanged.
2026-07-17 16:02:22,643 - DEBUG - Skipping company_28: Hash unchanged.
2026-07-17 16:02:22,643 - DEBUG - Skipping company_29: Hash unchanged.
2026-07-17 16:02:22,644 - DEBUG - Skipping company_30: Hash unchanged.
2026-07-17 16:02:22,645 - DEBUG - Skipping company_31: Hash unchanged.
2026-07-17 16:02:22,646 - DEBUG - Skipping company_32: Hash unchanged.
2026-07-17 16:02:22,648 - DEBUG - Skipping company_33: Hash unchanged.
2026-07-17 16:02:22,649 - DEBUG - Skipping company_34: Hash unchanged.
2026-07-17 16:02:22,649 - DEBUG - Skipping company_35: Hash unchanged.
2026-07-17 16:02:22,650 - DEBUG - Skipping company_36: Hash unchanged.
2026-07-17 16:02:22,651 - DEBUG - Skipping company_37: Hash unchanged.
2026-07-17 16:02:22,652 - DEBUG - Skipping company_38: Hash unchanged.
2026-07-17 16:02:22,652 - DEBUG - Skipping company_39: Hash unchanged.
2026-07-17 16:02:22,653 - DEBUG - Skipping company_40: Hash unchanged.
2026-07-17 16:02:22,654 - DEBUG - Skipping company_41: Hash unchanged.
2026-07-17 16:02:22,654 - DEBUG - Skipping company_42: Hash unchanged.
2026-07-17 16:02:22,655 - DEBUG - Skipping company_43: Hash unchanged.
2026-07-17 16:02:22,656 - DEBUG - Skipping company_44: Hash unchanged.
2026-07-17 16:02:22,656 - DEBUG - Skipping company_45: Hash unchanged.
2026-07-17 16:02:22,657 - DEBUG - Skipping company_46: Hash unchanged.
2026-07-17 16:02:22,658 - DEBUG - Skipping company_47: Hash unchanged.
2026-07-17 16:02:22,659 - DEBUG - Skipping company_48: Hash unchanged.
2026-07-17 16:02:22,659 - DEBUG - Skipping company_49: Hash unchanged.
2026-07-17 16:02:22,660 - DEBUG - Skipping company_50: Hash unchanged.
2026-07-17 16:02:22,660 - DEBUG - Skipping company_51: Hash unchanged.
2026-07-17 16:02:22,661 - DEBUG - Skipping company_52: Hash unchanged.
2026-07-17 16:02:22,663 - DEBUG - Skipping company_53: Hash unchanged.
2026-07-17 16:02:22,664 - DEBUG - Skipping company_54: Hash unchanged.
2026-07-17 16:02:22,665 - DEBUG - Skipping company_55: Hash unchanged.
2026-07-17 16:02:22,665 - DEBUG - Skipping company_56: Hash unchanged.
2026-07-17 16:02:22,666 - DEBUG - Skipping company_57: Hash unchanged.
2026-07-17 16:02:22,667 - DEBUG - Skipping company_58: Hash unchanged.
2026-07-17 16:02:22,668 - DEBUG - Skipping company_59: Hash unchanged.
2026-07-17 16:02:22,669 - DEBUG - Skipping company_60: Hash unchanged.
2026-07-17 16:02:22,670 - DEBUG - Skipping company_61: Hash unchanged.
2026-07-17 16:02:22,671 - DEBUG - Skipping company_62: Hash unchanged.
2026-07-17 16:02:22,672 - DEBUG - Skipping company_63: Hash unchanged.
2026-07-17 16:02:22,672 - DEBUG - Skipping company_64: Hash unchanged.
2026-07-17 16:02:22,673 - DEBUG - Skipping company_65: Hash unchanged.
2026-07-17 16:02:22,674 - DEBUG - Skipping company_66: Hash unchanged.
2026-07-17 16:02:22,674 - DEBUG - Skipping company_67: Hash unchanged.
2026-07-17 16:02:22,675 - DEBUG - Skipping company_68: Hash unchanged.
2026-07-17 16:02:22,676 - DEBUG - Skipping company_69: Hash unchanged.
2026-07-17 16:02:22,677 - DEBUG - Skipping company_70: Hash unchanged.
2026-07-17 16:02:22,677 - DEBUG - Skipping company_71: Hash unchanged.
2026-07-17 16:02:22,678 - DEBUG - Skipping company_72: Hash unchanged.
2026-07-17 16:02:22,679 - DEBUG - Skipping company_73: Hash unchanged.
2026-07-17 16:02:22,680 - DEBUG - Skipping company_74: Hash unchanged.
2026-07-17 16:02:22,681 - DEBUG - Skipping company_75: Hash unchanged.
2026-07-17 16:02:22,681 - DEBUG - Skipping company_76: Hash unchanged.
2026-07-17 16:02:22,682 - DEBUG - Skipping company_77: Hash unchanged.
2026-07-17 16:02:22,683 - DEBUG - Skipping company_78: Hash unchanged.
2026-07-17 16:02:22,684 - DEBUG - Skipping company_79: Hash unchanged.
2026-07-17 16:02:22,684 - DEBUG - Skipping company_80: Hash unchanged.
2026-07-17 16:02:22,685 - DEBUG - Skipping company_81: Hash unchanged.
2026-07-17 16:02:22,686 - DEBUG - Skipping company_82: Hash unchanged.
2026-07-17 16:02:22,687 - DEBUG - Skipping company_83: Hash unchanged.
2026-07-17 16:02:22,687 - DEBUG - Skipping company_84: Hash unchanged.
2026-07-17 16:02:22,688 - DEBUG - Skipping company_85: Hash unchanged.
2026-07-17 16:02:22,689 - DEBUG - Skipping company_86: Hash unchanged.
2026-07-17 16:02:22,690 - DEBUG - Skipping company_87: Hash unchanged.
2026-07-17 16:02:22,690 - DEBUG - Skipping company_88: Hash unchanged.
2026-07-17 16:02:22,691 - DEBUG - Skipping company_89: Hash unchanged.
2026-07-17 16:02:22,692 - DEBUG - Skipping company_90: Hash unchanged.
2026-07-17 16:02:22,693 - DEBUG - Skipping company_91: Hash unchanged.
2026-07-17 16:02:22,694 - DEBUG - Skipping company_92: Hash unchanged.
2026-07-17 16:02:22,695 - DEBUG - Skipping company_93: Hash unchanged.
2026-07-17 16:02:22,696 - DEBUG - Skipping company_94: Hash unchanged.
2026-07-17 16:02:22,697 - DEBUG - Skipping company_95: Hash unchanged.
2026-07-17 16:02:22,697 - DEBUG - Skipping company_96: Hash unchanged.
2026-07-17 16:02:22,698 - DEBUG - Skipping company_97: Hash unchanged.
2026-07-17 16:02:22,699 - DEBUG - Skipping company_98: Hash unchanged.
2026-07-17 16:02:22,700 - DEBUG - Skipping company_99: Hash unchanged.
2026-07-17 16:02:22,701 - DEBUG - Skipping company_100: Hash unchanged.
2026-07-17 16:02:22,702 - DEBUG - Skipping company_101: Hash unchanged.
2026-07-17 16:02:22,702 - DEBUG - Skipping company_102: Hash unchanged.
2026-07-17 16:02:22,703 - DEBUG - Skipping company_103: Hash unchanged.
2026-07-17 16:02:22,704 - DEBUG - Skipping company_104: Hash unchanged.
2026-07-17 16:02:22,705 - DEBUG - Skipping company_105: Hash unchanged.
2026-07-17 16:02:22,705 - DEBUG - Skipping company_106: Hash unchanged.
2026-07-17 16:02:22,706 - DEBUG - Skipping company_107: Hash unchanged.
2026-07-17 16:02:22,707 - DEBUG - Skipping company_108: Hash unchanged.
2026-07-17 16:02:22,707 - DEBUG - Skipping company_109: Hash unchanged.
2026-07-17 16:02:22,708 - DEBUG - Skipping company_110: Hash unchanged.
2026-07-17 16:02:22,709 - DEBUG - Skipping company_111: Hash unchanged.
2026-07-17 16:02:22,710 - DEBUG - Skipping company_112: Hash unchanged.
2026-07-17 16:02:22,710 - DEBUG - Skipping company_113: Hash unchanged.
2026-07-17 16:02:22,711 - DEBUG - Skipping company_114: Hash unchanged.
2026-07-17 16:02:22,712 - DEBUG - Skipping company_115: Hash unchanged.
2026-07-17 16:02:22,713 - DEBUG - Skipping company_116: Hash unchanged.
2026-07-17 16:02:22,713 - INFO - Companies: 0 indexed, 116 skipped.
2026-07-17 16:02:22,713 - INFO - Indexing Problems...
2026-07-17 16:02:22,716 - DEBUG - Skipping problem_1: Hash unchanged.
2026-07-17 16:02:22,717 - DEBUG - Skipping problem_2: Hash unchanged.
2026-07-17 16:02:22,738 - DEBUG - Generated embedding for problem_3 in 0.020s
2026-07-17 16:02:22,789 - DEBUG - Generated embedding for problem_4 in 0.018s
2026-07-17 16:02:22,833 - DEBUG - Generated embedding for problem_5 in 0.015s
2026-07-17 16:02:22,874 - DEBUG - Generated embedding for problem_6 in 0.014s
2026-07-17 16:02:22,923 - DEBUG - Generated embedding for problem_7 in 0.021s
2026-07-17 16:02:22,980 - DEBUG - Generated embedding for problem_8 in 0.026s
2026-07-17 16:02:23,032 - DEBUG - Generated embedding for problem_9 in 0.020s
2026-07-17 16:02:23,089 - DEBUG - Generated embedding for problem_10 in 0.024s
2026-07-17 16:02:23,141 - DEBUG - Generated embedding for problem_11 in 0.019s
2026-07-17 16:02:23,201 - DEBUG - Generated embedding for problem_12 in 0.026s
2026-07-17 16:02:23,252 - DEBUG - Generated embedding for problem_13 in 0.020s
2026-07-17 16:02:23,310 - DEBUG - Generated embedding for problem_14 in 0.027s
2026-07-17 16:02:23,358 - DEBUG - Generated embedding for problem_15 in 0.018s
2026-07-17 16:02:23,398 - DEBUG - Generated embedding for problem_16 in 0.009s
2026-07-17 16:02:23,445 - DEBUG - Generated embedding for problem_17 in 0.016s
2026-07-17 16:02:23,496 - DEBUG - Generated embedding for problem_18 in 0.018s
2026-07-17 16:02:23,527 - DEBUG - Generated embedding for problem_19 in 0.016s
2026-07-17 16:02:23,574 - DEBUG - Generated embedding for problem_20 in 0.016s
2026-07-17 16:02:23,632 - DEBUG - Generated embedding for problem_21 in 0.016s
2026-07-17 16:02:23,663 - DEBUG - Generated embedding for problem_22 in 0.016s
2026-07-17 16:02:23,716 - DEBUG - Generated embedding for problem_23 in 0.022s
2026-07-17 16:02:23,759 - DEBUG - Generated embedding for problem_24 in 0.017s
2026-07-17 16:02:23,793 - DEBUG - Generated embedding for problem_25 in 0.016s
2026-07-17 16:02:23,854 - DEBUG - Generated embedding for problem_26 in 0.019s
2026-07-17 16:02:23,897 - DEBUG - Generated embedding for problem_27 in 0.013s
2026-07-17 16:02:23,941 - DEBUG - Generated embedding for problem_28 in 0.014s
2026-07-17 16:02:23,975 - DEBUG - Generated embedding for problem_29 in 0.016s
2026-07-17 16:02:24,028 - DEBUG - Generated embedding for problem_30 in 0.026s
2026-07-17 16:02:24,054 - DEBUG - Generated embedding for problem_31 in 0.000s
2026-07-17 16:02:24,101 - DEBUG - Generated embedding for problem_32 in 0.016s
2026-07-17 16:02:24,163 - DEBUG - Generated embedding for problem_33 in 0.031s
2026-07-17 16:02:24,210 - DEBUG - Generated embedding for problem_34 in 0.016s
2026-07-17 16:02:24,269 - DEBUG - Generated embedding for problem_35 in 0.022s
2026-07-17 16:02:24,320 - DEBUG - Generated embedding for problem_36 in 0.016s
2026-07-17 16:02:24,358 - DEBUG - Generated embedding for problem_37 in 0.017s
2026-07-17 16:02:24,405 - DEBUG - Generated embedding for problem_38 in 0.016s
2026-07-17 16:02:24,452 - DEBUG - Generated embedding for problem_39 in 0.016s
2026-07-17 16:02:24,522 - DEBUG - Generated embedding for problem_40 in 0.023s
2026-07-17 16:02:24,561 - DEBUG - Generated embedding for problem_41 in 0.009s
2026-07-17 16:02:24,617 - DEBUG - Generated embedding for problem_42 in 0.016s
2026-07-17 16:02:24,684 - DEBUG - Generated embedding for problem_43 in 0.036s
2026-07-17 16:02:24,726 - DEBUG - Generated embedding for problem_44 in 0.016s
2026-07-17 16:02:24,792 - DEBUG - Generated embedding for problem_45 in 0.033s
2026-07-17 16:02:24,835 - DEBUG - Generated embedding for problem_46 in 0.016s
2026-07-17 16:02:24,895 - DEBUG - Generated embedding for problem_47 in 0.029s
2026-07-17 16:02:24,945 - DEBUG - Generated embedding for problem_48 in 0.016s
2026-07-17 16:02:25,002 - DEBUG - Generated embedding for problem_49 in 0.026s
2026-07-17 16:02:25,193 - DEBUG - Generated embedding for problem_50 in 0.135s
2026-07-17 16:02:25,257 - DEBUG - Generated embedding for problem_51 in 0.016s
2026-07-17 16:02:25,341 - DEBUG - Generated embedding for problem_52 in 0.035s
2026-07-17 16:02:25,399 - DEBUG - Generated embedding for problem_53 in 0.018s
2026-07-17 16:02:25,464 - DEBUG - Generated embedding for problem_54 in 0.023s
2026-07-17 16:02:25,532 - DEBUG - Generated embedding for problem_55 in 0.016s
2026-07-17 16:02:25,593 - DEBUG - Generated embedding for problem_56 in 0.026s
2026-07-17 16:02:25,648 - DEBUG - Generated embedding for problem_57 in 0.018s
2026-07-17 16:02:25,712 - DEBUG - Generated embedding for problem_58 in 0.029s
2026-07-17 16:02:25,781 - DEBUG - Generated embedding for problem_59 in 0.025s
2026-07-17 16:02:25,844 - DEBUG - Generated embedding for problem_60 in 0.025s
2026-07-17 16:02:25,907 - DEBUG - Generated embedding for problem_61 in 0.022s
2026-07-17 16:02:25,970 - DEBUG - Generated embedding for problem_62 in 0.017s
2026-07-17 16:02:26,034 - DEBUG - Generated embedding for problem_63 in 0.022s
2026-07-17 16:02:26,099 - DEBUG - Generated embedding for problem_64 in 0.029s
2026-07-17 16:02:26,166 - DEBUG - Generated embedding for problem_65 in 0.025s
2026-07-17 16:02:26,238 - DEBUG - Generated embedding for problem_66 in 0.030s
2026-07-17 16:02:26,300 - DEBUG - Generated embedding for problem_67 in 0.020s
2026-07-17 16:02:26,369 - DEBUG - Generated embedding for problem_68 in 0.029s
2026-07-17 16:02:26,429 - DEBUG - Generated embedding for problem_69 in 0.024s
2026-07-17 16:02:26,494 - DEBUG - Generated embedding for problem_70 in 0.025s
2026-07-17 16:02:26,556 - DEBUG - Generated embedding for problem_71 in 0.023s
2026-07-17 16:02:26,602 - INFO - Problems: 69 indexed, 2 skipped.
2026-07-17 16:02:26,603 - INFO - Indexing process finished in 47.28s
2026-07-17 16:45:36,528 - INFO - Indexing Sectors...
2026-07-17 16:45:36,552 - DEBUG - Skipping sector_1: Hash unchanged.
2026-07-17 16:45:36,553 - DEBUG - Skipping sector_2: Hash unchanged.
2026-07-17 16:45:36,553 - DEBUG - Skipping sector_3: Hash unchanged.
2026-07-17 16:45:36,554 - DEBUG - Skipping sector_4: Hash unchanged.
2026-07-17 16:45:36,555 - DEBUG - Skipping sector_5: Hash unchanged.
2026-07-17 16:45:36,555 - DEBUG - Skipping sector_6: Hash unchanged.
2026-07-17 16:45:36,556 - DEBUG - Skipping sector_7: Hash unchanged.
2026-07-17 16:45:36,557 - DEBUG - Skipping sector_8: Hash unchanged.
2026-07-17 16:45:36,557 - DEBUG - Skipping sector_9: Hash unchanged.
2026-07-17 16:45:36,558 - DEBUG - Skipping sector_10: Hash unchanged.
2026-07-17 16:45:36,559 - DEBUG - Skipping sector_11: Hash unchanged.
2026-07-17 16:45:36,559 - DEBUG - Skipping sector_12: Hash unchanged.
2026-07-17 16:45:36,560 - DEBUG - Skipping sector_13: Hash unchanged.
2026-07-17 16:45:36,561 - DEBUG - Skipping sector_14: Hash unchanged.
2026-07-17 16:45:36,562 - DEBUG - Skipping sector_15: Hash unchanged.
2026-07-17 16:45:36,562 - INFO - Sectors: 0 indexed, 15 skipped.
2026-07-17 16:45:36,563 - INFO - Indexing Companies...
2026-07-17 16:45:36,568 - DEBUG - Skipping company_1: Hash unchanged.
2026-07-17 16:45:36,569 - DEBUG - Skipping company_2: Hash unchanged.
2026-07-17 16:45:36,570 - DEBUG - Skipping company_3: Hash unchanged.
2026-07-17 16:45:36,570 - DEBUG - Skipping company_4: Hash unchanged.
2026-07-17 16:45:36,571 - DEBUG - Skipping company_5: Hash unchanged.
2026-07-17 16:45:36,572 - DEBUG - Skipping company_6: Hash unchanged.
2026-07-17 16:45:36,572 - DEBUG - Skipping company_7: Hash unchanged.
2026-07-17 16:45:36,573 - DEBUG - Skipping company_8: Hash unchanged.
2026-07-17 16:45:36,574 - DEBUG - Skipping company_9: Hash unchanged.
2026-07-17 16:45:36,574 - DEBUG - Skipping company_10: Hash unchanged.
2026-07-17 16:45:36,575 - DEBUG - Skipping company_11: Hash unchanged.
2026-07-17 16:45:36,575 - DEBUG - Skipping company_12: Hash unchanged.
2026-07-17 16:45:36,576 - DEBUG - Skipping company_13: Hash unchanged.
2026-07-17 16:45:36,577 - DEBUG - Skipping company_14: Hash unchanged.
2026-07-17 16:45:36,577 - DEBUG - Skipping company_15: Hash unchanged.
2026-07-17 16:45:36,578 - DEBUG - Skipping company_16: Hash unchanged.
2026-07-17 16:45:36,579 - DEBUG - Skipping company_17: Hash unchanged.
2026-07-17 16:45:36,579 - DEBUG - Skipping company_18: Hash unchanged.
2026-07-17 16:45:36,580 - DEBUG - Skipping company_19: Hash unchanged.
2026-07-17 16:45:36,581 - DEBUG - Skipping company_20: Hash unchanged.
2026-07-17 16:45:36,581 - DEBUG - Skipping company_21: Hash unchanged.
2026-07-17 16:45:36,582 - DEBUG - Skipping company_22: Hash unchanged.
2026-07-17 16:45:36,582 - DEBUG - Skipping company_23: Hash unchanged.
2026-07-17 16:45:36,584 - DEBUG - Skipping company_24: Hash unchanged.
2026-07-17 16:45:36,585 - DEBUG - Skipping company_25: Hash unchanged.
2026-07-17 16:45:36,585 - DEBUG - Skipping company_26: Hash unchanged.
2026-07-17 16:45:36,586 - DEBUG - Skipping company_27: Hash unchanged.
2026-07-17 16:45:36,587 - DEBUG - Skipping company_28: Hash unchanged.
2026-07-17 16:45:36,587 - DEBUG - Skipping company_29: Hash unchanged.
2026-07-17 16:45:36,588 - DEBUG - Skipping company_30: Hash unchanged.
2026-07-17 16:45:36,588 - DEBUG - Skipping company_31: Hash unchanged.
2026-07-17 16:45:36,589 - DEBUG - Skipping company_32: Hash unchanged.
2026-07-17 16:45:36,590 - DEBUG - Skipping company_33: Hash unchanged.
2026-07-17 16:45:36,590 - DEBUG - Skipping company_34: Hash unchanged.
2026-07-17 16:45:36,591 - DEBUG - Skipping company_35: Hash unchanged.
2026-07-17 16:45:36,592 - DEBUG - Skipping company_36: Hash unchanged.
2026-07-17 16:45:36,592 - DEBUG - Skipping company_37: Hash unchanged.
2026-07-17 16:45:36,593 - DEBUG - Skipping company_38: Hash unchanged.
2026-07-17 16:45:36,594 - DEBUG - Skipping company_39: Hash unchanged.
2026-07-17 16:45:36,594 - DEBUG - Skipping company_40: Hash unchanged.
2026-07-17 16:45:36,595 - DEBUG - Skipping company_41: Hash unchanged.
2026-07-17 16:45:36,596 - DEBUG - Skipping company_42: Hash unchanged.
2026-07-17 16:45:36,597 - DEBUG - Skipping company_43: Hash unchanged.
2026-07-17 16:45:36,598 - DEBUG - Skipping company_44: Hash unchanged.
2026-07-17 16:45:36,599 - DEBUG - Skipping company_45: Hash unchanged.
2026-07-17 16:45:36,600 - DEBUG - Skipping company_46: Hash unchanged.
2026-07-17 16:45:36,600 - DEBUG - Skipping company_47: Hash unchanged.
2026-07-17 16:45:36,601 - DEBUG - Skipping company_48: Hash unchanged.
2026-07-17 16:45:36,601 - DEBUG - Skipping company_49: Hash unchanged.
2026-07-17 16:45:36,602 - DEBUG - Skipping company_50: Hash unchanged.
2026-07-17 16:45:36,603 - DEBUG - Skipping company_51: Hash unchanged.
2026-07-17 16:45:36,603 - DEBUG - Skipping company_52: Hash unchanged.
2026-07-17 16:45:36,604 - DEBUG - Skipping company_53: Hash unchanged.
2026-07-17 16:45:36,604 - DEBUG - Skipping company_54: Hash unchanged.
2026-07-17 16:45:36,605 - DEBUG - Skipping company_55: Hash unchanged.
2026-07-17 16:45:36,606 - DEBUG - Skipping company_56: Hash unchanged.
2026-07-17 16:45:36,606 - DEBUG - Skipping company_57: Hash unchanged.
2026-07-17 16:45:36,607 - DEBUG - Skipping company_58: Hash unchanged.
2026-07-17 16:45:36,607 - DEBUG - Skipping company_59: Hash unchanged.
2026-07-17 16:45:36,608 - DEBUG - Skipping company_60: Hash unchanged.
2026-07-17 16:45:36,609 - DEBUG - Skipping company_61: Hash unchanged.
2026-07-17 16:45:36,609 - DEBUG - Skipping company_62: Hash unchanged.
2026-07-17 16:45:36,610 - DEBUG - Skipping company_63: Hash unchanged.
2026-07-17 16:45:36,611 - DEBUG - Skipping company_64: Hash unchanged.
2026-07-17 16:45:36,611 - DEBUG - Skipping company_65: Hash unchanged.
2026-07-17 16:45:36,613 - DEBUG - Skipping company_66: Hash unchanged.
2026-07-17 16:45:36,614 - DEBUG - Skipping company_67: Hash unchanged.
2026-07-17 16:45:36,615 - DEBUG - Skipping company_68: Hash unchanged.
2026-07-17 16:45:36,616 - DEBUG - Skipping company_69: Hash unchanged.
2026-07-17 16:45:36,616 - DEBUG - Skipping company_70: Hash unchanged.
2026-07-17 16:45:36,617 - DEBUG - Skipping company_71: Hash unchanged.
2026-07-17 16:45:36,618 - DEBUG - Skipping company_72: Hash unchanged.
2026-07-17 16:45:36,618 - DEBUG - Skipping company_73: Hash unchanged.
2026-07-17 16:45:36,619 - DEBUG - Skipping company_74: Hash unchanged.
2026-07-17 16:45:36,619 - DEBUG - Skipping company_75: Hash unchanged.
2026-07-17 16:45:36,620 - DEBUG - Skipping company_76: Hash unchanged.
2026-07-17 16:45:36,621 - DEBUG - Skipping company_77: Hash unchanged.
2026-07-17 16:45:36,621 - DEBUG - Skipping company_78: Hash unchanged.
2026-07-17 16:45:36,622 - DEBUG - Skipping company_79: Hash unchanged.
2026-07-17 16:45:36,622 - DEBUG - Skipping company_80: Hash unchanged.
2026-07-17 16:45:36,623 - DEBUG - Skipping company_81: Hash unchanged.
2026-07-17 16:45:36,624 - DEBUG - Skipping company_82: Hash unchanged.
2026-07-17 16:45:36,624 - DEBUG - Skipping company_83: Hash unchanged.
2026-07-17 16:45:36,625 - DEBUG - Skipping company_84: Hash unchanged.
2026-07-17 16:45:36,625 - DEBUG - Skipping company_85: Hash unchanged.
2026-07-17 16:45:36,626 - DEBUG - Skipping company_86: Hash unchanged.
2026-07-17 16:45:36,627 - DEBUG - Skipping company_87: Hash unchanged.
2026-07-17 16:45:36,627 - DEBUG - Skipping company_88: Hash unchanged.
2026-07-17 16:45:36,628 - DEBUG - Skipping company_89: Hash unchanged.
2026-07-17 16:45:36,629 - DEBUG - Skipping company_90: Hash unchanged.
2026-07-17 16:45:36,630 - DEBUG - Skipping company_91: Hash unchanged.
2026-07-17 16:45:36,630 - DEBUG - Skipping company_92: Hash unchanged.
2026-07-17 16:45:36,631 - DEBUG - Skipping company_93: Hash unchanged.
2026-07-17 16:45:36,632 - DEBUG - Skipping company_94: Hash unchanged.
2026-07-17 16:45:36,632 - DEBUG - Skipping company_95: Hash unchanged.
2026-07-17 16:45:36,633 - DEBUG - Skipping company_96: Hash unchanged.
2026-07-17 16:45:36,633 - DEBUG - Skipping company_97: Hash unchanged.
2026-07-17 16:45:36,634 - DEBUG - Skipping company_98: Hash unchanged.
2026-07-17 16:45:36,634 - DEBUG - Skipping company_99: Hash unchanged.
2026-07-17 16:45:36,635 - DEBUG - Skipping company_100: Hash unchanged.
2026-07-17 16:45:36,636 - DEBUG - Skipping company_101: Hash unchanged.
2026-07-17 16:45:36,636 - DEBUG - Skipping company_102: Hash unchanged.
2026-07-17 16:45:36,637 - DEBUG - Skipping company_103: Hash unchanged.
2026-07-17 16:45:36,638 - DEBUG - Skipping company_104: Hash unchanged.
2026-07-17 16:45:36,638 - DEBUG - Skipping company_105: Hash unchanged.
2026-07-17 16:45:36,639 - DEBUG - Skipping company_106: Hash unchanged.
2026-07-17 16:45:36,639 - DEBUG - Skipping company_107: Hash unchanged.
2026-07-17 16:45:36,640 - DEBUG - Skipping company_108: Hash unchanged.
2026-07-17 16:45:36,641 - DEBUG - Skipping company_109: Hash unchanged.
2026-07-17 16:45:36,641 - DEBUG - Skipping company_110: Hash unchanged.
2026-07-17 16:45:36,642 - DEBUG - Skipping company_111: Hash unchanged.
2026-07-17 16:45:36,642 - DEBUG - Skipping company_112: Hash unchanged.
2026-07-17 16:45:36,643 - DEBUG - Skipping company_113: Hash unchanged.
2026-07-17 16:45:36,644 - DEBUG - Skipping company_114: Hash unchanged.
2026-07-17 16:45:36,644 - DEBUG - Skipping company_115: Hash unchanged.
2026-07-17 16:45:36,645 - DEBUG - Skipping company_116: Hash unchanged.
2026-07-17 16:45:36,645 - INFO - Companies: 0 indexed, 116 skipped.
2026-07-17 16:45:36,646 - INFO - Indexing Problems...
2026-07-17 16:45:36,649 - DEBUG - Skipping problem_1: Hash unchanged.
2026-07-17 16:45:36,650 - DEBUG - Skipping problem_2: Hash unchanged.
2026-07-17 16:45:36,650 - DEBUG - Skipping problem_3: Hash unchanged.
2026-07-17 16:45:36,651 - DEBUG - Skipping problem_4: Hash unchanged.
2026-07-17 16:45:36,651 - DEBUG - Skipping problem_5: Hash unchanged.
2026-07-17 16:45:36,652 - DEBUG - Skipping problem_6: Hash unchanged.
2026-07-17 16:45:36,653 - DEBUG - Skipping problem_7: Hash unchanged.
2026-07-17 16:45:36,653 - DEBUG - Skipping problem_8: Hash unchanged.
2026-07-17 16:45:36,654 - DEBUG - Skipping problem_9: Hash unchanged.
2026-07-17 16:45:36,654 - DEBUG - Skipping problem_10: Hash unchanged.
2026-07-17 16:45:36,655 - DEBUG - Skipping problem_11: Hash unchanged.
2026-07-17 16:45:36,656 - DEBUG - Skipping problem_12: Hash unchanged.
2026-07-17 16:45:36,656 - DEBUG - Skipping problem_13: Hash unchanged.
2026-07-17 16:45:36,657 - DEBUG - Skipping problem_14: Hash unchanged.
2026-07-17 16:45:36,657 - DEBUG - Skipping problem_15: Hash unchanged.
2026-07-17 16:45:36,658 - DEBUG - Skipping problem_16: Hash unchanged.
2026-07-17 16:45:36,658 - DEBUG - Skipping problem_17: Hash unchanged.
2026-07-17 16:45:36,659 - DEBUG - Skipping problem_18: Hash unchanged.
2026-07-17 16:45:36,660 - DEBUG - Skipping problem_19: Hash unchanged.
2026-07-17 16:45:36,660 - DEBUG - Skipping problem_20: Hash unchanged.
2026-07-17 16:45:36,661 - DEBUG - Skipping problem_21: Hash unchanged.
2026-07-17 16:45:36,662 - DEBUG - Skipping problem_22: Hash unchanged.
2026-07-17 16:45:36,662 - DEBUG - Skipping problem_23: Hash unchanged.
2026-07-17 16:45:36,663 - DEBUG - Skipping problem_24: Hash unchanged.
2026-07-17 16:45:36,664 - DEBUG - Skipping problem_25: Hash unchanged.
2026-07-17 16:45:36,665 - DEBUG - Skipping problem_26: Hash unchanged.
2026-07-17 16:45:36,666 - DEBUG - Skipping problem_27: Hash unchanged.
2026-07-17 16:45:36,667 - DEBUG - Skipping problem_28: Hash unchanged.
2026-07-17 16:45:36,667 - DEBUG - Skipping problem_29: Hash unchanged.
2026-07-17 16:45:36,668 - DEBUG - Skipping problem_30: Hash unchanged.
2026-07-17 16:45:36,669 - DEBUG - Skipping problem_31: Hash unchanged.
2026-07-17 16:45:36,669 - DEBUG - Skipping problem_32: Hash unchanged.
2026-07-17 16:45:36,670 - DEBUG - Skipping problem_33: Hash unchanged.
2026-07-17 16:45:36,671 - DEBUG - Skipping problem_34: Hash unchanged.
2026-07-17 16:45:36,671 - DEBUG - Skipping problem_35: Hash unchanged.
2026-07-17 16:45:36,672 - DEBUG - Skipping problem_36: Hash unchanged.
2026-07-17 16:45:36,672 - DEBUG - Skipping problem_37: Hash unchanged.
2026-07-17 16:45:36,673 - DEBUG - Skipping problem_38: Hash unchanged.
2026-07-17 16:45:36,673 - DEBUG - Skipping problem_39: Hash unchanged.
2026-07-17 16:45:36,674 - DEBUG - Skipping problem_40: Hash unchanged.
2026-07-17 16:45:36,675 - DEBUG - Skipping problem_41: Hash unchanged.
2026-07-17 16:45:36,675 - DEBUG - Skipping problem_42: Hash unchanged.
2026-07-17 16:45:36,676 - DEBUG - Skipping problem_43: Hash unchanged.
2026-07-17 16:45:36,677 - DEBUG - Skipping problem_44: Hash unchanged.
2026-07-17 16:45:36,677 - DEBUG - Skipping problem_45: Hash unchanged.
2026-07-17 16:45:36,678 - DEBUG - Skipping problem_46: Hash unchanged.
2026-07-17 16:45:36,679 - DEBUG - Skipping problem_47: Hash unchanged.
2026-07-17 16:45:36,681 - DEBUG - Skipping problem_48: Hash unchanged.
2026-07-17 16:45:36,682 - DEBUG - Skipping problem_49: Hash unchanged.
2026-07-17 16:45:36,683 - DEBUG - Skipping problem_50: Hash unchanged.
2026-07-17 16:45:36,683 - DEBUG - Skipping problem_51: Hash unchanged.
2026-07-17 16:45:36,684 - DEBUG - Skipping problem_52: Hash unchanged.
2026-07-17 16:45:36,684 - DEBUG - Skipping problem_53: Hash unchanged.
2026-07-17 16:45:36,685 - DEBUG - Skipping problem_54: Hash unchanged.
2026-07-17 16:45:36,686 - DEBUG - Skipping problem_55: Hash unchanged.
2026-07-17 16:45:36,686 - DEBUG - Skipping problem_56: Hash unchanged.
2026-07-17 16:45:36,687 - DEBUG - Skipping problem_57: Hash unchanged.
2026-07-17 16:45:36,687 - DEBUG - Skipping problem_58: Hash unchanged.
2026-07-17 16:45:36,688 - DEBUG - Skipping problem_59: Hash unchanged.
2026-07-17 16:45:36,689 - DEBUG - Skipping problem_60: Hash unchanged.
2026-07-17 16:45:36,689 - DEBUG - Skipping problem_61: Hash unchanged.
2026-07-17 16:45:36,690 - DEBUG - Skipping problem_62: Hash unchanged.
2026-07-17 16:45:36,691 - DEBUG - Skipping problem_63: Hash unchanged.
2026-07-17 16:45:36,691 - DEBUG - Skipping problem_64: Hash unchanged.
2026-07-17 16:45:36,692 - DEBUG - Skipping problem_65: Hash unchanged.
2026-07-17 16:45:36,692 - DEBUG - Skipping problem_66: Hash unchanged.
2026-07-17 16:45:36,693 - DEBUG - Skipping problem_67: Hash unchanged.
2026-07-17 16:45:36,693 - DEBUG - Skipping problem_68: Hash unchanged.
2026-07-17 16:45:36,694 - DEBUG - Skipping problem_69: Hash unchanged.
2026-07-17 16:45:36,695 - DEBUG - Skipping problem_70: Hash unchanged.
2026-07-17 16:45:36,697 - DEBUG - Skipping problem_71: Hash unchanged.
2026-07-17 16:45:36,697 - INFO - Problems: 0 indexed, 71 skipped.
2026-07-17 16:45:36,698 - INFO - Indexing process finished in 0.17s
2026-07-17 16:46:21,848 - INFO - --- Running Verification ---
2026-07-17 16:46:21,879 - INFO - SQLite Records: 202 (116 Companies, 71 Problems, 15 Sectors)
2026-07-17 16:46:21,880 - INFO - KBChunk Records: 202
2026-07-17 16:46:21,880 - INFO - Consistency Check Passed: SQLite and KBChunk match.
2026-07-17 16:46:21,943 - INFO - ChromaDB Records: 202
2026-07-17 16:46:21,944 - INFO - Consistency Check Passed: ChromaDB and KBChunk match.
2026-07-17 16:46:21,945 - INFO - Indexing process finished in 0.10s
2026-07-17 17:05:58,202 - INFO - Indexing Sectors...
2026-07-17 17:05:58,226 - DEBUG - Skipping sector_1: Hash unchanged.
2026-07-17 17:05:58,227 - DEBUG - Skipping sector_2: Hash unchanged.
2026-07-17 17:05:58,227 - DEBUG - Skipping sector_3: Hash unchanged.
2026-07-17 17:05:58,228 - DEBUG - Skipping sector_4: Hash unchanged.
2026-07-17 17:05:58,229 - DEBUG - Skipping sector_5: Hash unchanged.
2026-07-17 17:05:58,229 - DEBUG - Skipping sector_6: Hash unchanged.
2026-07-17 17:05:58,230 - DEBUG - Skipping sector_7: Hash unchanged.
2026-07-17 17:05:58,231 - DEBUG - Skipping sector_8: Hash unchanged.
2026-07-17 17:05:58,231 - DEBUG - Skipping sector_9: Hash unchanged.
2026-07-17 17:05:58,232 - DEBUG - Skipping sector_10: Hash unchanged.
2026-07-17 17:05:58,233 - DEBUG - Skipping sector_11: Hash unchanged.
2026-07-17 17:05:58,233 - DEBUG - Skipping sector_12: Hash unchanged.
2026-07-17 17:05:58,234 - DEBUG - Skipping sector_13: Hash unchanged.
2026-07-17 17:05:58,235 - DEBUG - Skipping sector_14: Hash unchanged.
2026-07-17 17:05:58,235 - DEBUG - Skipping sector_15: Hash unchanged.
2026-07-17 17:05:58,235 - INFO - Sectors: 0 indexed, 15 skipped.
2026-07-17 17:05:58,236 - INFO - Indexing Companies...
2026-07-17 17:06:17,657 - DEBUG - Generated embedding for company_1 in 19.414s
2026-07-17 17:06:17,770 - DEBUG - Generated embedding for company_2 in 0.023s
2026-07-17 17:06:17,827 - DEBUG - Generated embedding for company_3 in 0.024s
2026-07-17 17:06:17,891 - DEBUG - Generated embedding for company_4 in 0.033s
2026-07-17 17:06:17,943 - DEBUG - Generated embedding for company_5 in 0.023s
2026-07-17 17:06:18,005 - DEBUG - Generated embedding for company_6 in 0.028s
2026-07-17 17:06:18,070 - DEBUG - Generated embedding for company_7 in 0.028s
2026-07-17 17:06:18,128 - DEBUG - Generated embedding for company_8 in 0.024s
2026-07-17 17:06:18,179 - DEBUG - Generated embedding for company_9 in 0.021s
2026-07-17 17:06:18,231 - DEBUG - Generated embedding for company_10 in 0.023s
2026-07-17 17:06:18,299 - DEBUG - Generated embedding for company_11 in 0.034s
2026-07-17 17:06:18,372 - DEBUG - Generated embedding for company_12 in 0.037s
2026-07-17 17:06:18,434 - DEBUG - Generated embedding for company_13 in 0.025s
2026-07-17 17:06:18,492 - DEBUG - Generated embedding for company_14 in 0.025s
2026-07-17 17:06:18,548 - DEBUG - Generated embedding for company_15 in 0.025s
2026-07-17 17:06:18,603 - DEBUG - Generated embedding for company_16 in 0.023s
2026-07-17 17:06:18,654 - DEBUG - Generated embedding for company_17 in 0.022s
2026-07-17 17:06:18,717 - DEBUG - Generated embedding for company_18 in 0.032s
2026-07-17 17:06:18,783 - DEBUG - Generated embedding for company_19 in 0.032s
2026-07-17 17:06:18,850 - DEBUG - Generated embedding for company_20 in 0.032s
2026-07-17 17:06:18,913 - DEBUG - Generated embedding for company_21 in 0.028s
2026-07-17 17:06:18,992 - DEBUG - Generated embedding for company_22 in 0.039s
2026-07-17 17:06:19,056 - DEBUG - Generated embedding for company_23 in 0.029s
2026-07-17 17:06:19,121 - DEBUG - Generated embedding for company_24 in 0.033s
2026-07-17 17:06:19,184 - DEBUG - Generated embedding for company_25 in 0.030s
2026-07-17 17:06:19,249 - DEBUG - Generated embedding for company_26 in 0.032s
2026-07-17 17:06:19,325 - DEBUG - Generated embedding for company_27 in 0.038s
2026-07-17 17:06:19,393 - DEBUG - Generated embedding for company_28 in 0.034s
2026-07-17 17:06:19,451 - DEBUG - Generated embedding for company_29 in 0.023s
2026-07-17 17:06:19,514 - DEBUG - Generated embedding for company_30 in 0.031s
2026-07-17 17:06:19,578 - DEBUG - Generated embedding for company_31 in 0.025s
2026-07-17 17:06:19,654 - DEBUG - Generated embedding for company_32 in 0.038s
2026-07-17 17:06:19,719 - DEBUG - Generated embedding for company_33 in 0.026s
2026-07-17 17:06:19,798 - DEBUG - Generated embedding for company_34 in 0.037s
2026-07-17 17:06:19,873 - DEBUG - Generated embedding for company_35 in 0.034s
2026-07-17 17:06:19,957 - DEBUG - Generated embedding for company_36 in 0.039s
2026-07-17 17:06:20,035 - DEBUG - Generated embedding for company_37 in 0.031s
2026-07-17 17:06:20,125 - DEBUG - Generated embedding for company_38 in 0.045s
2026-07-17 17:06:20,199 - DEBUG - Generated embedding for company_39 in 0.030s
2026-07-17 17:06:20,290 - DEBUG - Generated embedding for company_40 in 0.042s
2026-07-17 17:06:20,389 - DEBUG - Generated embedding for company_41 in 0.044s
2026-07-17 17:06:20,491 - DEBUG - Generated embedding for company_42 in 0.047s
2026-07-17 17:06:20,594 - DEBUG - Generated embedding for company_43 in 0.051s
2026-07-17 17:06:20,686 - DEBUG - Generated embedding for company_44 in 0.043s
2026-07-17 17:06:20,780 - DEBUG - Generated embedding for company_45 in 0.045s
2026-07-17 17:06:20,877 - DEBUG - Generated embedding for company_46 in 0.048s
2026-07-17 17:06:20,973 - DEBUG - Generated embedding for company_47 in 0.045s
2026-07-17 17:06:21,074 - DEBUG - Generated embedding for company_48 in 0.046s
2026-07-17 17:06:21,152 - DEBUG - Generated embedding for company_49 in 0.034s
2026-07-17 17:06:21,240 - DEBUG - Generated embedding for company_50 in 0.041s
2026-07-17 17:06:21,335 - DEBUG - Generated embedding for company_51 in 0.043s
2026-07-17 17:06:21,417 - DEBUG - Generated embedding for company_52 in 0.039s
2026-07-17 17:06:21,513 - DEBUG - Generated embedding for company_53 in 0.047s
2026-07-17 17:06:21,608 - DEBUG - Generated embedding for company_54 in 0.039s
2026-07-17 17:06:21,697 - DEBUG - Generated embedding for company_55 in 0.031s
2026-07-17 17:06:21,780 - DEBUG - Generated embedding for company_56 in 0.027s
2026-07-17 17:06:21,858 - DEBUG - Generated embedding for company_57 in 0.039s
2026-07-17 17:06:21,957 - DEBUG - Generated embedding for company_58 in 0.048s
2026-07-17 17:06:22,047 - DEBUG - Generated embedding for company_59 in 0.039s
2026-07-17 17:06:22,134 - DEBUG - Generated embedding for company_60 in 0.041s
2026-07-17 17:06:22,224 - DEBUG - Generated embedding for company_61 in 0.028s
2026-07-17 17:06:22,297 - DEBUG - Generated embedding for company_62 in 0.030s
2026-07-17 17:06:22,381 - DEBUG - Generated embedding for company_63 in 0.040s
2026-07-17 17:06:22,473 - DEBUG - Generated embedding for company_64 in 0.045s
2026-07-17 17:06:22,560 - DEBUG - Generated embedding for company_65 in 0.036s
2026-07-17 17:06:22,646 - DEBUG - Generated embedding for company_66 in 0.038s
2026-07-17 17:06:22,743 - DEBUG - Generated embedding for company_67 in 0.035s
2026-07-17 17:06:22,828 - DEBUG - Generated embedding for company_68 in 0.042s
2026-07-17 17:06:22,917 - DEBUG - Generated embedding for company_69 in 0.041s
2026-07-17 17:06:23,008 - DEBUG - Generated embedding for company_70 in 0.044s
2026-07-17 17:06:23,111 - DEBUG - Generated embedding for company_71 in 0.052s
2026-07-17 17:06:23,201 - DEBUG - Generated embedding for company_72 in 0.038s
2026-07-17 17:06:23,286 - DEBUG - Generated embedding for company_73 in 0.037s
2026-07-17 17:06:23,369 - DEBUG - Generated embedding for company_74 in 0.038s
2026-07-17 17:06:23,463 - DEBUG - Generated embedding for company_75 in 0.044s
2026-07-17 17:06:23,613 - DEBUG - Generated embedding for company_76 in 0.100s
2026-07-17 17:06:23,734 - DEBUG - Generated embedding for company_77 in 0.054s
2026-07-17 17:06:23,884 - DEBUG - Generated embedding for company_78 in 0.085s
2026-07-17 17:06:24,183 - DEBUG - Generated embedding for company_79 in 0.232s
2026-07-17 17:06:24,290 - DEBUG - Generated embedding for company_80 in 0.047s
2026-07-17 17:06:24,391 - DEBUG - Generated embedding for company_81 in 0.045s
2026-07-17 17:06:24,486 - DEBUG - Generated embedding for company_82 in 0.035s
2026-07-17 17:06:24,575 - DEBUG - Generated embedding for company_83 in 0.038s
2026-07-17 17:06:24,669 - DEBUG - Generated embedding for company_84 in 0.042s
2026-07-17 17:06:24,776 - DEBUG - Generated embedding for company_85 in 0.054s
2026-07-17 17:06:24,886 - DEBUG - Generated embedding for company_86 in 0.056s
2026-07-17 17:06:24,975 - DEBUG - Generated embedding for company_87 in 0.039s
2026-07-17 17:06:25,065 - DEBUG - Generated embedding for company_88 in 0.040s
2026-07-17 17:06:25,145 - DEBUG - Generated embedding for company_89 in 0.035s
2026-07-17 17:06:25,230 - DEBUG - Generated embedding for company_90 in 0.039s
2026-07-17 17:06:25,327 - DEBUG - Generated embedding for company_91 in 0.046s
2026-07-17 17:06:25,444 - DEBUG - Generated embedding for company_92 in 0.057s
2026-07-17 17:06:25,564 - DEBUG - Generated embedding for company_93 in 0.055s
2026-07-17 17:06:25,689 - DEBUG - Generated embedding for company_94 in 0.071s
2026-07-17 17:06:25,795 - DEBUG - Generated embedding for company_95 in 0.047s
2026-07-17 17:06:25,911 - DEBUG - Generated embedding for company_96 in 0.051s
2026-07-17 17:06:26,016 - DEBUG - Generated embedding for company_97 in 0.042s
2026-07-17 17:06:26,114 - DEBUG - Generated embedding for company_98 in 0.045s
2026-07-17 17:06:26,206 - DEBUG - Generated embedding for company_99 in 0.040s
2026-07-17 17:06:26,311 - DEBUG - Generated embedding for company_100 in 0.042s
2026-07-17 17:06:26,392 - DEBUG - Generated embedding for company_101 in 0.033s
2026-07-17 17:06:26,497 - DEBUG - Generated embedding for company_102 in 0.053s
2026-07-17 17:06:26,609 - DEBUG - Generated embedding for company_103 in 0.044s
2026-07-17 17:06:26,703 - DEBUG - Generated embedding for company_104 in 0.039s
2026-07-17 17:06:26,805 - DEBUG - Generated embedding for company_105 in 0.046s
2026-07-17 17:06:26,895 - DEBUG - Generated embedding for company_106 in 0.040s
2026-07-17 17:06:27,001 - DEBUG - Generated embedding for company_107 in 0.042s
2026-07-17 17:06:27,094 - DEBUG - Generated embedding for company_108 in 0.041s
2026-07-17 17:06:27,203 - DEBUG - Generated embedding for company_109 in 0.043s
2026-07-17 17:06:27,293 - DEBUG - Generated embedding for company_110 in 0.037s
2026-07-17 17:06:27,379 - DEBUG - Generated embedding for company_111 in 0.037s
2026-07-17 17:06:27,469 - DEBUG - Generated embedding for company_112 in 0.037s
2026-07-17 17:06:27,581 - DEBUG - Generated embedding for company_113 in 0.060s
2026-07-17 17:06:27,691 - DEBUG - Generated embedding for company_114 in 0.050s
2026-07-17 17:06:27,776 - DEBUG - Generated embedding for company_115 in 0.036s
2026-07-17 17:06:27,872 - DEBUG - Generated embedding for company_116 in 0.034s
2026-07-17 17:06:27,934 - INFO - Companies: 116 indexed, 0 skipped.
2026-07-17 17:06:27,935 - INFO - Indexing Problems...
2026-07-17 17:06:27,940 - DEBUG - Skipping problem_1: Hash unchanged.
2026-07-17 17:06:27,942 - DEBUG - Skipping problem_2: Hash unchanged.
2026-07-17 17:06:27,943 - DEBUG - Skipping problem_3: Hash unchanged.
2026-07-17 17:06:27,944 - DEBUG - Skipping problem_4: Hash unchanged.
2026-07-17 17:06:27,945 - DEBUG - Skipping problem_5: Hash unchanged.
2026-07-17 17:06:27,946 - DEBUG - Skipping problem_6: Hash unchanged.
2026-07-17 17:06:27,947 - DEBUG - Skipping problem_7: Hash unchanged.
2026-07-17 17:06:27,948 - DEBUG - Skipping problem_8: Hash unchanged.
2026-07-17 17:06:27,949 - DEBUG - Skipping problem_9: Hash unchanged.
2026-07-17 17:06:27,950 - DEBUG - Skipping problem_10: Hash unchanged.
2026-07-17 17:06:27,952 - DEBUG - Skipping problem_11: Hash unchanged.
2026-07-17 17:06:27,954 - DEBUG - Skipping problem_12: Hash unchanged.
2026-07-17 17:06:27,955 - DEBUG - Skipping problem_13: Hash unchanged.
2026-07-17 17:06:27,956 - DEBUG - Skipping problem_14: Hash unchanged.
2026-07-17 17:06:27,957 - DEBUG - Skipping problem_15: Hash unchanged.
2026-07-17 17:06:27,958 - DEBUG - Skipping problem_16: Hash unchanged.
2026-07-17 17:06:27,960 - DEBUG - Skipping problem_17: Hash unchanged.
2026-07-17 17:06:27,961 - DEBUG - Skipping problem_18: Hash unchanged.
2026-07-17 17:06:27,962 - DEBUG - Skipping problem_19: Hash unchanged.
2026-07-17 17:06:27,963 - DEBUG - Skipping problem_20: Hash unchanged.
2026-07-17 17:06:27,964 - DEBUG - Skipping problem_21: Hash unchanged.
2026-07-17 17:06:27,966 - DEBUG - Skipping problem_22: Hash unchanged.
2026-07-17 17:06:27,967 - DEBUG - Skipping problem_23: Hash unchanged.
2026-07-17 17:06:27,968 - DEBUG - Skipping problem_24: Hash unchanged.
2026-07-17 17:06:27,970 - DEBUG - Skipping problem_25: Hash unchanged.
2026-07-17 17:06:27,972 - DEBUG - Skipping problem_26: Hash unchanged.
2026-07-17 17:06:27,974 - DEBUG - Skipping problem_27: Hash unchanged.
2026-07-17 17:06:27,975 - DEBUG - Skipping problem_28: Hash unchanged.
2026-07-17 17:06:27,977 - DEBUG - Skipping problem_29: Hash unchanged.
2026-07-17 17:06:27,978 - DEBUG - Skipping problem_30: Hash unchanged.
2026-07-17 17:06:27,979 - DEBUG - Skipping problem_31: Hash unchanged.
2026-07-17 17:06:27,980 - DEBUG - Skipping problem_32: Hash unchanged.
2026-07-17 17:06:27,981 - DEBUG - Skipping problem_33: Hash unchanged.
2026-07-17 17:06:27,982 - DEBUG - Skipping problem_34: Hash unchanged.
2026-07-17 17:06:27,983 - DEBUG - Skipping problem_35: Hash unchanged.
2026-07-17 17:06:27,984 - DEBUG - Skipping problem_36: Hash unchanged.
2026-07-17 17:06:27,985 - DEBUG - Skipping problem_37: Hash unchanged.
2026-07-17 17:06:27,986 - DEBUG - Skipping problem_38: Hash unchanged.
2026-07-17 17:06:27,987 - DEBUG - Skipping problem_39: Hash unchanged.
2026-07-17 17:06:27,988 - DEBUG - Skipping problem_40: Hash unchanged.
2026-07-17 17:06:27,989 - DEBUG - Skipping problem_41: Hash unchanged.
2026-07-17 17:06:27,990 - DEBUG - Skipping problem_42: Hash unchanged.
2026-07-17 17:06:27,991 - DEBUG - Skipping problem_43: Hash unchanged.
2026-07-17 17:06:27,992 - DEBUG - Skipping problem_44: Hash unchanged.
2026-07-17 17:06:27,993 - DEBUG - Skipping problem_45: Hash unchanged.
2026-07-17 17:06:27,994 - DEBUG - Skipping problem_46: Hash unchanged.
2026-07-17 17:06:27,995 - DEBUG - Skipping problem_47: Hash unchanged.
2026-07-17 17:06:27,996 - DEBUG - Skipping problem_48: Hash unchanged.
2026-07-17 17:06:27,997 - DEBUG - Skipping problem_49: Hash unchanged.
2026-07-17 17:06:27,999 - DEBUG - Skipping problem_50: Hash unchanged.
2026-07-17 17:06:28,000 - DEBUG - Skipping problem_51: Hash unchanged.
2026-07-17 17:06:28,001 - DEBUG - Skipping problem_52: Hash unchanged.
2026-07-17 17:06:28,003 - DEBUG - Skipping problem_53: Hash unchanged.
2026-07-17 17:06:28,004 - DEBUG - Skipping problem_54: Hash unchanged.
2026-07-17 17:06:28,005 - DEBUG - Skipping problem_55: Hash unchanged.
2026-07-17 17:06:28,006 - DEBUG - Skipping problem_56: Hash unchanged.
2026-07-17 17:06:28,008 - DEBUG - Skipping problem_57: Hash unchanged.
2026-07-17 17:06:28,009 - DEBUG - Skipping problem_58: Hash unchanged.
2026-07-17 17:06:28,010 - DEBUG - Skipping problem_59: Hash unchanged.
2026-07-17 17:06:28,011 - DEBUG - Skipping problem_60: Hash unchanged.
2026-07-17 17:06:28,012 - DEBUG - Skipping problem_61: Hash unchanged.
2026-07-17 17:06:28,014 - DEBUG - Skipping problem_62: Hash unchanged.
2026-07-17 17:06:28,015 - DEBUG - Skipping problem_63: Hash unchanged.
2026-07-17 17:06:28,016 - DEBUG - Skipping problem_64: Hash unchanged.
2026-07-17 17:06:28,018 - DEBUG - Skipping problem_65: Hash unchanged.
2026-07-17 17:06:28,019 - DEBUG - Skipping problem_66: Hash unchanged.
2026-07-17 17:06:28,020 - DEBUG - Skipping problem_67: Hash unchanged.
2026-07-17 17:06:28,022 - DEBUG - Skipping problem_68: Hash unchanged.
2026-07-17 17:06:28,023 - DEBUG - Skipping problem_69: Hash unchanged.
2026-07-17 17:06:28,024 - DEBUG - Skipping problem_70: Hash unchanged.
2026-07-17 17:06:28,025 - DEBUG - Skipping problem_71: Hash unchanged.
2026-07-17 17:06:28,026 - INFO - Problems: 0 indexed, 71 skipped.
2026-07-17 17:06:28,026 - INFO - Indexing process finished in 29.82s
2026-07-17 17:13:06,582 - INFO - Indexing Sectors...
2026-07-17 17:13:06,603 - DEBUG - Skipping sector_1: Hash unchanged.
2026-07-17 17:13:06,605 - DEBUG - Skipping sector_2: Hash unchanged.
2026-07-17 17:13:06,606 - DEBUG - Skipping sector_3: Hash unchanged.
2026-07-17 17:13:06,607 - DEBUG - Skipping sector_4: Hash unchanged.
2026-07-17 17:13:06,608 - DEBUG - Skipping sector_5: Hash unchanged.
2026-07-17 17:13:06,608 - DEBUG - Skipping sector_6: Hash unchanged.
2026-07-17 17:13:06,609 - DEBUG - Skipping sector_7: Hash unchanged.
2026-07-17 17:13:06,610 - DEBUG - Skipping sector_8: Hash unchanged.
2026-07-17 17:13:06,610 - DEBUG - Skipping sector_9: Hash unchanged.
2026-07-17 17:13:06,611 - DEBUG - Skipping sector_10: Hash unchanged.
2026-07-17 17:13:06,611 - DEBUG - Skipping sector_11: Hash unchanged.
2026-07-17 17:13:06,612 - DEBUG - Skipping sector_12: Hash unchanged.
2026-07-17 17:13:06,613 - DEBUG - Skipping sector_13: Hash unchanged.
2026-07-17 17:13:06,613 - DEBUG - Skipping sector_14: Hash unchanged.
2026-07-17 17:13:06,614 - DEBUG - Skipping sector_15: Hash unchanged.
2026-07-17 17:13:06,614 - INFO - Sectors: 0 indexed, 15 skipped.
2026-07-17 17:13:06,614 - INFO - Indexing Companies...
2026-07-17 17:13:06,619 - DEBUG - Skipping company_1: Hash unchanged.
2026-07-17 17:13:06,620 - DEBUG - Skipping company_2: Hash unchanged.
2026-07-17 17:13:06,621 - DEBUG - Skipping company_3: Hash unchanged.
2026-07-17 17:13:06,622 - DEBUG - Skipping company_4: Hash unchanged.
2026-07-17 17:13:06,623 - DEBUG - Skipping company_5: Hash unchanged.
2026-07-17 17:13:06,624 - DEBUG - Skipping company_6: Hash unchanged.
2026-07-17 17:13:06,625 - DEBUG - Skipping company_7: Hash unchanged.
2026-07-17 17:13:06,626 - DEBUG - Skipping company_8: Hash unchanged.
2026-07-17 17:13:06,627 - DEBUG - Skipping company_9: Hash unchanged.
2026-07-17 17:13:06,628 - DEBUG - Skipping company_10: Hash unchanged.
2026-07-17 17:13:06,628 - DEBUG - Skipping company_11: Hash unchanged.
2026-07-17 17:13:06,629 - DEBUG - Skipping company_12: Hash unchanged.
2026-07-17 17:13:06,629 - DEBUG - Skipping company_13: Hash unchanged.
2026-07-17 17:13:06,630 - DEBUG - Skipping company_14: Hash unchanged.
2026-07-17 17:13:06,631 - DEBUG - Skipping company_15: Hash unchanged.
2026-07-17 17:13:06,631 - DEBUG - Skipping company_16: Hash unchanged.
2026-07-17 17:13:06,632 - DEBUG - Skipping company_17: Hash unchanged.
2026-07-17 17:13:06,633 - DEBUG - Skipping company_18: Hash unchanged.
2026-07-17 17:13:06,633 - DEBUG - Skipping company_19: Hash unchanged.
2026-07-17 17:13:06,634 - DEBUG - Skipping company_20: Hash unchanged.
2026-07-17 17:13:06,635 - DEBUG - Skipping company_21: Hash unchanged.
2026-07-17 17:13:06,635 - DEBUG - Skipping company_22: Hash unchanged.
2026-07-17 17:13:06,636 - DEBUG - Skipping company_23: Hash unchanged.
2026-07-17 17:13:06,636 - DEBUG - Skipping company_24: Hash unchanged.
2026-07-17 17:13:06,637 - DEBUG - Skipping company_25: Hash unchanged.
2026-07-17 17:13:06,639 - DEBUG - Skipping company_26: Hash unchanged.
2026-07-17 17:13:06,640 - DEBUG - Skipping company_27: Hash unchanged.
2026-07-17 17:13:06,641 - DEBUG - Skipping company_28: Hash unchanged.
2026-07-17 17:13:06,641 - DEBUG - Skipping company_29: Hash unchanged.
2026-07-17 17:13:06,642 - DEBUG - Skipping company_30: Hash unchanged.
2026-07-17 17:13:06,642 - DEBUG - Skipping company_31: Hash unchanged.
2026-07-17 17:13:06,643 - DEBUG - Skipping company_32: Hash unchanged.
2026-07-17 17:13:06,643 - DEBUG - Skipping company_33: Hash unchanged.
2026-07-17 17:13:06,644 - DEBUG - Skipping company_34: Hash unchanged.
2026-07-17 17:13:06,645 - DEBUG - Skipping company_35: Hash unchanged.
2026-07-17 17:13:06,645 - DEBUG - Skipping company_36: Hash unchanged.
2026-07-17 17:13:06,646 - DEBUG - Skipping company_37: Hash unchanged.
2026-07-17 17:13:06,647 - DEBUG - Skipping company_38: Hash unchanged.
2026-07-17 17:13:06,647 - DEBUG - Skipping company_39: Hash unchanged.
2026-07-17 17:13:06,648 - DEBUG - Skipping company_40: Hash unchanged.
2026-07-17 17:13:06,648 - DEBUG - Skipping company_41: Hash unchanged.
2026-07-17 17:13:06,649 - DEBUG - Skipping company_42: Hash unchanged.
2026-07-17 17:13:06,650 - DEBUG - Skipping company_43: Hash unchanged.
2026-07-17 17:13:06,650 - DEBUG - Skipping company_44: Hash unchanged.
2026-07-17 17:13:06,651 - DEBUG - Skipping company_45: Hash unchanged.
2026-07-17 17:13:06,652 - DEBUG - Skipping company_46: Hash unchanged.
2026-07-17 17:13:06,652 - DEBUG - Skipping company_47: Hash unchanged.
2026-07-17 17:13:06,653 - DEBUG - Skipping company_48: Hash unchanged.
2026-07-17 17:13:06,654 - DEBUG - Skipping company_49: Hash unchanged.
2026-07-17 17:13:06,655 - DEBUG - Skipping company_50: Hash unchanged.
2026-07-17 17:13:06,657 - DEBUG - Skipping company_51: Hash unchanged.
2026-07-17 17:13:06,658 - DEBUG - Skipping company_52: Hash unchanged.
2026-07-17 17:13:06,658 - DEBUG - Skipping company_53: Hash unchanged.
2026-07-17 17:13:06,659 - DEBUG - Skipping company_54: Hash unchanged.
2026-07-17 17:13:06,660 - DEBUG - Skipping company_55: Hash unchanged.
2026-07-17 17:13:06,660 - DEBUG - Skipping company_56: Hash unchanged.
2026-07-17 17:13:06,661 - DEBUG - Skipping company_57: Hash unchanged.
2026-07-17 17:13:06,662 - DEBUG - Skipping company_58: Hash unchanged.
2026-07-17 17:13:06,662 - DEBUG - Skipping company_59: Hash unchanged.
2026-07-17 17:13:06,663 - DEBUG - Skipping company_60: Hash unchanged.
2026-07-17 17:13:06,664 - DEBUG - Skipping company_61: Hash unchanged.
2026-07-17 17:13:06,664 - DEBUG - Skipping company_62: Hash unchanged.
2026-07-17 17:13:06,665 - DEBUG - Skipping company_63: Hash unchanged.
2026-07-17 17:13:06,665 - DEBUG - Skipping company_64: Hash unchanged.
2026-07-17 17:13:06,666 - DEBUG - Skipping company_65: Hash unchanged.
2026-07-17 17:13:06,667 - DEBUG - Skipping company_66: Hash unchanged.
2026-07-17 17:13:06,667 - DEBUG - Skipping company_67: Hash unchanged.
2026-07-17 17:13:06,668 - DEBUG - Skipping company_68: Hash unchanged.
2026-07-17 17:13:06,669 - DEBUG - Skipping company_69: Hash unchanged.
2026-07-17 17:13:06,669 - DEBUG - Skipping company_70: Hash unchanged.
2026-07-17 17:13:06,670 - DEBUG - Skipping company_71: Hash unchanged.
2026-07-17 17:13:06,671 - DEBUG - Skipping company_72: Hash unchanged.
2026-07-17 17:13:06,673 - DEBUG - Skipping company_73: Hash unchanged.
2026-07-17 17:13:06,674 - DEBUG - Skipping company_74: Hash unchanged.
2026-07-17 17:13:06,675 - DEBUG - Skipping company_75: Hash unchanged.
2026-07-17 17:13:06,675 - DEBUG - Skipping company_76: Hash unchanged.
2026-07-17 17:13:06,676 - DEBUG - Skipping company_77: Hash unchanged.
2026-07-17 17:13:06,676 - DEBUG - Skipping company_78: Hash unchanged.
2026-07-17 17:13:06,677 - DEBUG - Skipping company_79: Hash unchanged.
2026-07-17 17:13:06,678 - DEBUG - Skipping company_80: Hash unchanged.
2026-07-17 17:13:06,678 - DEBUG - Skipping company_81: Hash unchanged.
2026-07-17 17:13:06,679 - DEBUG - Skipping company_82: Hash unchanged.
2026-07-17 17:13:06,680 - DEBUG - Skipping company_83: Hash unchanged.
2026-07-17 17:13:06,680 - DEBUG - Skipping company_84: Hash unchanged.
2026-07-17 17:13:06,681 - DEBUG - Skipping company_85: Hash unchanged.
2026-07-17 17:13:06,681 - DEBUG - Skipping company_86: Hash unchanged.
2026-07-17 17:13:06,682 - DEBUG - Skipping company_87: Hash unchanged.
2026-07-17 17:13:06,683 - DEBUG - Skipping company_88: Hash unchanged.
2026-07-17 17:13:06,683 - DEBUG - Skipping company_89: Hash unchanged.
2026-07-17 17:13:06,684 - DEBUG - Skipping company_90: Hash unchanged.
2026-07-17 17:13:06,685 - DEBUG - Skipping company_91: Hash unchanged.
2026-07-17 17:13:06,685 - DEBUG - Skipping company_92: Hash unchanged.
2026-07-17 17:13:06,686 - DEBUG - Skipping company_93: Hash unchanged.
2026-07-17 17:13:06,686 - DEBUG - Skipping company_94: Hash unchanged.
2026-07-17 17:13:06,687 - DEBUG - Skipping company_95: Hash unchanged.
2026-07-17 17:13:06,688 - DEBUG - Skipping company_96: Hash unchanged.
2026-07-17 17:13:06,689 - DEBUG - Skipping company_97: Hash unchanged.
2026-07-17 17:13:06,690 - DEBUG - Skipping company_98: Hash unchanged.
2026-07-17 17:13:06,690 - DEBUG - Skipping company_99: Hash unchanged.
2026-07-17 17:13:06,691 - DEBUG - Skipping company_100: Hash unchanged.
2026-07-17 17:13:06,692 - DEBUG - Skipping company_101: Hash unchanged.
2026-07-17 17:13:06,692 - DEBUG - Skipping company_102: Hash unchanged.
2026-07-17 17:13:06,693 - DEBUG - Skipping company_103: Hash unchanged.
2026-07-17 17:13:06,693 - DEBUG - Skipping company_104: Hash unchanged.
2026-07-17 17:13:06,694 - DEBUG - Skipping company_105: Hash unchanged.
2026-07-17 17:13:06,695 - DEBUG - Skipping company_106: Hash unchanged.
2026-07-17 17:13:06,695 - DEBUG - Skipping company_107: Hash unchanged.
2026-07-17 17:13:06,696 - DEBUG - Skipping company_108: Hash unchanged.
2026-07-17 17:13:06,697 - DEBUG - Skipping company_109: Hash unchanged.
2026-07-17 17:13:06,697 - DEBUG - Skipping company_110: Hash unchanged.
2026-07-17 17:13:06,698 - DEBUG - Skipping company_111: Hash unchanged.
2026-07-17 17:13:06,698 - DEBUG - Skipping company_112: Hash unchanged.
2026-07-17 17:13:06,699 - DEBUG - Skipping company_113: Hash unchanged.
2026-07-17 17:13:06,700 - DEBUG - Skipping company_114: Hash unchanged.
2026-07-17 17:13:06,700 - DEBUG - Skipping company_115: Hash unchanged.
2026-07-17 17:13:06,701 - DEBUG - Skipping company_116: Hash unchanged.
2026-07-17 17:13:06,701 - INFO - Companies: 0 indexed, 116 skipped.
2026-07-17 17:13:06,702 - INFO - Indexing Problems...
2026-07-17 17:13:06,705 - DEBUG - Skipping problem_1: Hash unchanged.
2026-07-17 17:13:06,706 - DEBUG - Skipping problem_2: Hash unchanged.
2026-07-17 17:13:06,706 - DEBUG - Skipping problem_3: Hash unchanged.
2026-07-17 17:13:06,707 - DEBUG - Skipping problem_4: Hash unchanged.
2026-07-17 17:13:06,708 - DEBUG - Skipping problem_5: Hash unchanged.
2026-07-17 17:13:06,708 - DEBUG - Skipping problem_6: Hash unchanged.
2026-07-17 17:13:06,709 - DEBUG - Skipping problem_7: Hash unchanged.
2026-07-17 17:13:06,709 - DEBUG - Skipping problem_8: Hash unchanged.
2026-07-17 17:13:06,710 - DEBUG - Skipping problem_9: Hash unchanged.
2026-07-17 17:13:06,711 - DEBUG - Skipping problem_10: Hash unchanged.
2026-07-17 17:13:06,711 - DEBUG - Skipping problem_11: Hash unchanged.
2026-07-17 17:13:06,712 - DEBUG - Skipping problem_12: Hash unchanged.
2026-07-17 17:13:06,712 - DEBUG - Skipping problem_13: Hash unchanged.
2026-07-17 17:13:06,713 - DEBUG - Skipping problem_14: Hash unchanged.
2026-07-17 17:13:06,714 - DEBUG - Skipping problem_15: Hash unchanged.
2026-07-17 17:13:06,714 - DEBUG - Skipping problem_16: Hash unchanged.
2026-07-17 17:13:06,715 - DEBUG - Skipping problem_17: Hash unchanged.
2026-07-17 17:13:06,715 - DEBUG - Skipping problem_18: Hash unchanged.
2026-07-17 17:13:06,716 - DEBUG - Skipping problem_19: Hash unchanged.
2026-07-17 17:13:06,717 - DEBUG - Skipping problem_20: Hash unchanged.
2026-07-17 17:13:06,717 - DEBUG - Skipping problem_21: Hash unchanged.
2026-07-17 17:13:06,718 - DEBUG - Skipping problem_22: Hash unchanged.
2026-07-17 17:13:06,719 - DEBUG - Skipping problem_23: Hash unchanged.
2026-07-17 17:13:06,720 - DEBUG - Skipping problem_24: Hash unchanged.
2026-07-17 17:13:06,721 - DEBUG - Skipping problem_25: Hash unchanged.
2026-07-17 17:13:06,722 - DEBUG - Skipping problem_26: Hash unchanged.
2026-07-17 17:13:06,722 - DEBUG - Skipping problem_27: Hash unchanged.
2026-07-17 17:13:06,723 - DEBUG - Skipping problem_28: Hash unchanged.
2026-07-17 17:13:06,724 - DEBUG - Skipping problem_29: Hash unchanged.
2026-07-17 17:13:06,725 - DEBUG - Skipping problem_30: Hash unchanged.
2026-07-17 17:13:06,725 - DEBUG - Skipping problem_31: Hash unchanged.
2026-07-17 17:13:06,726 - DEBUG - Skipping problem_32: Hash unchanged.
2026-07-17 17:13:06,727 - DEBUG - Skipping problem_33: Hash unchanged.
2026-07-17 17:13:06,727 - DEBUG - Skipping problem_34: Hash unchanged.
2026-07-17 17:13:06,728 - DEBUG - Skipping problem_35: Hash unchanged.
2026-07-17 17:13:06,729 - DEBUG - Skipping problem_36: Hash unchanged.
2026-07-17 17:13:06,729 - DEBUG - Skipping problem_37: Hash unchanged.
2026-07-17 17:13:06,730 - DEBUG - Skipping problem_38: Hash unchanged.
2026-07-17 17:13:06,730 - DEBUG - Skipping problem_39: Hash unchanged.
2026-07-17 17:13:06,731 - DEBUG - Skipping problem_40: Hash unchanged.
2026-07-17 17:13:06,731 - DEBUG - Skipping problem_41: Hash unchanged.
2026-07-17 17:13:06,732 - DEBUG - Skipping problem_42: Hash unchanged.
2026-07-17 17:13:06,733 - DEBUG - Skipping problem_43: Hash unchanged.
2026-07-17 17:13:06,733 - DEBUG - Skipping problem_44: Hash unchanged.
2026-07-17 17:13:06,734 - DEBUG - Skipping problem_45: Hash unchanged.
2026-07-17 17:13:06,735 - DEBUG - Skipping problem_46: Hash unchanged.
2026-07-17 17:13:06,735 - DEBUG - Skipping problem_47: Hash unchanged.
2026-07-17 17:13:06,736 - DEBUG - Skipping problem_48: Hash unchanged.
2026-07-17 17:13:06,737 - DEBUG - Skipping problem_49: Hash unchanged.
2026-07-17 17:13:06,737 - DEBUG - Skipping problem_50: Hash unchanged.
2026-07-17 17:13:06,738 - DEBUG - Skipping problem_51: Hash unchanged.
2026-07-17 17:13:06,740 - DEBUG - Skipping problem_52: Hash unchanged.
2026-07-17 17:13:06,741 - DEBUG - Skipping problem_53: Hash unchanged.
2026-07-17 17:13:06,742 - DEBUG - Skipping problem_54: Hash unchanged.
2026-07-17 17:13:06,742 - DEBUG - Skipping problem_55: Hash unchanged.
2026-07-17 17:13:06,743 - DEBUG - Skipping problem_56: Hash unchanged.
2026-07-17 17:13:06,743 - DEBUG - Skipping problem_57: Hash unchanged.
2026-07-17 17:13:06,744 - DEBUG - Skipping problem_58: Hash unchanged.
2026-07-17 17:13:06,745 - DEBUG - Skipping problem_59: Hash unchanged.
2026-07-17 17:13:06,745 - DEBUG - Skipping problem_60: Hash unchanged.
2026-07-17 17:13:06,746 - DEBUG - Skipping problem_61: Hash unchanged.
2026-07-17 17:13:06,747 - DEBUG - Skipping problem_62: Hash unchanged.
2026-07-17 17:13:06,747 - DEBUG - Skipping problem_63: Hash unchanged.
2026-07-17 17:13:06,748 - DEBUG - Skipping problem_64: Hash unchanged.
2026-07-17 17:13:06,748 - DEBUG - Skipping problem_65: Hash unchanged.
2026-07-17 17:13:06,749 - DEBUG - Skipping problem_66: Hash unchanged.
2026-07-17 17:13:06,749 - DEBUG - Skipping problem_67: Hash unchanged.
2026-07-17 17:13:06,750 - DEBUG - Skipping problem_68: Hash unchanged.
2026-07-17 17:13:06,751 - DEBUG - Skipping problem_69: Hash unchanged.
2026-07-17 17:13:06,751 - DEBUG - Skipping problem_70: Hash unchanged.
2026-07-17 17:13:06,752 - DEBUG - Skipping problem_71: Hash unchanged.
2026-07-17 17:13:06,752 - INFO - Problems: 0 indexed, 71 skipped.
2026-07-17 17:13:06,753 - INFO - Indexing process finished in 0.17s
2026-07-17 17:13:16,818 - INFO - --- Running Verification ---
2026-07-17 17:13:16,850 - INFO - SQLite Records: 202 (116 Companies, 71 Problems, 15 Sectors)
2026-07-17 17:13:16,851 - INFO - KBChunk Records: 202
2026-07-17 17:13:16,851 - INFO - Consistency Check Passed: SQLite and KBChunk match.
2026-07-17 17:13:16,914 - INFO - ChromaDB Records: 202
2026-07-17 17:13:16,915 - INFO - Consistency Check Passed: ChromaDB and KBChunk match.
2026-07-17 17:13:16,915 - INFO - Indexing process finished in 0.10s
2026-07-17 19:53:23,703 - INFO - Indexing Sectors...
2026-07-17 19:53:23,735 - DEBUG - Skipping sector_1: Hash unchanged.
2026-07-17 19:53:23,736 - DEBUG - Skipping sector_2: Hash unchanged.
2026-07-17 19:53:23,738 - DEBUG - Skipping sector_3: Hash unchanged.
2026-07-17 19:53:23,738 - DEBUG - Skipping sector_4: Hash unchanged.
2026-07-17 19:53:23,740 - DEBUG - Skipping sector_5: Hash unchanged.
2026-07-17 19:53:23,741 - DEBUG - Skipping sector_6: Hash unchanged.
2026-07-17 19:53:23,743 - DEBUG - Skipping sector_7: Hash unchanged.
2026-07-17 19:53:23,744 - DEBUG - Skipping sector_8: Hash unchanged.
2026-07-17 19:53:23,745 - DEBUG - Skipping sector_9: Hash unchanged.
2026-07-17 19:53:23,746 - DEBUG - Skipping sector_10: Hash unchanged.
2026-07-17 19:53:23,747 - DEBUG - Skipping sector_11: Hash unchanged.
2026-07-17 19:53:23,748 - DEBUG - Skipping sector_12: Hash unchanged.
2026-07-17 19:53:23,749 - DEBUG - Skipping sector_13: Hash unchanged.
2026-07-17 19:53:23,750 - DEBUG - Skipping sector_14: Hash unchanged.
2026-07-17 19:53:23,750 - DEBUG - Skipping sector_15: Hash unchanged.
2026-07-17 19:53:23,751 - INFO - Sectors: 0 indexed, 15 skipped.
2026-07-17 19:53:23,751 - INFO - Indexing Companies...
2026-07-17 19:53:23,765 - DEBUG - Skipping company_1: Hash unchanged.
2026-07-17 19:53:23,766 - DEBUG - Skipping company_2: Hash unchanged.
2026-07-17 19:53:23,768 - DEBUG - Skipping company_3: Hash unchanged.
2026-07-17 19:53:23,769 - DEBUG - Skipping company_4: Hash unchanged.
2026-07-17 19:53:23,771 - DEBUG - Skipping company_5: Hash unchanged.
2026-07-17 19:53:23,773 - DEBUG - Skipping company_6: Hash unchanged.
2026-07-17 19:53:23,775 - DEBUG - Skipping company_7: Hash unchanged.
2026-07-17 19:53:23,777 - DEBUG - Skipping company_8: Hash unchanged.
2026-07-17 19:53:23,778 - DEBUG - Skipping company_9: Hash unchanged.
2026-07-17 19:53:23,780 - DEBUG - Skipping company_10: Hash unchanged.
2026-07-17 19:53:23,781 - DEBUG - Skipping company_11: Hash unchanged.
2026-07-17 19:53:23,783 - DEBUG - Skipping company_12: Hash unchanged.
2026-07-17 19:53:23,784 - DEBUG - Skipping company_13: Hash unchanged.
2026-07-17 19:53:23,785 - DEBUG - Skipping company_14: Hash unchanged.
2026-07-17 19:53:23,786 - DEBUG - Skipping company_15: Hash unchanged.
2026-07-17 19:53:23,787 - DEBUG - Skipping company_16: Hash unchanged.
2026-07-17 19:53:23,788 - DEBUG - Skipping company_17: Hash unchanged.
2026-07-17 19:53:23,790 - DEBUG - Skipping company_18: Hash unchanged.
2026-07-17 19:53:23,792 - DEBUG - Skipping company_19: Hash unchanged.
2026-07-17 19:53:23,794 - DEBUG - Skipping company_20: Hash unchanged.
2026-07-17 19:53:23,795 - DEBUG - Skipping company_21: Hash unchanged.
2026-07-17 19:53:23,796 - DEBUG - Skipping company_22: Hash unchanged.
2026-07-17 19:53:23,797 - DEBUG - Skipping company_23: Hash unchanged.
2026-07-17 19:53:23,799 - DEBUG - Skipping company_24: Hash unchanged.
2026-07-17 19:53:23,801 - DEBUG - Skipping company_25: Hash unchanged.
2026-07-17 19:53:23,803 - DEBUG - Skipping company_26: Hash unchanged.
2026-07-17 19:53:23,804 - DEBUG - Skipping company_27: Hash unchanged.
2026-07-17 19:53:23,805 - DEBUG - Skipping company_28: Hash unchanged.
2026-07-17 19:53:23,806 - DEBUG - Skipping company_29: Hash unchanged.
2026-07-17 19:53:23,807 - DEBUG - Skipping company_30: Hash unchanged.
2026-07-17 19:53:23,808 - DEBUG - Skipping company_31: Hash unchanged.
2026-07-17 19:53:23,809 - DEBUG - Skipping company_32: Hash unchanged.
2026-07-17 19:53:23,810 - DEBUG - Skipping company_33: Hash unchanged.
2026-07-17 19:53:23,812 - DEBUG - Skipping company_34: Hash unchanged.
2026-07-17 19:53:23,813 - DEBUG - Skipping company_35: Hash unchanged.
2026-07-17 19:53:23,814 - DEBUG - Skipping company_36: Hash unchanged.
2026-07-17 19:53:23,815 - DEBUG - Skipping company_37: Hash unchanged.
2026-07-17 19:53:23,816 - DEBUG - Skipping company_38: Hash unchanged.
2026-07-17 19:53:23,817 - DEBUG - Skipping company_39: Hash unchanged.
2026-07-17 19:53:23,818 - DEBUG - Skipping company_40: Hash unchanged.
2026-07-17 19:53:23,818 - DEBUG - Skipping company_41: Hash unchanged.
2026-07-17 19:53:23,819 - DEBUG - Skipping company_42: Hash unchanged.
2026-07-17 19:53:23,821 - DEBUG - Skipping company_43: Hash unchanged.
2026-07-17 19:53:23,822 - DEBUG - Skipping company_44: Hash unchanged.
2026-07-17 19:53:23,823 - DEBUG - Skipping company_45: Hash unchanged.
2026-07-17 19:53:23,826 - DEBUG - Skipping company_46: Hash unchanged.
2026-07-17 19:53:23,827 - DEBUG - Skipping company_47: Hash unchanged.
2026-07-17 19:53:23,828 - DEBUG - Skipping company_48: Hash unchanged.
2026-07-17 19:53:23,830 - DEBUG - Skipping company_49: Hash unchanged.
2026-07-17 19:53:23,832 - DEBUG - Skipping company_50: Hash unchanged.
2026-07-17 19:53:23,832 - DEBUG - Skipping company_51: Hash unchanged.
2026-07-17 19:53:23,833 - DEBUG - Skipping company_52: Hash unchanged.
2026-07-17 19:53:23,834 - DEBUG - Skipping company_53: Hash unchanged.
2026-07-17 19:53:23,835 - DEBUG - Skipping company_54: Hash unchanged.
2026-07-17 19:53:23,836 - DEBUG - Skipping company_55: Hash unchanged.
2026-07-17 19:53:23,838 - DEBUG - Skipping company_56: Hash unchanged.
2026-07-17 19:53:23,839 - DEBUG - Skipping company_57: Hash unchanged.
2026-07-17 19:53:23,839 - DEBUG - Skipping company_58: Hash unchanged.
2026-07-17 19:53:23,841 - DEBUG - Skipping company_59: Hash unchanged.
2026-07-17 19:53:23,842 - DEBUG - Skipping company_60: Hash unchanged.
2026-07-17 19:53:23,843 - DEBUG - Skipping company_61: Hash unchanged.
2026-07-17 19:53:23,843 - DEBUG - Skipping company_62: Hash unchanged.
2026-07-17 19:53:23,844 - DEBUG - Skipping company_63: Hash unchanged.
2026-07-17 19:53:23,845 - DEBUG - Skipping company_64: Hash unchanged.
2026-07-17 19:53:23,846 - DEBUG - Skipping company_65: Hash unchanged.
2026-07-17 19:53:23,847 - DEBUG - Skipping company_66: Hash unchanged.
2026-07-17 19:53:23,848 - DEBUG - Skipping company_67: Hash unchanged.
2026-07-17 19:53:23,849 - DEBUG - Skipping company_68: Hash unchanged.
2026-07-17 19:53:23,850 - DEBUG - Skipping company_69: Hash unchanged.
2026-07-17 19:53:23,851 - DEBUG - Skipping company_70: Hash unchanged.
2026-07-17 19:53:23,852 - DEBUG - Skipping company_71: Hash unchanged.
2026-07-17 19:53:23,853 - DEBUG - Skipping company_72: Hash unchanged.
2026-07-17 19:53:23,854 - DEBUG - Skipping company_73: Hash unchanged.
2026-07-17 19:53:23,855 - DEBUG - Skipping company_74: Hash unchanged.
2026-07-17 19:53:23,856 - DEBUG - Skipping company_75: Hash unchanged.
2026-07-17 19:53:23,857 - DEBUG - Skipping company_76: Hash unchanged.
2026-07-17 19:53:23,858 - DEBUG - Skipping company_77: Hash unchanged.
2026-07-17 19:53:23,860 - DEBUG - Skipping company_78: Hash unchanged.
2026-07-17 19:53:23,861 - DEBUG - Skipping company_79: Hash unchanged.
2026-07-17 19:53:23,862 - DEBUG - Skipping company_80: Hash unchanged.
2026-07-17 19:53:23,863 - DEBUG - Skipping company_81: Hash unchanged.
2026-07-17 19:53:23,864 - DEBUG - Skipping company_82: Hash unchanged.
2026-07-17 19:53:23,865 - DEBUG - Skipping company_83: Hash unchanged.
2026-07-17 19:53:23,866 - DEBUG - Skipping company_84: Hash unchanged.
2026-07-17 19:53:23,867 - DEBUG - Skipping company_85: Hash unchanged.
2026-07-17 19:53:23,868 - DEBUG - Skipping company_86: Hash unchanged.
2026-07-17 19:53:23,869 - DEBUG - Skipping company_87: Hash unchanged.
2026-07-17 19:53:23,870 - DEBUG - Skipping company_88: Hash unchanged.
2026-07-17 19:53:23,871 - DEBUG - Skipping company_89: Hash unchanged.
2026-07-17 19:53:23,872 - DEBUG - Skipping company_90: Hash unchanged.
2026-07-17 19:53:23,873 - DEBUG - Skipping company_91: Hash unchanged.
2026-07-17 19:53:23,874 - DEBUG - Skipping company_92: Hash unchanged.
2026-07-17 19:53:23,875 - DEBUG - Skipping company_93: Hash unchanged.
2026-07-17 19:53:23,876 - DEBUG - Skipping company_94: Hash unchanged.
2026-07-17 19:53:23,877 - DEBUG - Skipping company_95: Hash unchanged.
2026-07-17 19:53:23,878 - DEBUG - Skipping company_96: Hash unchanged.
2026-07-17 19:53:23,878 - DEBUG - Skipping company_97: Hash unchanged.
2026-07-17 19:53:23,880 - DEBUG - Skipping company_98: Hash unchanged.
2026-07-17 19:53:23,881 - DEBUG - Skipping company_99: Hash unchanged.
2026-07-17 19:53:23,882 - DEBUG - Skipping company_100: Hash unchanged.
2026-07-17 19:53:23,883 - DEBUG - Skipping company_101: Hash unchanged.
2026-07-17 19:53:23,884 - DEBUG - Skipping company_102: Hash unchanged.
2026-07-17 19:53:23,885 - DEBUG - Skipping company_103: Hash unchanged.
2026-07-17 19:53:23,886 - DEBUG - Skipping company_104: Hash unchanged.
2026-07-17 19:53:23,887 - DEBUG - Skipping company_105: Hash unchanged.
2026-07-17 19:53:23,888 - DEBUG - Skipping company_106: Hash unchanged.
2026-07-17 19:53:23,890 - DEBUG - Skipping company_107: Hash unchanged.
2026-07-17 19:53:23,891 - DEBUG - Skipping company_108: Hash unchanged.
2026-07-17 19:53:23,892 - DEBUG - Skipping company_109: Hash unchanged.
2026-07-17 19:53:23,894 - DEBUG - Skipping company_110: Hash unchanged.
2026-07-17 19:53:23,895 - DEBUG - Skipping company_111: Hash unchanged.
2026-07-17 19:53:23,897 - DEBUG - Skipping company_112: Hash unchanged.
2026-07-17 19:53:23,899 - DEBUG - Skipping company_113: Hash unchanged.
2026-07-17 19:53:23,900 - DEBUG - Skipping company_114: Hash unchanged.
2026-07-17 19:53:23,901 - DEBUG - Skipping company_115: Hash unchanged.
2026-07-17 19:53:23,902 - DEBUG - Skipping company_116: Hash unchanged.
2026-07-17 19:53:23,902 - INFO - Companies: 0 indexed, 116 skipped.
2026-07-17 19:53:23,903 - INFO - Indexing Problems...
2026-07-17 19:53:23,907 - DEBUG - Skipping problem_1: Hash unchanged.
2026-07-17 19:53:23,909 - DEBUG - Skipping problem_2: Hash unchanged.
2026-07-17 19:53:23,910 - DEBUG - Skipping problem_3: Hash unchanged.
2026-07-17 19:53:23,911 - DEBUG - Skipping problem_4: Hash unchanged.
2026-07-17 19:53:23,911 - DEBUG - Skipping problem_5: Hash unchanged.
2026-07-17 19:53:23,913 - DEBUG - Skipping problem_6: Hash unchanged.
2026-07-17 19:53:23,915 - DEBUG - Skipping problem_7: Hash unchanged.
2026-07-17 19:53:23,916 - DEBUG - Skipping problem_8: Hash unchanged.
2026-07-17 19:53:23,917 - DEBUG - Skipping problem_9: Hash unchanged.
2026-07-17 19:53:23,918 - DEBUG - Skipping problem_10: Hash unchanged.
2026-07-17 19:53:23,919 - DEBUG - Skipping problem_11: Hash unchanged.
2026-07-17 19:53:23,920 - DEBUG - Skipping problem_12: Hash unchanged.
2026-07-17 19:53:23,920 - DEBUG - Skipping problem_13: Hash unchanged.
2026-07-17 19:53:23,922 - DEBUG - Skipping problem_14: Hash unchanged.
2026-07-17 19:53:23,923 - DEBUG - Skipping problem_15: Hash unchanged.
2026-07-17 19:53:23,924 - DEBUG - Skipping problem_16: Hash unchanged.
2026-07-17 19:53:23,926 - DEBUG - Skipping problem_17: Hash unchanged.
2026-07-17 19:53:23,929 - DEBUG - Skipping problem_18: Hash unchanged.
2026-07-17 19:53:23,932 - DEBUG - Skipping problem_19: Hash unchanged.
2026-07-17 19:53:23,933 - DEBUG - Skipping problem_20: Hash unchanged.
2026-07-17 19:53:23,934 - DEBUG - Skipping problem_21: Hash unchanged.
2026-07-17 19:53:23,934 - DEBUG - Skipping problem_22: Hash unchanged.
2026-07-17 19:53:23,935 - DEBUG - Skipping problem_23: Hash unchanged.
2026-07-17 19:53:23,937 - DEBUG - Skipping problem_24: Hash unchanged.
2026-07-17 19:53:23,938 - DEBUG - Skipping problem_25: Hash unchanged.
2026-07-17 19:53:23,938 - DEBUG - Skipping problem_26: Hash unchanged.
2026-07-17 19:53:23,939 - DEBUG - Skipping problem_27: Hash unchanged.
2026-07-17 19:53:23,941 - DEBUG - Skipping problem_28: Hash unchanged.
2026-07-17 19:53:23,942 - DEBUG - Skipping problem_29: Hash unchanged.
2026-07-17 19:53:23,943 - DEBUG - Skipping problem_30: Hash unchanged.
2026-07-17 19:53:23,944 - DEBUG - Skipping problem_31: Hash unchanged.
2026-07-17 19:53:23,945 - DEBUG - Skipping problem_32: Hash unchanged.
2026-07-17 19:53:23,946 - DEBUG - Skipping problem_33: Hash unchanged.
2026-07-17 19:53:23,947 - DEBUG - Skipping problem_34: Hash unchanged.
2026-07-17 19:53:23,949 - DEBUG - Skipping problem_35: Hash unchanged.
2026-07-17 19:53:23,950 - DEBUG - Skipping problem_36: Hash unchanged.
2026-07-17 19:53:23,951 - DEBUG - Skipping problem_37: Hash unchanged.
2026-07-17 19:53:23,952 - DEBUG - Skipping problem_38: Hash unchanged.
2026-07-17 19:53:23,953 - DEBUG - Skipping problem_39: Hash unchanged.
2026-07-17 19:53:23,954 - DEBUG - Skipping problem_40: Hash unchanged.
2026-07-17 19:53:23,954 - DEBUG - Skipping problem_41: Hash unchanged.
2026-07-17 19:53:23,956 - DEBUG - Skipping problem_42: Hash unchanged.
2026-07-17 19:53:23,957 - DEBUG - Skipping problem_43: Hash unchanged.
2026-07-17 19:53:23,958 - DEBUG - Skipping problem_44: Hash unchanged.
2026-07-17 19:53:23,959 - DEBUG - Skipping problem_45: Hash unchanged.
2026-07-17 19:53:23,960 - DEBUG - Skipping problem_46: Hash unchanged.
2026-07-17 19:53:23,963 - DEBUG - Skipping problem_47: Hash unchanged.
2026-07-17 19:53:23,964 - DEBUG - Skipping problem_48: Hash unchanged.
2026-07-17 19:53:23,965 - DEBUG - Skipping problem_49: Hash unchanged.
2026-07-17 19:53:23,967 - DEBUG - Skipping problem_50: Hash unchanged.
2026-07-17 19:53:23,969 - DEBUG - Skipping problem_51: Hash unchanged.
2026-07-17 19:53:23,969 - DEBUG - Skipping problem_52: Hash unchanged.
2026-07-17 19:53:23,971 - DEBUG - Skipping problem_53: Hash unchanged.
2026-07-17 19:53:23,972 - DEBUG - Skipping problem_54: Hash unchanged.
2026-07-17 19:53:23,973 - DEBUG - Skipping problem_55: Hash unchanged.
2026-07-17 19:53:23,974 - DEBUG - Skipping problem_56: Hash unchanged.
2026-07-17 19:53:23,976 - DEBUG - Skipping problem_57: Hash unchanged.
2026-07-17 19:53:23,976 - DEBUG - Skipping problem_58: Hash unchanged.
2026-07-17 19:53:23,978 - DEBUG - Skipping problem_59: Hash unchanged.
2026-07-17 19:53:23,978 - DEBUG - Skipping problem_60: Hash unchanged.
2026-07-17 19:53:23,979 - DEBUG - Skipping problem_61: Hash unchanged.
2026-07-17 19:53:23,980 - DEBUG - Skipping problem_62: Hash unchanged.
2026-07-17 19:53:23,981 - DEBUG - Skipping problem_63: Hash unchanged.
2026-07-17 19:53:23,982 - DEBUG - Skipping problem_64: Hash unchanged.
2026-07-17 19:53:23,983 - DEBUG - Skipping problem_65: Hash unchanged.
2026-07-17 19:53:23,984 - DEBUG - Skipping problem_66: Hash unchanged.
2026-07-17 19:53:23,985 - DEBUG - Skipping problem_67: Hash unchanged.
2026-07-17 19:53:23,986 - DEBUG - Skipping problem_68: Hash unchanged.
2026-07-17 19:53:23,987 - DEBUG - Skipping problem_69: Hash unchanged.
2026-07-17 19:53:23,988 - DEBUG - Skipping problem_70: Hash unchanged.
2026-07-17 19:53:23,989 - DEBUG - Skipping problem_71: Hash unchanged.
2026-07-17 19:53:23,989 - INFO - Problems: 0 indexed, 71 skipped.
2026-07-17 19:53:23,990 - INFO - Indexing process finished in 0.29s
2026-07-17 19:53:40,467 - INFO - --- Running Verification ---
2026-07-17 19:53:40,541 - INFO - SQLite Records: 202 (116 Companies, 71 Problems, 15 Sectors)
2026-07-17 19:53:40,543 - INFO - KBChunk Records: 310
2026-07-17 19:53:40,544 - WARNING - Inconsistency: SQLite row count does not match KBChunk count.
2026-07-17 19:53:40,788 - INFO - ChromaDB Records: 310
2026-07-17 19:53:40,789 - INFO - Consistency Check Passed: ChromaDB and KBChunk match.
2026-07-17 19:53:40,790 - INFO - Indexing process finished in 0.32s
2026-07-17 23:43:51,192 - INFO - Indexing Sectors...
2026-07-17 23:43:51,233 - DEBUG - Skipping sector_1: Hash unchanged.
2026-07-17 23:43:51,236 - DEBUG - Skipping sector_2: Hash unchanged.
2026-07-17 23:43:51,238 - DEBUG - Skipping sector_3: Hash unchanged.
2026-07-17 23:43:51,240 - DEBUG - Skipping sector_4: Hash unchanged.
2026-07-17 23:43:51,241 - DEBUG - Skipping sector_5: Hash unchanged.
2026-07-17 23:43:51,242 - DEBUG - Skipping sector_6: Hash unchanged.
2026-07-17 23:43:51,244 - DEBUG - Skipping sector_7: Hash unchanged.
2026-07-17 23:43:51,245 - DEBUG - Skipping sector_8: Hash unchanged.
2026-07-17 23:43:51,246 - DEBUG - Skipping sector_9: Hash unchanged.
2026-07-17 23:43:51,247 - DEBUG - Skipping sector_10: Hash unchanged.
2026-07-17 23:43:51,248 - DEBUG - Skipping sector_11: Hash unchanged.
2026-07-17 23:43:51,249 - DEBUG - Skipping sector_12: Hash unchanged.
2026-07-17 23:43:51,250 - DEBUG - Skipping sector_13: Hash unchanged.
2026-07-17 23:43:51,252 - DEBUG - Skipping sector_14: Hash unchanged.
2026-07-17 23:43:51,253 - DEBUG - Skipping sector_15: Hash unchanged.
2026-07-17 23:43:51,253 - INFO - Sectors: 0 indexed, 15 skipped.
2026-07-17 23:43:51,254 - INFO - Indexing Companies...
2026-07-17 23:43:51,264 - DEBUG - Skipping company_1: Hash unchanged.
2026-07-17 23:43:51,265 - DEBUG - Skipping company_2: Hash unchanged.
2026-07-17 23:43:51,266 - DEBUG - Skipping company_3: Hash unchanged.
2026-07-17 23:43:51,268 - DEBUG - Skipping company_4: Hash unchanged.
2026-07-17 23:43:51,270 - DEBUG - Skipping company_5: Hash unchanged.
2026-07-17 23:43:51,272 - DEBUG - Skipping company_6: Hash unchanged.
2026-07-17 23:43:51,273 - DEBUG - Skipping company_7: Hash unchanged.
2026-07-17 23:43:51,275 - DEBUG - Skipping company_8: Hash unchanged.
2026-07-17 23:43:51,276 - DEBUG - Skipping company_9: Hash unchanged.
2026-07-17 23:43:51,278 - DEBUG - Skipping company_10: Hash unchanged.
2026-07-17 23:43:51,280 - DEBUG - Skipping company_11: Hash unchanged.
2026-07-17 23:43:51,281 - DEBUG - Skipping company_12: Hash unchanged.
2026-07-17 23:43:51,283 - DEBUG - Skipping company_13: Hash unchanged.
2026-07-17 23:43:51,284 - DEBUG - Skipping company_14: Hash unchanged.
2026-07-17 23:43:51,285 - DEBUG - Skipping company_15: Hash unchanged.
2026-07-17 23:43:51,286 - DEBUG - Skipping company_16: Hash unchanged.
2026-07-17 23:43:51,287 - DEBUG - Skipping company_17: Hash unchanged.
2026-07-17 23:43:51,288 - DEBUG - Skipping company_18: Hash unchanged.
2026-07-17 23:43:51,289 - DEBUG - Skipping company_19: Hash unchanged.
2026-07-17 23:43:51,290 - DEBUG - Skipping company_20: Hash unchanged.
2026-07-17 23:43:51,291 - DEBUG - Skipping company_21: Hash unchanged.
2026-07-17 23:43:51,292 - DEBUG - Skipping company_22: Hash unchanged.
2026-07-17 23:43:51,293 - DEBUG - Skipping company_23: Hash unchanged.
2026-07-17 23:43:51,295 - DEBUG - Skipping company_24: Hash unchanged.
2026-07-17 23:43:51,297 - DEBUG - Skipping company_25: Hash unchanged.
2026-07-17 23:43:51,298 - DEBUG - Skipping company_26: Hash unchanged.
2026-07-17 23:43:51,299 - DEBUG - Skipping company_27: Hash unchanged.
2026-07-17 23:43:51,300 - DEBUG - Skipping company_28: Hash unchanged.
2026-07-17 23:43:51,301 - DEBUG - Skipping company_29: Hash unchanged.
2026-07-17 23:43:51,303 - DEBUG - Skipping company_30: Hash unchanged.
2026-07-17 23:43:51,304 - DEBUG - Skipping company_31: Hash unchanged.
2026-07-17 23:43:51,305 - DEBUG - Skipping company_32: Hash unchanged.
2026-07-17 23:43:51,306 - DEBUG - Skipping company_33: Hash unchanged.
2026-07-17 23:43:51,308 - DEBUG - Skipping company_34: Hash unchanged.
2026-07-17 23:43:51,309 - DEBUG - Skipping company_35: Hash unchanged.
2026-07-17 23:43:51,310 - DEBUG - Skipping company_36: Hash unchanged.
2026-07-17 23:43:51,312 - DEBUG - Skipping company_37: Hash unchanged.
2026-07-17 23:43:51,314 - DEBUG - Skipping company_38: Hash unchanged.
2026-07-17 23:43:51,315 - DEBUG - Skipping company_39: Hash unchanged.
2026-07-17 23:43:51,316 - DEBUG - Skipping company_40: Hash unchanged.
2026-07-17 23:43:51,317 - DEBUG - Skipping company_41: Hash unchanged.
2026-07-17 23:43:51,318 - DEBUG - Skipping company_42: Hash unchanged.
2026-07-17 23:43:51,319 - DEBUG - Skipping company_43: Hash unchanged.
2026-07-17 23:43:51,320 - DEBUG - Skipping company_44: Hash unchanged.
2026-07-17 23:43:51,321 - DEBUG - Skipping company_45: Hash unchanged.
2026-07-17 23:43:51,322 - DEBUG - Skipping company_46: Hash unchanged.
2026-07-17 23:43:51,323 - DEBUG - Skipping company_47: Hash unchanged.
2026-07-17 23:43:51,324 - DEBUG - Skipping company_48: Hash unchanged.
2026-07-17 23:43:51,325 - DEBUG - Skipping company_49: Hash unchanged.
2026-07-17 23:43:51,326 - DEBUG - Skipping company_50: Hash unchanged.
2026-07-17 23:43:51,326 - DEBUG - Skipping company_51: Hash unchanged.
2026-07-17 23:43:51,329 - DEBUG - Skipping company_52: Hash unchanged.
2026-07-17 23:43:51,331 - DEBUG - Skipping company_53: Hash unchanged.
2026-07-17 23:43:51,332 - DEBUG - Skipping company_54: Hash unchanged.
2026-07-17 23:43:51,332 - DEBUG - Skipping company_55: Hash unchanged.
2026-07-17 23:43:51,333 - DEBUG - Skipping company_56: Hash unchanged.
2026-07-17 23:43:51,334 - DEBUG - Skipping company_57: Hash unchanged.
2026-07-17 23:43:51,335 - DEBUG - Skipping company_58: Hash unchanged.
2026-07-17 23:43:51,336 - DEBUG - Skipping company_59: Hash unchanged.
2026-07-17 23:43:51,338 - DEBUG - Skipping company_60: Hash unchanged.
2026-07-17 23:43:51,339 - DEBUG - Skipping company_61: Hash unchanged.
2026-07-17 23:43:51,340 - DEBUG - Skipping company_62: Hash unchanged.
2026-07-17 23:43:51,342 - DEBUG - Skipping company_63: Hash unchanged.
2026-07-17 23:43:51,343 - DEBUG - Skipping company_64: Hash unchanged.
2026-07-17 23:43:51,344 - DEBUG - Skipping company_65: Hash unchanged.
2026-07-17 23:43:51,346 - DEBUG - Skipping company_66: Hash unchanged.
2026-07-17 23:43:51,348 - DEBUG - Skipping company_67: Hash unchanged.
2026-07-17 23:43:51,349 - DEBUG - Skipping company_68: Hash unchanged.
2026-07-17 23:43:51,350 - DEBUG - Skipping company_69: Hash unchanged.
2026-07-17 23:43:51,351 - DEBUG - Skipping company_70: Hash unchanged.
2026-07-17 23:43:51,352 - DEBUG - Skipping company_71: Hash unchanged.
2026-07-17 23:43:51,353 - DEBUG - Skipping company_72: Hash unchanged.
2026-07-17 23:43:51,354 - DEBUG - Skipping company_73: Hash unchanged.
2026-07-17 23:43:51,355 - DEBUG - Skipping company_74: Hash unchanged.
2026-07-17 23:43:51,356 - DEBUG - Skipping company_75: Hash unchanged.
2026-07-17 23:43:51,356 - DEBUG - Skipping company_76: Hash unchanged.
2026-07-17 23:43:51,357 - DEBUG - Skipping company_77: Hash unchanged.
2026-07-17 23:43:51,358 - DEBUG - Skipping company_78: Hash unchanged.
2026-07-17 23:43:51,359 - DEBUG - Skipping company_79: Hash unchanged.
2026-07-17 23:43:51,361 - DEBUG - Skipping company_80: Hash unchanged.
2026-07-17 23:43:51,362 - DEBUG - Skipping company_81: Hash unchanged.
2026-07-17 23:43:51,364 - DEBUG - Skipping company_82: Hash unchanged.
2026-07-17 23:43:51,365 - DEBUG - Skipping company_83: Hash unchanged.
2026-07-17 23:43:51,366 - DEBUG - Skipping company_84: Hash unchanged.
2026-07-17 23:43:51,366 - DEBUG - Skipping company_85: Hash unchanged.
2026-07-17 23:43:51,367 - DEBUG - Skipping company_86: Hash unchanged.
2026-07-17 23:43:51,368 - DEBUG - Skipping company_87: Hash unchanged.
2026-07-17 23:43:51,369 - DEBUG - Skipping company_88: Hash unchanged.
2026-07-17 23:43:51,371 - DEBUG - Skipping company_89: Hash unchanged.
2026-07-17 23:43:51,372 - DEBUG - Skipping company_90: Hash unchanged.
2026-07-17 23:43:51,373 - DEBUG - Skipping company_91: Hash unchanged.
2026-07-17 23:43:51,374 - DEBUG - Skipping company_92: Hash unchanged.
2026-07-17 23:43:51,376 - DEBUG - Skipping company_93: Hash unchanged.
2026-07-17 23:43:51,379 - DEBUG - Skipping company_94: Hash unchanged.
2026-07-17 23:43:51,380 - DEBUG - Skipping company_95: Hash unchanged.
2026-07-17 23:43:51,382 - DEBUG - Skipping company_96: Hash unchanged.
2026-07-17 23:43:51,383 - DEBUG - Skipping company_97: Hash unchanged.
2026-07-17 23:43:51,384 - DEBUG - Skipping company_98: Hash unchanged.
2026-07-17 23:43:51,384 - DEBUG - Skipping company_99: Hash unchanged.
2026-07-17 23:43:51,385 - DEBUG - Skipping company_100: Hash unchanged.
2026-07-17 23:43:51,386 - DEBUG - Skipping company_101: Hash unchanged.
2026-07-17 23:43:51,387 - DEBUG - Skipping company_102: Hash unchanged.
2026-07-17 23:43:51,388 - DEBUG - Skipping company_103: Hash unchanged.
2026-07-17 23:43:51,390 - DEBUG - Skipping company_104: Hash unchanged.
2026-07-17 23:43:51,390 - DEBUG - Skipping company_105: Hash unchanged.
2026-07-17 23:43:51,391 - DEBUG - Skipping company_106: Hash unchanged.
2026-07-17 23:43:51,392 - DEBUG - Skipping company_107: Hash unchanged.
2026-07-17 23:43:51,394 - DEBUG - Skipping company_108: Hash unchanged.
2026-07-17 23:43:51,395 - DEBUG - Skipping company_109: Hash unchanged.
2026-07-17 23:43:51,397 - DEBUG - Skipping company_110: Hash unchanged.
2026-07-17 23:43:51,398 - DEBUG - Skipping company_111: Hash unchanged.
2026-07-17 23:43:51,400 - DEBUG - Skipping company_112: Hash unchanged.
2026-07-17 23:43:51,401 - DEBUG - Skipping company_113: Hash unchanged.
2026-07-17 23:43:51,402 - DEBUG - Skipping company_114: Hash unchanged.
2026-07-17 23:43:51,403 - DEBUG - Skipping company_115: Hash unchanged.
2026-07-17 23:43:51,404 - DEBUG - Skipping company_116: Hash unchanged.
2026-07-17 23:43:51,406 - DEBUG - Skipping company_117: Hash unchanged.
2026-07-17 23:45:12,892 - DEBUG - Generated embedding for company_118 in 81.484s
2026-07-17 23:45:14,974 - DEBUG - Generated embedding for company_119 in 1.037s
2026-07-17 23:45:15,709 - DEBUG - Generated embedding for company_120 in 0.533s
2026-07-17 23:45:16,445 - DEBUG - Generated embedding for company_121 in 0.521s
2026-07-17 23:45:17,107 - DEBUG - Generated embedding for company_122 in 0.390s
2026-07-17 23:45:19,547 - DEBUG - Generated embedding for company_123 in 1.960s
2026-07-17 23:45:20,411 - DEBUG - Generated embedding for company_124 in 0.659s
2026-07-17 23:45:20,778 - DEBUG - Generated embedding for company_125 in 0.216s
2026-07-17 23:45:21,668 - DEBUG - Generated embedding for company_126 in 0.725s
2026-07-17 23:45:22,466 - DEBUG - Generated embedding for company_127 in 0.440s
2026-07-17 23:45:23,595 - DEBUG - Generated embedding for company_128 in 0.918s
2026-07-17 23:45:23,782 - INFO - Companies: 11 indexed, 117 skipped.
2026-07-17 23:45:23,786 - INFO - Indexing Problems...
2026-07-17 23:45:23,816 - DEBUG - Skipping problem_1: Hash unchanged.
2026-07-17 23:45:23,821 - DEBUG - Skipping problem_2: Hash unchanged.
2026-07-17 23:45:23,824 - DEBUG - Skipping problem_3: Hash unchanged.
2026-07-17 23:45:23,830 - DEBUG - Skipping problem_4: Hash unchanged.
2026-07-17 23:45:23,840 - DEBUG - Skipping problem_5: Hash unchanged.
2026-07-17 23:45:23,842 - DEBUG - Skipping problem_6: Hash unchanged.
2026-07-17 23:45:23,844 - DEBUG - Skipping problem_7: Hash unchanged.
2026-07-17 23:45:23,860 - DEBUG - Skipping problem_8: Hash unchanged.
2026-07-17 23:45:23,865 - DEBUG - Skipping problem_9: Hash unchanged.
2026-07-17 23:45:23,871 - DEBUG - Skipping problem_10: Hash unchanged.
2026-07-17 23:45:23,874 - DEBUG - Skipping problem_11: Hash unchanged.
2026-07-17 23:45:23,877 - DEBUG - Skipping problem_12: Hash unchanged.
2026-07-17 23:45:23,887 - DEBUG - Skipping problem_13: Hash unchanged.
2026-07-17 23:45:23,891 - DEBUG - Skipping problem_14: Hash unchanged.
2026-07-17 23:45:23,894 - DEBUG - Skipping problem_15: Hash unchanged.
2026-07-17 23:45:23,900 - DEBUG - Skipping problem_16: Hash unchanged.
2026-07-17 23:45:23,907 - DEBUG - Skipping problem_17: Hash unchanged.
2026-07-17 23:45:23,909 - DEBUG - Skipping problem_18: Hash unchanged.
2026-07-17 23:45:23,915 - DEBUG - Skipping problem_19: Hash unchanged.
2026-07-17 23:45:23,918 - DEBUG - Skipping problem_20: Hash unchanged.
2026-07-17 23:45:23,923 - DEBUG - Skipping problem_21: Hash unchanged.
2026-07-17 23:45:23,927 - DEBUG - Skipping problem_22: Hash unchanged.
2026-07-17 23:45:23,935 - DEBUG - Skipping problem_23: Hash unchanged.
2026-07-17 23:45:23,941 - DEBUG - Skipping problem_24: Hash unchanged.
2026-07-17 23:45:23,943 - DEBUG - Skipping problem_25: Hash unchanged.
2026-07-17 23:45:23,957 - DEBUG - Skipping problem_26: Hash unchanged.
2026-07-17 23:45:23,961 - DEBUG - Skipping problem_27: Hash unchanged.
2026-07-17 23:45:23,971 - DEBUG - Skipping problem_28: Hash unchanged.
2026-07-17 23:45:23,975 - DEBUG - Skipping problem_29: Hash unchanged.
2026-07-17 23:45:23,989 - DEBUG - Skipping problem_30: Hash unchanged.
2026-07-17 23:45:23,992 - DEBUG - Skipping problem_31: Hash unchanged.
2026-07-17 23:45:24,005 - DEBUG - Skipping problem_32: Hash unchanged.
2026-07-17 23:45:24,009 - DEBUG - Skipping problem_33: Hash unchanged.
2026-07-17 23:45:24,023 - DEBUG - Skipping problem_34: Hash unchanged.
2026-07-17 23:45:24,025 - DEBUG - Skipping problem_35: Hash unchanged.
2026-07-17 23:45:24,027 - DEBUG - Skipping problem_36: Hash unchanged.
2026-07-17 23:45:24,036 - DEBUG - Skipping problem_37: Hash unchanged.
2026-07-17 23:45:24,044 - DEBUG - Skipping problem_38: Hash unchanged.
2026-07-17 23:45:24,070 - DEBUG - Skipping problem_39: Hash unchanged.
2026-07-17 23:45:24,074 - DEBUG - Skipping problem_40: Hash unchanged.
2026-07-17 23:45:24,077 - DEBUG - Skipping problem_41: Hash unchanged.
2026-07-17 23:45:24,084 - DEBUG - Skipping problem_42: Hash unchanged.
2026-07-17 23:45:24,092 - DEBUG - Skipping problem_43: Hash unchanged.
2026-07-17 23:45:24,095 - DEBUG - Skipping problem_44: Hash unchanged.
2026-07-17 23:45:24,103 - DEBUG - Skipping problem_45: Hash unchanged.
2026-07-17 23:45:24,106 - DEBUG - Skipping problem_46: Hash unchanged.
2026-07-17 23:45:24,110 - DEBUG - Skipping problem_47: Hash unchanged.
2026-07-17 23:45:24,120 - DEBUG - Skipping problem_48: Hash unchanged.
2026-07-17 23:45:24,125 - DEBUG - Skipping problem_49: Hash unchanged.
2026-07-17 23:45:24,135 - DEBUG - Skipping problem_50: Hash unchanged.
2026-07-17 23:45:24,151 - DEBUG - Skipping problem_51: Hash unchanged.
2026-07-17 23:45:24,155 - DEBUG - Skipping problem_52: Hash unchanged.
2026-07-17 23:45:24,158 - DEBUG - Skipping problem_53: Hash unchanged.
2026-07-17 23:45:24,160 - DEBUG - Skipping problem_54: Hash unchanged.
2026-07-17 23:45:24,167 - DEBUG - Skipping problem_55: Hash unchanged.
2026-07-17 23:45:24,172 - DEBUG - Skipping problem_56: Hash unchanged.
2026-07-17 23:45:24,174 - DEBUG - Skipping problem_57: Hash unchanged.
2026-07-17 23:45:24,177 - DEBUG - Skipping problem_58: Hash unchanged.
2026-07-17 23:45:24,204 - DEBUG - Skipping problem_59: Hash unchanged.
2026-07-17 23:45:24,207 - DEBUG - Skipping problem_60: Hash unchanged.
2026-07-17 23:45:24,210 - DEBUG - Skipping problem_61: Hash unchanged.
2026-07-17 23:45:24,216 - DEBUG - Skipping problem_62: Hash unchanged.
2026-07-17 23:45:24,220 - DEBUG - Skipping problem_63: Hash unchanged.
2026-07-17 23:45:24,222 - DEBUG - Skipping problem_64: Hash unchanged.
2026-07-17 23:45:24,231 - DEBUG - Skipping problem_65: Hash unchanged.
2026-07-17 23:45:24,235 - DEBUG - Skipping problem_66: Hash unchanged.
2026-07-17 23:45:24,250 - DEBUG - Skipping problem_67: Hash unchanged.
2026-07-17 23:45:24,259 - DEBUG - Skipping problem_68: Hash unchanged.
2026-07-17 23:45:24,262 - DEBUG - Skipping problem_69: Hash unchanged.
2026-07-17 23:45:24,270 - DEBUG - Skipping problem_70: Hash unchanged.
2026-07-17 23:45:24,272 - DEBUG - Skipping problem_71: Hash unchanged.
2026-07-17 23:45:24,273 - INFO - Problems: 0 indexed, 71 skipped.
2026-07-17 23:45:24,287 - INFO - Indexing process finished in 93.10s
2026-07-18 00:07:02,635 - INFO - Indexing Sectors...
2026-07-18 00:07:02,673 - DEBUG - Skipping sector_1: Hash unchanged.
2026-07-18 00:07:02,674 - DEBUG - Skipping sector_2: Hash unchanged.
2026-07-18 00:07:02,675 - DEBUG - Skipping sector_3: Hash unchanged.
2026-07-18 00:07:02,677 - DEBUG - Skipping sector_4: Hash unchanged.
2026-07-18 00:07:02,680 - DEBUG - Skipping sector_5: Hash unchanged.
2026-07-18 00:07:02,682 - DEBUG - Skipping sector_6: Hash unchanged.
2026-07-18 00:07:02,683 - DEBUG - Skipping sector_7: Hash unchanged.
2026-07-18 00:07:02,685 - DEBUG - Skipping sector_8: Hash unchanged.
2026-07-18 00:07:02,686 - DEBUG - Skipping sector_9: Hash unchanged.
2026-07-18 00:07:02,688 - DEBUG - Skipping sector_10: Hash unchanged.
2026-07-18 00:07:02,689 - DEBUG - Skipping sector_11: Hash unchanged.
2026-07-18 00:07:02,696 - DEBUG - Skipping sector_12: Hash unchanged.
2026-07-18 00:07:02,699 - DEBUG - Skipping sector_13: Hash unchanged.
2026-07-18 00:07:02,700 - DEBUG - Skipping sector_14: Hash unchanged.
2026-07-18 00:07:02,701 - DEBUG - Skipping sector_15: Hash unchanged.
2026-07-18 00:07:02,702 - INFO - Sectors: 0 indexed, 15 skipped.
2026-07-18 00:07:02,702 - INFO - Indexing Companies...
2026-07-18 00:07:02,711 - DEBUG - Skipping company_1: Hash unchanged.
2026-07-18 00:07:02,712 - DEBUG - Skipping company_2: Hash unchanged.
2026-07-18 00:07:02,715 - DEBUG - Skipping company_3: Hash unchanged.
2026-07-18 00:07:02,716 - DEBUG - Skipping company_4: Hash unchanged.
2026-07-18 00:07:02,718 - DEBUG - Skipping company_5: Hash unchanged.
2026-07-18 00:07:02,719 - DEBUG - Skipping company_6: Hash unchanged.
2026-07-18 00:07:02,721 - DEBUG - Skipping company_7: Hash unchanged.
2026-07-18 00:07:02,722 - DEBUG - Skipping company_8: Hash unchanged.
2026-07-18 00:07:02,724 - DEBUG - Skipping company_9: Hash unchanged.
2026-07-18 00:07:02,725 - DEBUG - Skipping company_10: Hash unchanged.
2026-07-18 00:07:02,726 - DEBUG - Skipping company_11: Hash unchanged.
2026-07-18 00:07:02,727 - DEBUG - Skipping company_12: Hash unchanged.
2026-07-18 00:07:02,729 - DEBUG - Skipping company_13: Hash unchanged.
2026-07-18 00:07:02,730 - DEBUG - Skipping company_14: Hash unchanged.
2026-07-18 00:07:02,731 - DEBUG - Skipping company_15: Hash unchanged.
2026-07-18 00:07:02,733 - DEBUG - Skipping company_16: Hash unchanged.
2026-07-18 00:07:02,735 - DEBUG - Skipping company_17: Hash unchanged.
2026-07-18 00:07:02,737 - DEBUG - Skipping company_18: Hash unchanged.
2026-07-18 00:07:02,739 - DEBUG - Skipping company_19: Hash unchanged.
2026-07-18 00:07:02,741 - DEBUG - Skipping company_20: Hash unchanged.
2026-07-18 00:07:02,742 - DEBUG - Skipping company_21: Hash unchanged.
2026-07-18 00:07:02,743 - DEBUG - Skipping company_22: Hash unchanged.
2026-07-18 00:07:02,744 - DEBUG - Skipping company_23: Hash unchanged.
2026-07-18 00:07:02,745 - DEBUG - Skipping company_24: Hash unchanged.
2026-07-18 00:07:02,746 - DEBUG - Skipping company_25: Hash unchanged.
2026-07-18 00:07:02,748 - DEBUG - Skipping company_26: Hash unchanged.
2026-07-18 00:07:02,749 - DEBUG - Skipping company_27: Hash unchanged.
2026-07-18 00:07:02,751 - DEBUG - Skipping company_28: Hash unchanged.
2026-07-18 00:07:02,752 - DEBUG - Skipping company_29: Hash unchanged.
2026-07-18 00:07:02,754 - DEBUG - Skipping company_30: Hash unchanged.
2026-07-18 00:07:02,755 - DEBUG - Skipping company_31: Hash unchanged.
2026-07-18 00:07:02,756 - DEBUG - Skipping company_32: Hash unchanged.
2026-07-18 00:07:02,757 - DEBUG - Skipping company_33: Hash unchanged.
2026-07-18 00:07:02,758 - DEBUG - Skipping company_34: Hash unchanged.
2026-07-18 00:07:02,760 - DEBUG - Skipping company_35: Hash unchanged.
2026-07-18 00:07:02,762 - DEBUG - Skipping company_36: Hash unchanged.
2026-07-18 00:07:02,764 - DEBUG - Skipping company_37: Hash unchanged.
2026-07-18 00:07:02,766 - DEBUG - Skipping company_38: Hash unchanged.
2026-07-18 00:07:02,767 - DEBUG - Skipping company_39: Hash unchanged.
2026-07-18 00:07:02,769 - DEBUG - Skipping company_40: Hash unchanged.
2026-07-18 00:07:02,770 - DEBUG - Skipping company_41: Hash unchanged.
2026-07-18 00:07:02,771 - DEBUG - Skipping company_42: Hash unchanged.
2026-07-18 00:07:02,772 - DEBUG - Skipping company_43: Hash unchanged.
2026-07-18 00:07:02,774 - DEBUG - Skipping company_44: Hash unchanged.
2026-07-18 00:07:02,775 - DEBUG - Skipping company_45: Hash unchanged.
2026-07-18 00:07:02,776 - DEBUG - Skipping company_46: Hash unchanged.
2026-07-18 00:07:02,777 - DEBUG - Skipping company_47: Hash unchanged.
2026-07-18 00:07:02,778 - DEBUG - Skipping company_48: Hash unchanged.
2026-07-18 00:07:02,781 - DEBUG - Skipping company_49: Hash unchanged.
2026-07-18 00:07:02,783 - DEBUG - Skipping company_50: Hash unchanged.
2026-07-18 00:07:02,785 - DEBUG - Skipping company_51: Hash unchanged.
2026-07-18 00:07:02,786 - DEBUG - Skipping company_52: Hash unchanged.
2026-07-18 00:07:02,787 - DEBUG - Skipping company_53: Hash unchanged.
2026-07-18 00:07:02,789 - DEBUG - Skipping company_54: Hash unchanged.
2026-07-18 00:07:02,789 - DEBUG - Skipping company_55: Hash unchanged.
2026-07-18 00:07:02,791 - DEBUG - Skipping company_56: Hash unchanged.
2026-07-18 00:07:02,792 - DEBUG - Skipping company_57: Hash unchanged.
2026-07-18 00:07:02,793 - DEBUG - Skipping company_58: Hash unchanged.
2026-07-18 00:07:02,795 - DEBUG - Skipping company_59: Hash unchanged.
2026-07-18 00:07:02,797 - DEBUG - Skipping company_60: Hash unchanged.
2026-07-18 00:07:02,799 - DEBUG - Skipping company_61: Hash unchanged.
2026-07-18 00:07:02,800 - DEBUG - Skipping company_62: Hash unchanged.
2026-07-18 00:07:02,802 - DEBUG - Skipping company_63: Hash unchanged.
2026-07-18 00:07:02,803 - DEBUG - Skipping company_64: Hash unchanged.
2026-07-18 00:07:02,805 - DEBUG - Skipping company_65: Hash unchanged.
2026-07-18 00:07:02,806 - DEBUG - Skipping company_66: Hash unchanged.
2026-07-18 00:07:02,807 - DEBUG - Skipping company_67: Hash unchanged.
2026-07-18 00:07:02,808 - DEBUG - Skipping company_68: Hash unchanged.
2026-07-18 00:07:02,810 - DEBUG - Skipping company_69: Hash unchanged.
2026-07-18 00:07:02,811 - DEBUG - Skipping company_70: Hash unchanged.
2026-07-18 00:07:02,812 - DEBUG - Skipping company_71: Hash unchanged.
2026-07-18 00:07:02,813 - DEBUG - Skipping company_72: Hash unchanged.
2026-07-18 00:07:02,815 - DEBUG - Skipping company_73: Hash unchanged.
2026-07-18 00:07:02,817 - DEBUG - Skipping company_74: Hash unchanged.
2026-07-18 00:07:02,819 - DEBUG - Skipping company_75: Hash unchanged.
2026-07-18 00:07:02,821 - DEBUG - Skipping company_76: Hash unchanged.
2026-07-18 00:07:02,822 - DEBUG - Skipping company_77: Hash unchanged.
2026-07-18 00:07:02,823 - DEBUG - Skipping company_78: Hash unchanged.
2026-07-18 00:07:02,824 - DEBUG - Skipping company_79: Hash unchanged.
2026-07-18 00:07:02,825 - DEBUG - Skipping company_80: Hash unchanged.
2026-07-18 00:07:02,826 - DEBUG - Skipping company_81: Hash unchanged.
2026-07-18 00:07:02,828 - DEBUG - Skipping company_82: Hash unchanged.
2026-07-18 00:07:02,830 - DEBUG - Skipping company_83: Hash unchanged.
2026-07-18 00:07:02,832 - DEBUG - Skipping company_84: Hash unchanged.
2026-07-18 00:07:02,834 - DEBUG - Skipping company_85: Hash unchanged.
2026-07-18 00:07:02,835 - DEBUG - Skipping company_86: Hash unchanged.
2026-07-18 00:07:02,836 - DEBUG - Skipping company_87: Hash unchanged.
2026-07-18 00:07:02,837 - DEBUG - Skipping company_88: Hash unchanged.
2026-07-18 00:07:02,838 - DEBUG - Skipping company_89: Hash unchanged.
2026-07-18 00:07:02,840 - DEBUG - Skipping company_90: Hash unchanged.
2026-07-18 00:07:02,841 - DEBUG - Skipping company_91: Hash unchanged.
2026-07-18 00:07:02,842 - DEBUG - Skipping company_92: Hash unchanged.
2026-07-18 00:07:02,843 - DEBUG - Skipping company_93: Hash unchanged.
2026-07-18 00:07:02,844 - DEBUG - Skipping company_94: Hash unchanged.
2026-07-18 00:07:02,845 - DEBUG - Skipping company_95: Hash unchanged.
2026-07-18 00:07:02,847 - DEBUG - Skipping company_96: Hash unchanged.
2026-07-18 00:07:02,849 - DEBUG - Skipping company_97: Hash unchanged.
2026-07-18 00:07:02,851 - DEBUG - Skipping company_98: Hash unchanged.
2026-07-18 00:07:02,853 - DEBUG - Skipping company_99: Hash unchanged.
2026-07-18 00:07:02,854 - DEBUG - Skipping company_100: Hash unchanged.
2026-07-18 00:07:02,856 - DEBUG - Skipping company_101: Hash unchanged.
2026-07-18 00:07:02,857 - DEBUG - Skipping company_102: Hash unchanged.
2026-07-18 00:07:02,858 - DEBUG - Skipping company_103: Hash unchanged.
2026-07-18 00:07:02,860 - DEBUG - Skipping company_104: Hash unchanged.
2026-07-18 00:07:02,860 - DEBUG - Skipping company_105: Hash unchanged.
2026-07-18 00:07:02,861 - DEBUG - Skipping company_106: Hash unchanged.
2026-07-18 00:07:02,864 - DEBUG - Skipping company_107: Hash unchanged.
2026-07-18 00:07:02,866 - DEBUG - Skipping company_108: Hash unchanged.
2026-07-18 00:07:02,868 - DEBUG - Skipping company_109: Hash unchanged.
2026-07-18 00:07:02,869 - DEBUG - Skipping company_110: Hash unchanged.
2026-07-18 00:07:02,870 - DEBUG - Skipping company_111: Hash unchanged.
2026-07-18 00:07:02,871 - DEBUG - Skipping company_112: Hash unchanged.
2026-07-18 00:07:02,872 - DEBUG - Skipping company_113: Hash unchanged.
2026-07-18 00:07:02,873 - DEBUG - Skipping company_114: Hash unchanged.
2026-07-18 00:07:02,874 - DEBUG - Skipping company_115: Hash unchanged.
2026-07-18 00:07:02,875 - DEBUG - Skipping company_116: Hash unchanged.
2026-07-18 00:07:02,877 - DEBUG - Skipping company_117: Hash unchanged.
2026-07-18 00:07:02,878 - DEBUG - Skipping company_118: Hash unchanged.
2026-07-18 00:07:02,879 - DEBUG - Skipping company_119: Hash unchanged.
2026-07-18 00:07:02,880 - DEBUG - Skipping company_120: Hash unchanged.
2026-07-18 00:07:02,883 - DEBUG - Skipping company_121: Hash unchanged.
2026-07-18 00:07:02,886 - DEBUG - Skipping company_122: Hash unchanged.
2026-07-18 00:07:02,888 - DEBUG - Skipping company_123: Hash unchanged.
2026-07-18 00:07:02,889 - DEBUG - Skipping company_124: Hash unchanged.
2026-07-18 00:07:02,891 - DEBUG - Skipping company_125: Hash unchanged.
2026-07-18 00:07:02,892 - DEBUG - Skipping company_126: Hash unchanged.
2026-07-18 00:07:02,893 - DEBUG - Skipping company_127: Hash unchanged.
2026-07-18 00:07:02,895 - DEBUG - Skipping company_128: Hash unchanged.
2026-07-18 00:07:02,896 - INFO - Companies: 0 indexed, 128 skipped.
2026-07-18 00:07:02,897 - INFO - Indexing Problems...
2026-07-18 00:07:02,904 - DEBUG - Skipping problem_1: Hash unchanged.
2026-07-18 00:07:02,905 - DEBUG - Skipping problem_2: Hash unchanged.
2026-07-18 00:07:02,906 - DEBUG - Skipping problem_3: Hash unchanged.
2026-07-18 00:07:02,907 - DEBUG - Skipping problem_4: Hash unchanged.
2026-07-18 00:07:02,908 - DEBUG - Skipping problem_5: Hash unchanged.
2026-07-18 00:07:02,910 - DEBUG - Skipping problem_6: Hash unchanged.
2026-07-18 00:07:02,911 - DEBUG - Skipping problem_7: Hash unchanged.
2026-07-18 00:07:02,914 - DEBUG - Skipping problem_8: Hash unchanged.
2026-07-18 00:07:02,916 - DEBUG - Skipping problem_9: Hash unchanged.
2026-07-18 00:07:02,917 - DEBUG - Skipping problem_10: Hash unchanged.
2026-07-18 00:07:02,918 - DEBUG - Skipping problem_11: Hash unchanged.
2026-07-18 00:07:02,919 - DEBUG - Skipping problem_12: Hash unchanged.
2026-07-18 00:07:02,920 - DEBUG - Skipping problem_13: Hash unchanged.
2026-07-18 00:07:02,922 - DEBUG - Skipping problem_14: Hash unchanged.
2026-07-18 00:07:02,923 - DEBUG - Skipping problem_15: Hash unchanged.
2026-07-18 00:07:02,924 - DEBUG - Skipping problem_16: Hash unchanged.
2026-07-18 00:07:02,925 - DEBUG - Skipping problem_17: Hash unchanged.
2026-07-18 00:07:02,926 - DEBUG - Skipping problem_18: Hash unchanged.
2026-07-18 00:07:02,926 - DEBUG - Skipping problem_19: Hash unchanged.
2026-07-18 00:07:02,927 - DEBUG - Skipping problem_20: Hash unchanged.
2026-07-18 00:07:02,929 - DEBUG - Skipping problem_21: Hash unchanged.
2026-07-18 00:07:02,931 - DEBUG - Skipping problem_22: Hash unchanged.
2026-07-18 00:07:02,932 - DEBUG - Skipping problem_23: Hash unchanged.
2026-07-18 00:07:02,934 - DEBUG - Skipping problem_24: Hash unchanged.
2026-07-18 00:07:02,935 - DEBUG - Skipping problem_25: Hash unchanged.
2026-07-18 00:07:02,937 - DEBUG - Skipping problem_26: Hash unchanged.
2026-07-18 00:07:02,938 - DEBUG - Skipping problem_27: Hash unchanged.
2026-07-18 00:07:02,939 - DEBUG - Skipping problem_28: Hash unchanged.
2026-07-18 00:07:02,940 - DEBUG - Skipping problem_29: Hash unchanged.
2026-07-18 00:07:02,941 - DEBUG - Skipping problem_30: Hash unchanged.
2026-07-18 00:07:02,942 - DEBUG - Skipping problem_31: Hash unchanged.
2026-07-18 00:07:02,943 - DEBUG - Skipping problem_32: Hash unchanged.
2026-07-18 00:07:02,944 - DEBUG - Skipping problem_33: Hash unchanged.
2026-07-18 00:07:02,945 - DEBUG - Skipping problem_34: Hash unchanged.
2026-07-18 00:07:02,948 - DEBUG - Skipping problem_35: Hash unchanged.
2026-07-18 00:07:02,950 - DEBUG - Skipping problem_36: Hash unchanged.
2026-07-18 00:07:02,952 - DEBUG - Skipping problem_37: Hash unchanged.
2026-07-18 00:07:02,953 - DEBUG - Skipping problem_38: Hash unchanged.
2026-07-18 00:07:02,954 - DEBUG - Skipping problem_39: Hash unchanged.
2026-07-18 00:07:02,956 - DEBUG - Skipping problem_40: Hash unchanged.
2026-07-18 00:07:02,957 - DEBUG - Skipping problem_41: Hash unchanged.
2026-07-18 00:07:02,958 - DEBUG - Skipping problem_42: Hash unchanged.
2026-07-18 00:07:02,960 - DEBUG - Skipping problem_43: Hash unchanged.
2026-07-18 00:07:02,961 - DEBUG - Skipping problem_44: Hash unchanged.
2026-07-18 00:07:02,962 - DEBUG - Skipping problem_45: Hash unchanged.
2026-07-18 00:07:02,965 - DEBUG - Skipping problem_46: Hash unchanged.
2026-07-18 00:07:02,967 - DEBUG - Skipping problem_47: Hash unchanged.
2026-07-18 00:07:02,968 - DEBUG - Skipping problem_48: Hash unchanged.
2026-07-18 00:07:02,969 - DEBUG - Skipping problem_49: Hash unchanged.
2026-07-18 00:07:02,971 - DEBUG - Skipping problem_50: Hash unchanged.
2026-07-18 00:07:02,972 - DEBUG - Skipping problem_51: Hash unchanged.
2026-07-18 00:07:02,973 - DEBUG - Skipping problem_52: Hash unchanged.
2026-07-18 00:07:02,974 - DEBUG - Skipping problem_53: Hash unchanged.
2026-07-18 00:07:02,975 - DEBUG - Skipping problem_54: Hash unchanged.
2026-07-18 00:07:02,976 - DEBUG - Skipping problem_55: Hash unchanged.
2026-07-18 00:07:02,978 - DEBUG - Skipping problem_56: Hash unchanged.
2026-07-18 00:07:02,979 - DEBUG - Skipping problem_57: Hash unchanged.
2026-07-18 00:07:02,982 - DEBUG - Skipping problem_58: Hash unchanged.
2026-07-18 00:07:02,984 - DEBUG - Skipping problem_59: Hash unchanged.
2026-07-18 00:07:02,985 - DEBUG - Skipping problem_60: Hash unchanged.
2026-07-18 00:07:02,986 - DEBUG - Skipping problem_61: Hash unchanged.
2026-07-18 00:07:02,987 - DEBUG - Skipping problem_62: Hash unchanged.
2026-07-18 00:07:02,988 - DEBUG - Skipping problem_63: Hash unchanged.
2026-07-18 00:07:02,989 - DEBUG - Skipping problem_64: Hash unchanged.
2026-07-18 00:07:02,990 - DEBUG - Skipping problem_65: Hash unchanged.
2026-07-18 00:07:02,991 - DEBUG - Skipping problem_66: Hash unchanged.
2026-07-18 00:07:02,992 - DEBUG - Skipping problem_67: Hash unchanged.
2026-07-18 00:07:02,993 - DEBUG - Skipping problem_68: Hash unchanged.
2026-07-18 00:07:02,994 - DEBUG - Skipping problem_69: Hash unchanged.
2026-07-18 00:07:02,995 - DEBUG - Skipping problem_70: Hash unchanged.
2026-07-18 00:07:02,996 - DEBUG - Skipping problem_71: Hash unchanged.
2026-07-18 00:07:02,997 - INFO - Problems: 0 indexed, 71 skipped.
2026-07-18 00:07:02,998 - INFO - Indexing process finished in 0.36s
2026-07-18 00:07:10,308 - INFO - --- Running Verification ---
2026-07-18 00:07:10,350 - INFO - SQLite Records: 214 (128 Companies, 71 Problems, 15 Sectors)
2026-07-18 00:07:10,351 - INFO - KBChunk Records: 4251
2026-07-18 00:07:10,351 - WARNING - Inconsistency: SQLite row count does not match KBChunk count.
2026-07-18 00:07:10,442 - INFO - ChromaDB Records: 4251
2026-07-18 00:07:10,442 - INFO - Consistency Check Passed: ChromaDB and KBChunk match.
2026-07-18 00:07:10,443 - INFO - Indexing process finished in 0.14s
2026-07-18 19:35:58,758 - INFO - Indexing Sectors...
2026-07-18 19:35:58,816 - DEBUG - Skipping sector_1: Hash unchanged.
2026-07-18 19:35:58,816 - DEBUG - Skipping sector_2: Hash unchanged.
2026-07-18 19:35:58,816 - DEBUG - Skipping sector_3: Hash unchanged.
2026-07-18 19:35:58,816 - DEBUG - Skipping sector_4: Hash unchanged.
2026-07-18 19:35:58,824 - DEBUG - Skipping sector_5: Hash unchanged.
2026-07-18 19:35:58,824 - DEBUG - Skipping sector_6: Hash unchanged.
2026-07-18 19:35:58,824 - DEBUG - Skipping sector_7: Hash unchanged.
2026-07-18 19:35:58,824 - DEBUG - Skipping sector_8: Hash unchanged.
2026-07-18 19:35:58,832 - DEBUG - Skipping sector_9: Hash unchanged.
2026-07-18 19:35:58,832 - DEBUG - Skipping sector_10: Hash unchanged.
2026-07-18 19:35:58,840 - DEBUG - Skipping sector_11: Hash unchanged.
2026-07-18 19:35:58,840 - DEBUG - Skipping sector_12: Hash unchanged.
2026-07-18 19:35:58,840 - DEBUG - Skipping sector_13: Hash unchanged.
2026-07-18 19:35:58,840 - DEBUG - Skipping sector_14: Hash unchanged.
2026-07-18 19:35:58,840 - DEBUG - Skipping sector_15: Hash unchanged.
2026-07-18 19:35:58,848 - INFO - Sectors: 0 indexed, 15 skipped.
2026-07-18 19:35:58,848 - INFO - Indexing Companies...
2026-07-18 19:35:58,859 - DEBUG - Skipping company_1: Hash unchanged.
2026-07-18 19:35:58,859 - DEBUG - Skipping company_2: Hash unchanged.
2026-07-18 19:35:58,867 - DEBUG - Skipping company_3: Hash unchanged.
2026-07-18 19:35:58,869 - DEBUG - Skipping company_4: Hash unchanged.
2026-07-18 19:35:58,869 - DEBUG - Skipping company_5: Hash unchanged.
2026-07-18 19:35:58,875 - DEBUG - Skipping company_6: Hash unchanged.
2026-07-18 19:35:58,875 - DEBUG - Skipping company_7: Hash unchanged.
2026-07-18 19:35:58,875 - DEBUG - Skipping company_8: Hash unchanged.
2026-07-18 19:35:58,875 - DEBUG - Skipping company_9: Hash unchanged.
2026-07-18 19:35:58,875 - DEBUG - Skipping company_10: Hash unchanged.
2026-07-18 19:35:58,883 - DEBUG - Skipping company_11: Hash unchanged.
2026-07-18 19:35:58,883 - DEBUG - Skipping company_12: Hash unchanged.
2026-07-18 19:35:58,883 - DEBUG - Skipping company_13: Hash unchanged.
2026-07-18 19:35:58,883 - DEBUG - Skipping company_14: Hash unchanged.
2026-07-18 19:35:58,891 - DEBUG - Skipping company_15: Hash unchanged.
2026-07-18 19:35:58,891 - DEBUG - Skipping company_16: Hash unchanged.
2026-07-18 19:35:58,891 - DEBUG - Skipping company_17: Hash unchanged.
2026-07-18 19:35:58,891 - DEBUG - Skipping company_18: Hash unchanged.
2026-07-18 19:35:58,899 - DEBUG - Skipping company_19: Hash unchanged.
2026-07-18 19:35:58,899 - DEBUG - Skipping company_20: Hash unchanged.
2026-07-18 19:35:58,899 - DEBUG - Skipping company_21: Hash unchanged.
2026-07-18 19:35:58,905 - DEBUG - Skipping company_22: Hash unchanged.
2026-07-18 19:35:58,909 - DEBUG - Skipping company_23: Hash unchanged.
2026-07-18 19:35:58,909 - DEBUG - Skipping company_24: Hash unchanged.
2026-07-18 19:35:58,909 - DEBUG - Skipping company_25: Hash unchanged.
2026-07-18 19:35:58,909 - DEBUG - Skipping company_26: Hash unchanged.
2026-07-18 19:35:58,909 - DEBUG - Skipping company_27: Hash unchanged.
2026-07-18 19:35:58,909 - DEBUG - Skipping company_28: Hash unchanged.
2026-07-18 19:35:58,909 - DEBUG - Skipping company_29: Hash unchanged.
2026-07-18 19:35:58,924 - DEBUG - Skipping company_30: Hash unchanged.
2026-07-18 19:35:58,925 - DEBUG - Skipping company_31: Hash unchanged.
2026-07-18 19:35:58,925 - DEBUG - Skipping company_32: Hash unchanged.
2026-07-18 19:35:58,925 - DEBUG - Skipping company_33: Hash unchanged.
2026-07-18 19:35:58,925 - DEBUG - Skipping company_34: Hash unchanged.
2026-07-18 19:35:58,925 - DEBUG - Skipping company_35: Hash unchanged.
2026-07-18 19:35:58,925 - DEBUG - Skipping company_36: Hash unchanged.
2026-07-18 19:35:58,925 - DEBUG - Skipping company_37: Hash unchanged.
2026-07-18 19:35:58,925 - DEBUG - Skipping company_38: Hash unchanged.
2026-07-18 19:35:58,925 - DEBUG - Skipping company_39: Hash unchanged.
2026-07-18 19:35:58,941 - DEBUG - Skipping company_40: Hash unchanged.
2026-07-18 19:35:58,941 - DEBUG - Skipping company_41: Hash unchanged.
2026-07-18 19:35:58,941 - DEBUG - Skipping company_42: Hash unchanged.
2026-07-18 19:35:58,941 - DEBUG - Skipping company_43: Hash unchanged.
2026-07-18 19:35:58,949 - DEBUG - Skipping company_44: Hash unchanged.
2026-07-18 19:35:58,949 - DEBUG - Skipping company_45: Hash unchanged.
2026-07-18 19:35:58,949 - DEBUG - Skipping company_46: Hash unchanged.
2026-07-18 19:35:58,949 - DEBUG - Skipping company_47: Hash unchanged.
2026-07-18 19:35:58,949 - DEBUG - Skipping company_48: Hash unchanged.
2026-07-18 19:35:58,958 - DEBUG - Skipping company_49: Hash unchanged.
2026-07-18 19:35:58,958 - DEBUG - Skipping company_50: Hash unchanged.
2026-07-18 19:35:58,962 - DEBUG - Skipping company_51: Hash unchanged.
2026-07-18 19:35:58,963 - DEBUG - Skipping company_52: Hash unchanged.
2026-07-18 19:35:58,963 - DEBUG - Skipping company_53: Hash unchanged.
2026-07-18 19:35:58,963 - DEBUG - Skipping company_54: Hash unchanged.
2026-07-18 19:35:58,963 - DEBUG - Skipping company_55: Hash unchanged.
2026-07-18 19:35:58,963 - DEBUG - Skipping company_56: Hash unchanged.
2026-07-18 19:35:58,963 - DEBUG - Skipping company_57: Hash unchanged.
2026-07-18 19:35:58,975 - DEBUG - Skipping company_58: Hash unchanged.
2026-07-18 19:35:58,977 - DEBUG - Skipping company_59: Hash unchanged.
2026-07-18 19:35:58,980 - DEBUG - Skipping company_60: Hash unchanged.
2026-07-18 19:35:58,981 - DEBUG - Skipping company_61: Hash unchanged.
2026-07-18 19:35:58,981 - DEBUG - Skipping company_62: Hash unchanged.
2026-07-18 19:35:58,981 - DEBUG - Skipping company_63: Hash unchanged.
2026-07-18 19:35:58,981 - DEBUG - Skipping company_64: Hash unchanged.
2026-07-18 19:35:58,981 - DEBUG - Skipping company_65: Hash unchanged.
2026-07-18 19:35:58,981 - DEBUG - Skipping company_66: Hash unchanged.
2026-07-18 19:35:58,992 - DEBUG - Skipping company_67: Hash unchanged.
2026-07-18 19:35:58,992 - DEBUG - Skipping company_68: Hash unchanged.
2026-07-18 19:35:58,992 - DEBUG - Skipping company_69: Hash unchanged.
2026-07-18 19:35:58,998 - DEBUG - Skipping company_70: Hash unchanged.
2026-07-18 19:35:59,001 - DEBUG - Skipping company_71: Hash unchanged.
2026-07-18 19:35:59,001 - DEBUG - Skipping company_72: Hash unchanged.
2026-07-18 19:35:59,001 - DEBUG - Skipping company_73: Hash unchanged.
2026-07-18 19:35:59,001 - DEBUG - Skipping company_74: Hash unchanged.
2026-07-18 19:35:59,008 - DEBUG - Skipping company_75: Hash unchanged.
2026-07-18 19:35:59,008 - DEBUG - Skipping company_76: Hash unchanged.
2026-07-18 19:35:59,014 - DEBUG - Skipping company_77: Hash unchanged.
2026-07-18 19:35:59,016 - DEBUG - Skipping company_78: Hash unchanged.
2026-07-18 19:35:59,016 - DEBUG - Skipping company_79: Hash unchanged.
2026-07-18 19:35:59,016 - DEBUG - Skipping company_80: Hash unchanged.
2026-07-18 19:35:59,016 - DEBUG - Skipping company_81: Hash unchanged.
2026-07-18 19:35:59,016 - DEBUG - Skipping company_82: Hash unchanged.
2026-07-18 19:35:59,025 - DEBUG - Skipping company_83: Hash unchanged.
2026-07-18 19:35:59,028 - DEBUG - Skipping company_84: Hash unchanged.
2026-07-18 19:35:59,028 - DEBUG - Skipping company_85: Hash unchanged.
2026-07-18 19:35:59,028 - DEBUG - Skipping company_86: Hash unchanged.
2026-07-18 19:35:59,028 - DEBUG - Skipping company_87: Hash unchanged.
2026-07-18 19:35:59,035 - DEBUG - Skipping company_88: Hash unchanged.
2026-07-18 19:35:59,036 - DEBUG - Skipping company_89: Hash unchanged.
2026-07-18 19:35:59,036 - DEBUG - Skipping company_90: Hash unchanged.
2026-07-18 19:35:59,036 - DEBUG - Skipping company_91: Hash unchanged.
2026-07-18 19:35:59,042 - DEBUG - Skipping company_92: Hash unchanged.
2026-07-18 19:35:59,042 - DEBUG - Skipping company_93: Hash unchanged.
2026-07-18 19:35:59,042 - DEBUG - Skipping company_94: Hash unchanged.
2026-07-18 19:35:59,042 - DEBUG - Skipping company_95: Hash unchanged.
2026-07-18 19:35:59,049 - DEBUG - Skipping company_96: Hash unchanged.
2026-07-18 19:35:59,049 - DEBUG - Skipping company_97: Hash unchanged.
2026-07-18 19:35:59,049 - DEBUG - Skipping company_98: Hash unchanged.
2026-07-18 19:35:59,049 - DEBUG - Skipping company_99: Hash unchanged.
2026-07-18 19:35:59,058 - DEBUG - Skipping company_100: Hash unchanged.
2026-07-18 19:35:59,058 - DEBUG - Skipping company_101: Hash unchanged.
2026-07-18 19:35:59,058 - DEBUG - Skipping company_102: Hash unchanged.
2026-07-18 19:35:59,058 - DEBUG - Skipping company_103: Hash unchanged.
2026-07-18 19:35:59,058 - DEBUG - Skipping company_104: Hash unchanged.
2026-07-18 19:35:59,067 - DEBUG - Skipping company_105: Hash unchanged.
2026-07-18 19:35:59,067 - DEBUG - Skipping company_106: Hash unchanged.
2026-07-18 19:35:59,067 - DEBUG - Skipping company_107: Hash unchanged.
2026-07-18 19:35:59,072 - DEBUG - Skipping company_108: Hash unchanged.
2026-07-18 19:35:59,075 - DEBUG - Skipping company_109: Hash unchanged.
2026-07-18 19:35:59,079 - DEBUG - Skipping company_110: Hash unchanged.
2026-07-18 19:35:59,079 - DEBUG - Skipping company_111: Hash unchanged.
2026-07-18 19:35:59,079 - DEBUG - Skipping company_112: Hash unchanged.
2026-07-18 19:35:59,079 - DEBUG - Skipping company_113: Hash unchanged.
2026-07-18 19:35:59,079 - DEBUG - Skipping company_114: Hash unchanged.
2026-07-18 19:35:59,087 - DEBUG - Skipping company_115: Hash unchanged.
2026-07-18 19:35:59,087 - DEBUG - Skipping company_116: Hash unchanged.
2026-07-18 19:35:59,087 - INFO - Companies: 0 indexed, 116 skipped.
2026-07-18 19:35:59,087 - INFO - Indexing Problems...
2026-07-18 19:35:59,095 - DEBUG - Skipping problem_1: Hash unchanged.
2026-07-18 19:35:59,100 - DEBUG - Skipping problem_2: Hash unchanged.
2026-07-18 19:35:59,100 - DEBUG - Skipping problem_3: Hash unchanged.
2026-07-18 19:35:59,100 - DEBUG - Skipping problem_4: Hash unchanged.
2026-07-18 19:35:59,100 - DEBUG - Skipping problem_5: Hash unchanged.
2026-07-18 19:35:59,100 - DEBUG - Skipping problem_6: Hash unchanged.
2026-07-18 19:35:59,100 - DEBUG - Skipping problem_7: Hash unchanged.
2026-07-18 19:35:59,108 - DEBUG - Skipping problem_8: Hash unchanged.
2026-07-18 19:35:59,108 - DEBUG - Skipping problem_9: Hash unchanged.
2026-07-18 19:35:59,108 - DEBUG - Skipping problem_10: Hash unchanged.
2026-07-18 19:35:59,108 - DEBUG - Skipping problem_11: Hash unchanged.
2026-07-18 19:35:59,108 - DEBUG - Skipping problem_12: Hash unchanged.
2026-07-18 19:35:59,116 - DEBUG - Skipping problem_13: Hash unchanged.
2026-07-18 19:35:59,116 - DEBUG - Skipping problem_14: Hash unchanged.
2026-07-18 19:35:59,116 - DEBUG - Skipping problem_15: Hash unchanged.
2026-07-18 19:35:59,116 - DEBUG - Skipping problem_16: Hash unchanged.
2026-07-18 19:35:59,116 - DEBUG - Skipping problem_17: Hash unchanged.
2026-07-18 19:35:59,124 - DEBUG - Skipping problem_18: Hash unchanged.
2026-07-18 19:35:59,124 - DEBUG - Skipping problem_19: Hash unchanged.
2026-07-18 19:35:59,127 - DEBUG - Skipping problem_20: Hash unchanged.
2026-07-18 19:35:59,127 - DEBUG - Skipping problem_21: Hash unchanged.
2026-07-18 19:35:59,127 - DEBUG - Skipping problem_22: Hash unchanged.
2026-07-18 19:35:59,127 - DEBUG - Skipping problem_23: Hash unchanged.
2026-07-18 19:35:59,127 - DEBUG - Skipping problem_24: Hash unchanged.
2026-07-18 19:35:59,127 - DEBUG - Skipping problem_25: Hash unchanged.
2026-07-18 19:35:59,127 - DEBUG - Skipping problem_26: Hash unchanged.
2026-07-18 19:35:59,127 - DEBUG - Skipping problem_27: Hash unchanged.
2026-07-18 19:35:59,127 - DEBUG - Skipping problem_28: Hash unchanged.
2026-07-18 19:35:59,141 - DEBUG - Skipping problem_29: Hash unchanged.
2026-07-18 19:35:59,141 - DEBUG - Skipping problem_30: Hash unchanged.
2026-07-18 19:35:59,141 - DEBUG - Skipping problem_31: Hash unchanged.
2026-07-18 19:35:59,141 - DEBUG - Skipping problem_32: Hash unchanged.
2026-07-18 19:35:59,149 - DEBUG - Skipping problem_33: Hash unchanged.
2026-07-18 19:35:59,149 - DEBUG - Skipping problem_34: Hash unchanged.
2026-07-18 19:35:59,149 - DEBUG - Skipping problem_35: Hash unchanged.
2026-07-18 19:35:59,149 - DEBUG - Skipping problem_36: Hash unchanged.
2026-07-18 19:35:59,149 - DEBUG - Skipping problem_37: Hash unchanged.
2026-07-18 19:35:59,157 - DEBUG - Skipping problem_38: Hash unchanged.
2026-07-18 19:35:59,157 - DEBUG - Skipping problem_39: Hash unchanged.
2026-07-18 19:35:59,157 - DEBUG - Skipping problem_40: Hash unchanged.
2026-07-18 19:35:59,157 - DEBUG - Skipping problem_41: Hash unchanged.
2026-07-18 19:35:59,157 - DEBUG - Skipping problem_42: Hash unchanged.
2026-07-18 19:35:59,165 - DEBUG - Skipping problem_43: Hash unchanged.
2026-07-18 19:35:59,165 - DEBUG - Skipping problem_44: Hash unchanged.
2026-07-18 19:35:59,165 - DEBUG - Skipping problem_45: Hash unchanged.
2026-07-18 19:35:59,165 - DEBUG - Skipping problem_46: Hash unchanged.
2026-07-18 19:35:59,165 - DEBUG - Skipping problem_47: Hash unchanged.
2026-07-18 19:35:59,165 - DEBUG - Skipping problem_48: Hash unchanged.
2026-07-18 19:35:59,173 - DEBUG - Skipping problem_49: Hash unchanged.
2026-07-18 19:35:59,173 - DEBUG - Skipping problem_50: Hash unchanged.
2026-07-18 19:35:59,173 - DEBUG - Skipping problem_51: Hash unchanged.
2026-07-18 19:35:59,173 - DEBUG - Skipping problem_52: Hash unchanged.
2026-07-18 19:35:59,173 - DEBUG - Skipping problem_53: Hash unchanged.
2026-07-18 19:35:59,173 - DEBUG - Skipping problem_54: Hash unchanged.
2026-07-18 19:35:59,181 - DEBUG - Skipping problem_55: Hash unchanged.
2026-07-18 19:35:59,181 - DEBUG - Skipping problem_56: Hash unchanged.
2026-07-18 19:35:59,181 - DEBUG - Skipping problem_57: Hash unchanged.
2026-07-18 19:35:59,181 - DEBUG - Skipping problem_58: Hash unchanged.
2026-07-18 19:35:59,181 - DEBUG - Skipping problem_59: Hash unchanged.
2026-07-18 19:35:59,181 - DEBUG - Skipping problem_60: Hash unchanged.
2026-07-18 19:35:59,181 - DEBUG - Skipping problem_61: Hash unchanged.
2026-07-18 19:35:59,189 - DEBUG - Skipping problem_62: Hash unchanged.
2026-07-18 19:35:59,192 - DEBUG - Skipping problem_63: Hash unchanged.
2026-07-18 19:35:59,192 - DEBUG - Skipping problem_64: Hash unchanged.
2026-07-18 19:35:59,192 - DEBUG - Skipping problem_65: Hash unchanged.
2026-07-18 19:35:59,192 - DEBUG - Skipping problem_66: Hash unchanged.
2026-07-18 19:35:59,192 - DEBUG - Skipping problem_67: Hash unchanged.
2026-07-18 19:35:59,192 - DEBUG - Skipping problem_68: Hash unchanged.
2026-07-18 19:35:59,192 - DEBUG - Skipping problem_69: Hash unchanged.
2026-07-18 19:35:59,200 - DEBUG - Skipping problem_70: Hash unchanged.
2026-07-18 19:35:59,200 - DEBUG - Skipping problem_71: Hash unchanged.
2026-07-18 19:35:59,200 - INFO - Problems: 0 indexed, 71 skipped.
2026-07-18 19:35:59,200 - INFO - Indexing process finished in 0.44s
2026-07-18 19:36:13,311 - INFO - --- Running Verification ---
2026-07-18 19:36:13,568 - INFO - SQLite Records: 202 (116 Companies, 71 Problems, 15 Sectors)
2026-07-18 19:36:13,568 - INFO - KBChunk Records: 4251
2026-07-18 19:36:13,568 - WARNING - Inconsistency: SQLite row count does not match KBChunk count.
2026-07-18 19:36:13,904 - INFO - ChromaDB Records: 4251
2026-07-18 19:36:13,904 - INFO - Consistency Check Passed: ChromaDB and KBChunk match.
2026-07-18 19:36:13,920 - INFO - Indexing process finished in 0.59s
2026-07-18 19:50:41,315 - INFO - Indexing Sectors...
2026-07-18 19:50:41,368 - DEBUG - Skipping sector_1: Hash unchanged.
2026-07-18 19:50:41,370 - DEBUG - Skipping sector_2: Hash unchanged.
2026-07-18 19:50:41,371 - DEBUG - Skipping sector_3: Hash unchanged.
2026-07-18 19:50:41,372 - DEBUG - Skipping sector_4: Hash unchanged.
2026-07-18 19:50:41,373 - DEBUG - Skipping sector_5: Hash unchanged.
2026-07-18 19:50:41,375 - DEBUG - Skipping sector_6: Hash unchanged.
2026-07-18 19:50:41,376 - DEBUG - Skipping sector_7: Hash unchanged.
2026-07-18 19:50:41,378 - DEBUG - Skipping sector_8: Hash unchanged.
2026-07-18 19:50:41,380 - DEBUG - Skipping sector_9: Hash unchanged.
2026-07-18 19:50:41,382 - DEBUG - Skipping sector_10: Hash unchanged.
2026-07-18 19:50:41,383 - DEBUG - Skipping sector_11: Hash unchanged.
2026-07-18 19:50:41,385 - DEBUG - Skipping sector_12: Hash unchanged.
2026-07-18 19:50:41,386 - DEBUG - Skipping sector_13: Hash unchanged.
2026-07-18 19:50:41,387 - DEBUG - Skipping sector_14: Hash unchanged.
2026-07-18 19:50:41,388 - DEBUG - Skipping sector_15: Hash unchanged.
2026-07-18 19:50:41,389 - INFO - Sectors: 0 indexed, 15 skipped.
2026-07-18 19:50:41,390 - INFO - Indexing Companies...
2026-07-18 19:50:41,402 - DEBUG - Skipping company_1: Hash unchanged.
2026-07-18 19:50:41,403 - DEBUG - Skipping company_2: Hash unchanged.
2026-07-18 19:50:41,405 - DEBUG - Skipping company_3: Hash unchanged.
2026-07-18 19:50:41,407 - DEBUG - Skipping company_4: Hash unchanged.
2026-07-18 19:50:41,409 - DEBUG - Skipping company_5: Hash unchanged.
2026-07-18 19:50:41,410 - DEBUG - Skipping company_6: Hash unchanged.
2026-07-18 19:50:41,412 - DEBUG - Skipping company_7: Hash unchanged.
2026-07-18 19:50:41,414 - DEBUG - Skipping company_8: Hash unchanged.
2026-07-18 19:50:41,416 - DEBUG - Skipping company_9: Hash unchanged.
2026-07-18 19:50:41,418 - DEBUG - Skipping company_10: Hash unchanged.
2026-07-18 19:50:41,420 - DEBUG - Skipping company_11: Hash unchanged.
2026-07-18 19:50:41,421 - DEBUG - Skipping company_12: Hash unchanged.
2026-07-18 19:50:41,423 - DEBUG - Skipping company_13: Hash unchanged.
2026-07-18 19:50:41,424 - DEBUG - Skipping company_14: Hash unchanged.
2026-07-18 19:50:41,425 - DEBUG - Skipping company_15: Hash unchanged.
2026-07-18 19:50:41,427 - DEBUG - Skipping company_16: Hash unchanged.
2026-07-18 19:50:41,429 - DEBUG - Skipping company_17: Hash unchanged.
2026-07-18 19:50:41,431 - DEBUG - Skipping company_18: Hash unchanged.
2026-07-18 19:50:41,434 - DEBUG - Skipping company_19: Hash unchanged.
2026-07-18 19:50:41,436 - DEBUG - Skipping company_20: Hash unchanged.
2026-07-18 19:50:41,438 - DEBUG - Skipping company_21: Hash unchanged.
2026-07-18 19:50:41,439 - DEBUG - Skipping company_22: Hash unchanged.
2026-07-18 19:50:41,441 - DEBUG - Skipping company_23: Hash unchanged.
2026-07-18 19:50:41,442 - DEBUG - Skipping company_24: Hash unchanged.
2026-07-18 19:50:41,444 - DEBUG - Skipping company_25: Hash unchanged.
2026-07-18 19:50:41,445 - DEBUG - Skipping company_26: Hash unchanged.
2026-07-18 19:50:41,448 - DEBUG - Skipping company_27: Hash unchanged.
2026-07-18 19:50:41,449 - DEBUG - Skipping company_28: Hash unchanged.
2026-07-18 19:50:41,451 - DEBUG - Skipping company_29: Hash unchanged.
2026-07-18 19:50:41,453 - DEBUG - Skipping company_30: Hash unchanged.
2026-07-18 19:50:41,454 - DEBUG - Skipping company_31: Hash unchanged.
2026-07-18 19:50:41,457 - DEBUG - Skipping company_32: Hash unchanged.
2026-07-18 19:50:41,459 - DEBUG - Skipping company_33: Hash unchanged.
2026-07-18 19:50:41,461 - DEBUG - Skipping company_34: Hash unchanged.
2026-07-18 19:50:41,463 - DEBUG - Skipping company_35: Hash unchanged.
2026-07-18 19:50:41,465 - DEBUG - Skipping company_36: Hash unchanged.
2026-07-18 19:50:41,467 - DEBUG - Skipping company_37: Hash unchanged.
2026-07-18 19:50:41,469 - DEBUG - Skipping company_38: Hash unchanged.
2026-07-18 19:50:41,470 - DEBUG - Skipping company_39: Hash unchanged.
2026-07-18 19:50:41,472 - DEBUG - Skipping company_40: Hash unchanged.
2026-07-18 19:50:41,474 - DEBUG - Skipping company_41: Hash unchanged.
2026-07-18 19:50:41,475 - DEBUG - Skipping company_42: Hash unchanged.
2026-07-18 19:50:41,476 - DEBUG - Skipping company_43: Hash unchanged.
2026-07-18 19:50:41,477 - DEBUG - Skipping company_44: Hash unchanged.
2026-07-18 19:50:41,478 - DEBUG - Skipping company_45: Hash unchanged.
2026-07-18 19:50:41,481 - DEBUG - Skipping company_46: Hash unchanged.
2026-07-18 19:50:41,482 - DEBUG - Skipping company_47: Hash unchanged.
2026-07-18 19:50:41,484 - DEBUG - Skipping company_48: Hash unchanged.
2026-07-18 19:50:41,485 - DEBUG - Skipping company_49: Hash unchanged.
2026-07-18 19:50:41,487 - DEBUG - Skipping company_50: Hash unchanged.
2026-07-18 19:50:41,489 - DEBUG - Skipping company_51: Hash unchanged.
2026-07-18 19:50:41,490 - DEBUG - Skipping company_52: Hash unchanged.
2026-07-18 19:50:41,491 - DEBUG - Skipping company_53: Hash unchanged.
2026-07-18 19:50:41,494 - DEBUG - Skipping company_54: Hash unchanged.
2026-07-18 19:50:41,495 - DEBUG - Skipping company_55: Hash unchanged.
2026-07-18 19:50:41,497 - DEBUG - Skipping company_56: Hash unchanged.
2026-07-18 19:50:41,499 - DEBUG - Skipping company_57: Hash unchanged.
2026-07-18 19:50:41,501 - DEBUG - Skipping company_58: Hash unchanged.
2026-07-18 19:50:41,502 - DEBUG - Skipping company_59: Hash unchanged.
2026-07-18 19:50:41,504 - DEBUG - Skipping company_60: Hash unchanged.
2026-07-18 19:50:41,505 - DEBUG - Skipping company_61: Hash unchanged.
2026-07-18 19:50:41,506 - DEBUG - Skipping company_62: Hash unchanged.
2026-07-18 19:50:41,507 - DEBUG - Skipping company_63: Hash unchanged.
2026-07-18 19:50:41,509 - DEBUG - Skipping company_64: Hash unchanged.
2026-07-18 19:50:41,511 - DEBUG - Skipping company_65: Hash unchanged.
2026-07-18 19:50:41,512 - DEBUG - Skipping company_66: Hash unchanged.
2026-07-18 19:50:41,514 - DEBUG - Skipping company_67: Hash unchanged.
2026-07-18 19:50:41,516 - DEBUG - Skipping company_68: Hash unchanged.
2026-07-18 19:50:41,517 - DEBUG - Skipping company_69: Hash unchanged.
2026-07-18 19:50:41,519 - DEBUG - Skipping company_70: Hash unchanged.
2026-07-18 19:50:41,520 - DEBUG - Skipping company_71: Hash unchanged.
2026-07-18 19:50:41,522 - DEBUG - Skipping company_72: Hash unchanged.
2026-07-18 19:50:41,524 - DEBUG - Skipping company_73: Hash unchanged.
2026-07-18 19:50:41,525 - DEBUG - Skipping company_74: Hash unchanged.
2026-07-18 19:50:41,526 - DEBUG - Skipping company_75: Hash unchanged.
2026-07-18 19:50:41,528 - DEBUG - Skipping company_76: Hash unchanged.
2026-07-18 19:50:41,530 - DEBUG - Skipping company_77: Hash unchanged.
2026-07-18 19:50:41,532 - DEBUG - Skipping company_78: Hash unchanged.
2026-07-18 19:50:41,533 - DEBUG - Skipping company_79: Hash unchanged.
2026-07-18 19:50:41,535 - DEBUG - Skipping company_80: Hash unchanged.
2026-07-18 19:50:41,536 - DEBUG - Skipping company_81: Hash unchanged.
2026-07-18 19:50:41,537 - DEBUG - Skipping company_82: Hash unchanged.
2026-07-18 19:50:41,538 - DEBUG - Skipping company_83: Hash unchanged.
2026-07-18 19:50:41,540 - DEBUG - Skipping company_84: Hash unchanged.
2026-07-18 19:50:41,541 - DEBUG - Skipping company_85: Hash unchanged.
2026-07-18 19:50:41,543 - DEBUG - Skipping company_86: Hash unchanged.
2026-07-18 19:50:41,544 - DEBUG - Skipping company_87: Hash unchanged.
2026-07-18 19:50:41,546 - DEBUG - Skipping company_88: Hash unchanged.
2026-07-18 19:50:41,547 - DEBUG - Skipping company_89: Hash unchanged.
2026-07-18 19:50:41,549 - DEBUG - Skipping company_90: Hash unchanged.
2026-07-18 19:50:41,550 - DEBUG - Skipping company_91: Hash unchanged.
2026-07-18 19:50:41,552 - DEBUG - Skipping company_92: Hash unchanged.
2026-07-18 19:50:41,553 - DEBUG - Skipping company_93: Hash unchanged.
2026-07-18 19:50:41,554 - DEBUG - Skipping company_94: Hash unchanged.
2026-07-18 19:50:41,555 - DEBUG - Skipping company_95: Hash unchanged.
2026-07-18 19:50:41,557 - DEBUG - Skipping company_96: Hash unchanged.
2026-07-18 19:50:41,559 - DEBUG - Skipping company_97: Hash unchanged.
2026-07-18 19:50:41,561 - DEBUG - Skipping company_98: Hash unchanged.
2026-07-18 19:50:41,562 - DEBUG - Skipping company_99: Hash unchanged.
2026-07-18 19:50:41,564 - DEBUG - Skipping company_100: Hash unchanged.
2026-07-18 19:50:41,566 - DEBUG - Skipping company_101: Hash unchanged.
2026-07-18 19:50:41,567 - DEBUG - Skipping company_102: Hash unchanged.
2026-07-18 19:50:41,568 - DEBUG - Skipping company_103: Hash unchanged.
2026-07-18 19:50:41,570 - DEBUG - Skipping company_104: Hash unchanged.
2026-07-18 19:50:41,571 - DEBUG - Skipping company_105: Hash unchanged.
2026-07-18 19:50:41,572 - DEBUG - Skipping company_106: Hash unchanged.
2026-07-18 19:50:41,574 - DEBUG - Skipping company_107: Hash unchanged.
2026-07-18 19:50:41,575 - DEBUG - Skipping company_108: Hash unchanged.
2026-07-18 19:50:41,576 - DEBUG - Skipping company_109: Hash unchanged.
2026-07-18 19:50:41,578 - DEBUG - Skipping company_110: Hash unchanged.
2026-07-18 19:50:41,579 - DEBUG - Skipping company_111: Hash unchanged.
2026-07-18 19:50:41,581 - DEBUG - Skipping company_112: Hash unchanged.
2026-07-18 19:50:41,582 - DEBUG - Skipping company_113: Hash unchanged.
2026-07-18 19:50:41,583 - DEBUG - Skipping company_114: Hash unchanged.
2026-07-18 19:50:41,584 - DEBUG - Skipping company_115: Hash unchanged.
2026-07-18 19:50:41,586 - DEBUG - Skipping company_116: Hash unchanged.
2026-07-18 19:50:41,586 - INFO - Companies: 0 indexed, 116 skipped.
2026-07-18 19:50:41,587 - INFO - Indexing Problems...
2026-07-18 19:50:41,592 - DEBUG - Skipping problem_1: Hash unchanged.
2026-07-18 19:50:41,594 - DEBUG - Skipping problem_2: Hash unchanged.
2026-07-18 19:50:41,595 - DEBUG - Skipping problem_3: Hash unchanged.
2026-07-18 19:50:41,596 - DEBUG - Skipping problem_4: Hash unchanged.
2026-07-18 19:50:41,597 - DEBUG - Skipping problem_5: Hash unchanged.
2026-07-18 19:50:41,599 - DEBUG - Skipping problem_6: Hash unchanged.
2026-07-18 19:50:41,600 - DEBUG - Skipping problem_7: Hash unchanged.
2026-07-18 19:50:41,601 - DEBUG - Skipping problem_8: Hash unchanged.
2026-07-18 19:50:41,603 - DEBUG - Skipping problem_9: Hash unchanged.
2026-07-18 19:50:41,605 - DEBUG - Skipping problem_10: Hash unchanged.
2026-07-18 19:50:41,606 - DEBUG - Skipping problem_11: Hash unchanged.
2026-07-18 19:50:41,608 - DEBUG - Skipping problem_12: Hash unchanged.
2026-07-18 19:50:41,608 - DEBUG - Skipping problem_13: Hash unchanged.
2026-07-18 19:50:41,610 - DEBUG - Skipping problem_14: Hash unchanged.
2026-07-18 19:50:41,611 - DEBUG - Skipping problem_15: Hash unchanged.
2026-07-18 19:50:41,613 - DEBUG - Skipping problem_16: Hash unchanged.
2026-07-18 19:50:41,615 - DEBUG - Skipping problem_17: Hash unchanged.
2026-07-18 19:50:41,617 - DEBUG - Skipping problem_18: Hash unchanged.
2026-07-18 19:50:41,619 - DEBUG - Skipping problem_19: Hash unchanged.
2026-07-18 19:50:41,620 - DEBUG - Skipping problem_20: Hash unchanged.
2026-07-18 19:50:41,621 - DEBUG - Skipping problem_21: Hash unchanged.
2026-07-18 19:50:41,623 - DEBUG - Skipping problem_22: Hash unchanged.
2026-07-18 19:50:41,624 - DEBUG - Skipping problem_23: Hash unchanged.
2026-07-18 19:50:41,626 - DEBUG - Skipping problem_24: Hash unchanged.
2026-07-18 19:50:41,627 - DEBUG - Skipping problem_25: Hash unchanged.
2026-07-18 19:50:41,629 - DEBUG - Skipping problem_26: Hash unchanged.
2026-07-18 19:50:41,631 - DEBUG - Skipping problem_27: Hash unchanged.
2026-07-18 19:50:41,633 - DEBUG - Skipping problem_28: Hash unchanged.
2026-07-18 19:50:41,635 - DEBUG - Skipping problem_29: Hash unchanged.
2026-07-18 19:50:41,637 - DEBUG - Skipping problem_30: Hash unchanged.
2026-07-18 19:50:41,638 - DEBUG - Skipping problem_31: Hash unchanged.
2026-07-18 19:50:41,640 - DEBUG - Skipping problem_32: Hash unchanged.
2026-07-18 19:50:41,641 - DEBUG - Skipping problem_33: Hash unchanged.
2026-07-18 19:50:41,642 - DEBUG - Skipping problem_34: Hash unchanged.
2026-07-18 19:50:41,643 - DEBUG - Skipping problem_35: Hash unchanged.
2026-07-18 19:50:41,645 - DEBUG - Skipping problem_36: Hash unchanged.
2026-07-18 19:50:41,647 - DEBUG - Skipping problem_37: Hash unchanged.
2026-07-18 19:50:41,649 - DEBUG - Skipping problem_38: Hash unchanged.
2026-07-18 19:50:41,651 - DEBUG - Skipping problem_39: Hash unchanged.
2026-07-18 19:50:41,652 - DEBUG - Skipping problem_40: Hash unchanged.
2026-07-18 19:50:41,653 - DEBUG - Skipping problem_41: Hash unchanged.
2026-07-18 19:50:41,655 - DEBUG - Skipping problem_42: Hash unchanged.
2026-07-18 19:50:41,656 - DEBUG - Skipping problem_43: Hash unchanged.
2026-07-18 19:50:41,657 - DEBUG - Skipping problem_44: Hash unchanged.
2026-07-18 19:50:41,658 - DEBUG - Skipping problem_45: Hash unchanged.
2026-07-18 19:50:41,660 - DEBUG - Skipping problem_46: Hash unchanged.
2026-07-18 19:50:41,661 - DEBUG - Skipping problem_47: Hash unchanged.
2026-07-18 19:50:41,663 - DEBUG - Skipping problem_48: Hash unchanged.
2026-07-18 19:50:41,664 - DEBUG - Skipping problem_49: Hash unchanged.
2026-07-18 19:50:41,666 - DEBUG - Skipping problem_50: Hash unchanged.
2026-07-18 19:50:41,667 - DEBUG - Skipping problem_51: Hash unchanged.
2026-07-18 19:50:41,669 - DEBUG - Skipping problem_52: Hash unchanged.
2026-07-18 19:50:41,670 - DEBUG - Skipping problem_53: Hash unchanged.
2026-07-18 19:50:41,671 - DEBUG - Skipping problem_54: Hash unchanged.
2026-07-18 19:50:41,672 - DEBUG - Skipping problem_55: Hash unchanged.
2026-07-18 19:50:41,674 - DEBUG - Skipping problem_56: Hash unchanged.
2026-07-18 19:50:41,675 - DEBUG - Skipping problem_57: Hash unchanged.
2026-07-18 19:50:41,677 - DEBUG - Skipping problem_58: Hash unchanged.
2026-07-18 19:50:41,678 - DEBUG - Skipping problem_59: Hash unchanged.
2026-07-18 19:50:41,680 - DEBUG - Skipping problem_60: Hash unchanged.
2026-07-18 19:50:41,681 - DEBUG - Skipping problem_61: Hash unchanged.
2026-07-18 19:50:41,683 - DEBUG - Skipping problem_62: Hash unchanged.
2026-07-18 19:50:41,684 - DEBUG - Skipping problem_63: Hash unchanged.
2026-07-18 19:50:41,686 - DEBUG - Skipping problem_64: Hash unchanged.
2026-07-18 19:50:41,687 - DEBUG - Skipping problem_65: Hash unchanged.
2026-07-18 19:50:41,689 - DEBUG - Skipping problem_66: Hash unchanged.
2026-07-18 19:50:41,690 - DEBUG - Skipping problem_67: Hash unchanged.
2026-07-18 19:50:41,691 - DEBUG - Skipping problem_68: Hash unchanged.
2026-07-18 19:50:41,692 - DEBUG - Skipping problem_69: Hash unchanged.
2026-07-18 19:50:41,694 - DEBUG - Skipping problem_70: Hash unchanged.
2026-07-18 19:50:41,696 - DEBUG - Skipping problem_71: Hash unchanged.
2026-07-18 19:50:41,696 - INFO - Problems: 0 indexed, 71 skipped.
2026-07-18 19:50:41,697 - INFO - Indexing process finished in 0.38s
2026-07-18 19:50:48,283 - INFO - --- Running Verification ---
2026-07-18 19:50:48,345 - INFO - SQLite Records: 202 (116 Companies, 71 Problems, 15 Sectors)
2026-07-18 19:50:48,345 - INFO - KBChunk Records: 4252
2026-07-18 19:50:48,345 - WARNING - Inconsistency: SQLite row count does not match KBChunk count.
2026-07-18 19:50:48,477 - INFO - ChromaDB Records: 4252
2026-07-18 19:50:48,477 - INFO - Consistency Check Passed: ChromaDB and KBChunk match.
2026-07-18 19:50:48,477 - INFO - Indexing process finished in 0.19s
2026-07-18 20:17:25,427 - INFO - Indexing Sectors...
2026-07-18 20:17:25,454 - DEBUG - Skipping sector_1: Hash unchanged.
2026-07-18 20:17:25,455 - DEBUG - Skipping sector_2: Hash unchanged.
2026-07-18 20:17:25,457 - DEBUG - Skipping sector_3: Hash unchanged.
2026-07-18 20:17:25,457 - DEBUG - Skipping sector_4: Hash unchanged.
2026-07-18 20:17:25,458 - DEBUG - Skipping sector_5: Hash unchanged.
2026-07-18 20:17:25,459 - DEBUG - Skipping sector_6: Hash unchanged.
2026-07-18 20:17:25,460 - DEBUG - Skipping sector_7: Hash unchanged.
2026-07-18 20:17:25,460 - DEBUG - Skipping sector_8: Hash unchanged.
2026-07-18 20:17:25,461 - DEBUG - Skipping sector_9: Hash unchanged.
2026-07-18 20:17:25,462 - DEBUG - Skipping sector_10: Hash unchanged.
2026-07-18 20:17:25,464 - DEBUG - Skipping sector_11: Hash unchanged.
2026-07-18 20:17:25,465 - DEBUG - Skipping sector_12: Hash unchanged.
2026-07-18 20:17:25,466 - DEBUG - Skipping sector_13: Hash unchanged.
2026-07-18 20:17:25,467 - DEBUG - Skipping sector_14: Hash unchanged.
2026-07-18 20:17:25,468 - DEBUG - Skipping sector_15: Hash unchanged.
2026-07-18 20:17:25,468 - INFO - Sectors: 0 indexed, 15 skipped.
2026-07-18 20:17:25,469 - INFO - Indexing Companies...
2026-07-18 20:17:25,474 - DEBUG - Skipping company_1: Hash unchanged.
2026-07-18 20:17:25,475 - DEBUG - Skipping company_2: Hash unchanged.
2026-07-18 20:17:25,476 - DEBUG - Skipping company_3: Hash unchanged.
2026-07-18 20:17:25,476 - DEBUG - Skipping company_4: Hash unchanged.
2026-07-18 20:17:25,477 - DEBUG - Skipping company_5: Hash unchanged.
2026-07-18 20:17:25,478 - DEBUG - Skipping company_6: Hash unchanged.
2026-07-18 20:17:25,478 - DEBUG - Skipping company_7: Hash unchanged.
2026-07-18 20:17:25,479 - DEBUG - Skipping company_8: Hash unchanged.
2026-07-18 20:17:25,480 - DEBUG - Skipping company_9: Hash unchanged.
2026-07-18 20:17:25,481 - DEBUG - Skipping company_10: Hash unchanged.
2026-07-18 20:17:25,482 - DEBUG - Skipping company_11: Hash unchanged.
2026-07-18 20:17:25,483 - DEBUG - Skipping company_12: Hash unchanged.
2026-07-18 20:17:25,484 - DEBUG - Skipping company_13: Hash unchanged.
2026-07-18 20:17:25,484 - DEBUG - Skipping company_14: Hash unchanged.
2026-07-18 20:17:25,485 - DEBUG - Skipping company_15: Hash unchanged.
2026-07-18 20:17:25,486 - DEBUG - Skipping company_16: Hash unchanged.
2026-07-18 20:17:25,487 - DEBUG - Skipping company_17: Hash unchanged.
2026-07-18 20:17:25,487 - DEBUG - Skipping company_18: Hash unchanged.
2026-07-18 20:17:25,488 - DEBUG - Skipping company_19: Hash unchanged.
2026-07-18 20:17:25,489 - DEBUG - Skipping company_20: Hash unchanged.
2026-07-18 20:17:25,489 - DEBUG - Skipping company_21: Hash unchanged.
2026-07-18 20:17:25,490 - DEBUG - Skipping company_22: Hash unchanged.
2026-07-18 20:17:25,491 - DEBUG - Skipping company_23: Hash unchanged.
2026-07-18 20:17:25,492 - DEBUG - Skipping company_24: Hash unchanged.
2026-07-18 20:17:25,492 - DEBUG - Skipping company_25: Hash unchanged.
2026-07-18 20:17:25,493 - DEBUG - Skipping company_26: Hash unchanged.
2026-07-18 20:17:25,493 - DEBUG - Skipping company_27: Hash unchanged.
2026-07-18 20:17:25,494 - DEBUG - Skipping company_28: Hash unchanged.
2026-07-18 20:17:25,495 - DEBUG - Skipping company_29: Hash unchanged.
2026-07-18 20:17:25,496 - DEBUG - Skipping company_30: Hash unchanged.
2026-07-18 20:17:25,497 - DEBUG - Skipping company_31: Hash unchanged.
2026-07-18 20:17:25,497 - DEBUG - Skipping company_32: Hash unchanged.
2026-07-18 20:17:25,498 - DEBUG - Skipping company_33: Hash unchanged.
2026-07-18 20:17:25,499 - DEBUG - Skipping company_34: Hash unchanged.
2026-07-18 20:17:25,500 - DEBUG - Skipping company_35: Hash unchanged.
2026-07-18 20:17:25,502 - DEBUG - Skipping company_36: Hash unchanged.
2026-07-18 20:17:25,503 - DEBUG - Skipping company_37: Hash unchanged.
2026-07-18 20:17:25,503 - DEBUG - Skipping company_38: Hash unchanged.
2026-07-18 20:17:25,504 - DEBUG - Skipping company_39: Hash unchanged.
2026-07-18 20:17:25,505 - DEBUG - Skipping company_40: Hash unchanged.
2026-07-18 20:17:25,506 - DEBUG - Skipping company_41: Hash unchanged.
2026-07-18 20:17:25,506 - DEBUG - Skipping company_42: Hash unchanged.
2026-07-18 20:17:25,507 - DEBUG - Skipping company_43: Hash unchanged.
2026-07-18 20:17:25,507 - DEBUG - Skipping company_44: Hash unchanged.
2026-07-18 20:17:25,508 - DEBUG - Skipping company_45: Hash unchanged.
2026-07-18 20:17:25,509 - DEBUG - Skipping company_46: Hash unchanged.
2026-07-18 20:17:25,509 - DEBUG - Skipping company_47: Hash unchanged.
2026-07-18 20:17:25,510 - DEBUG - Skipping company_48: Hash unchanged.
2026-07-18 20:17:25,511 - DEBUG - Skipping company_49: Hash unchanged.
2026-07-18 20:17:25,511 - DEBUG - Skipping company_50: Hash unchanged.
2026-07-18 20:17:25,512 - DEBUG - Skipping company_51: Hash unchanged.
2026-07-18 20:17:25,513 - DEBUG - Skipping company_52: Hash unchanged.
2026-07-18 20:17:25,514 - DEBUG - Skipping company_53: Hash unchanged.
2026-07-18 20:17:25,515 - DEBUG - Skipping company_54: Hash unchanged.
2026-07-18 20:17:25,516 - DEBUG - Skipping company_55: Hash unchanged.
2026-07-18 20:17:25,516 - DEBUG - Skipping company_56: Hash unchanged.
2026-07-18 20:17:25,518 - DEBUG - Skipping company_57: Hash unchanged.
2026-07-18 20:17:25,519 - DEBUG - Skipping company_58: Hash unchanged.
2026-07-18 20:17:25,520 - DEBUG - Skipping company_59: Hash unchanged.
2026-07-18 20:17:25,520 - DEBUG - Skipping company_60: Hash unchanged.
2026-07-18 20:17:25,521 - DEBUG - Skipping company_61: Hash unchanged.
2026-07-18 20:17:25,522 - DEBUG - Skipping company_62: Hash unchanged.
2026-07-18 20:17:25,522 - DEBUG - Skipping company_63: Hash unchanged.
2026-07-18 20:17:25,523 - DEBUG - Skipping company_64: Hash unchanged.
2026-07-18 20:17:25,524 - DEBUG - Skipping company_65: Hash unchanged.
2026-07-18 20:17:25,524 - DEBUG - Skipping company_66: Hash unchanged.
2026-07-18 20:17:25,525 - DEBUG - Skipping company_67: Hash unchanged.
2026-07-18 20:17:25,525 - DEBUG - Skipping company_68: Hash unchanged.
2026-07-18 20:17:25,526 - DEBUG - Skipping company_69: Hash unchanged.
2026-07-18 20:17:25,527 - DEBUG - Skipping company_70: Hash unchanged.
2026-07-18 20:17:25,528 - DEBUG - Skipping company_71: Hash unchanged.
2026-07-18 20:17:25,528 - DEBUG - Skipping company_72: Hash unchanged.
2026-07-18 20:17:25,529 - DEBUG - Skipping company_73: Hash unchanged.
2026-07-18 20:17:25,530 - DEBUG - Skipping company_74: Hash unchanged.
2026-07-18 20:17:25,531 - DEBUG - Skipping company_75: Hash unchanged.
2026-07-18 20:17:25,532 - DEBUG - Skipping company_76: Hash unchanged.
2026-07-18 20:17:25,533 - DEBUG - Skipping company_77: Hash unchanged.
2026-07-18 20:17:25,534 - DEBUG - Skipping company_78: Hash unchanged.
2026-07-18 20:17:25,535 - DEBUG - Skipping company_79: Hash unchanged.
2026-07-18 20:17:25,535 - DEBUG - Skipping company_80: Hash unchanged.
2026-07-18 20:17:25,536 - DEBUG - Skipping company_81: Hash unchanged.
2026-07-18 20:17:25,537 - DEBUG - Skipping company_82: Hash unchanged.
2026-07-18 20:17:25,537 - DEBUG - Skipping company_83: Hash unchanged.
2026-07-18 20:17:25,538 - DEBUG - Skipping company_84: Hash unchanged.
2026-07-18 20:17:25,539 - DEBUG - Skipping company_85: Hash unchanged.
2026-07-18 20:17:25,539 - DEBUG - Skipping company_86: Hash unchanged.
2026-07-18 20:17:25,540 - DEBUG - Skipping company_87: Hash unchanged.
2026-07-18 20:17:25,541 - DEBUG - Skipping company_88: Hash unchanged.
2026-07-18 20:17:25,541 - DEBUG - Skipping company_89: Hash unchanged.
2026-07-18 20:17:25,542 - DEBUG - Skipping company_90: Hash unchanged.
2026-07-18 20:17:25,543 - DEBUG - Skipping company_91: Hash unchanged.
2026-07-18 20:17:25,543 - DEBUG - Skipping company_92: Hash unchanged.
2026-07-18 20:17:25,544 - DEBUG - Skipping company_93: Hash unchanged.
2026-07-18 20:17:25,544 - DEBUG - Skipping company_94: Hash unchanged.
2026-07-18 20:17:25,545 - DEBUG - Skipping company_95: Hash unchanged.
2026-07-18 20:17:25,546 - DEBUG - Skipping company_96: Hash unchanged.
2026-07-18 20:17:25,547 - DEBUG - Skipping company_97: Hash unchanged.
2026-07-18 20:17:25,548 - DEBUG - Skipping company_98: Hash unchanged.
2026-07-18 20:17:25,549 - DEBUG - Skipping company_99: Hash unchanged.
2026-07-18 20:17:25,550 - DEBUG - Skipping company_100: Hash unchanged.
2026-07-18 20:17:25,551 - DEBUG - Skipping company_101: Hash unchanged.
2026-07-18 20:17:25,551 - DEBUG - Skipping company_102: Hash unchanged.
2026-07-18 20:17:25,552 - DEBUG - Skipping company_103: Hash unchanged.
2026-07-18 20:17:25,553 - DEBUG - Skipping company_104: Hash unchanged.
2026-07-18 20:17:25,554 - DEBUG - Skipping company_105: Hash unchanged.
2026-07-18 20:17:25,554 - DEBUG - Skipping company_106: Hash unchanged.
2026-07-18 20:17:25,555 - DEBUG - Skipping company_107: Hash unchanged.
2026-07-18 20:17:25,556 - DEBUG - Skipping company_108: Hash unchanged.
2026-07-18 20:17:25,557 - DEBUG - Skipping company_109: Hash unchanged.
2026-07-18 20:17:25,557 - DEBUG - Skipping company_110: Hash unchanged.
2026-07-18 20:17:25,558 - DEBUG - Skipping company_111: Hash unchanged.
2026-07-18 20:17:25,559 - DEBUG - Skipping company_112: Hash unchanged.
2026-07-18 20:17:25,559 - DEBUG - Skipping company_113: Hash unchanged.
2026-07-18 20:17:25,560 - DEBUG - Skipping company_114: Hash unchanged.
2026-07-18 20:17:25,561 - DEBUG - Skipping company_115: Hash unchanged.
2026-07-18 20:17:25,561 - DEBUG - Skipping company_116: Hash unchanged.
2026-07-18 20:17:25,562 - INFO - Companies: 0 indexed, 116 skipped.
2026-07-18 20:17:25,562 - INFO - Indexing Problems...
2026-07-18 20:17:25,566 - DEBUG - Skipping problem_1: Hash unchanged.
2026-07-18 20:17:25,566 - DEBUG - Skipping problem_2: Hash unchanged.
2026-07-18 20:17:25,567 - DEBUG - Skipping problem_3: Hash unchanged.
2026-07-18 20:17:25,568 - DEBUG - Skipping problem_4: Hash unchanged.
2026-07-18 20:17:25,568 - DEBUG - Skipping problem_5: Hash unchanged.
2026-07-18 20:17:25,569 - DEBUG - Skipping problem_6: Hash unchanged.
2026-07-18 20:17:25,570 - DEBUG - Skipping problem_7: Hash unchanged.
2026-07-18 20:17:25,570 - DEBUG - Skipping problem_8: Hash unchanged.
2026-07-18 20:17:25,571 - DEBUG - Skipping problem_9: Hash unchanged.
2026-07-18 20:17:25,571 - DEBUG - Skipping problem_10: Hash unchanged.
2026-07-18 20:17:25,572 - DEBUG - Skipping problem_11: Hash unchanged.
2026-07-18 20:17:25,573 - DEBUG - Skipping problem_12: Hash unchanged.
2026-07-18 20:17:25,573 - DEBUG - Skipping problem_13: Hash unchanged.
2026-07-18 20:17:25,574 - DEBUG - Skipping problem_14: Hash unchanged.
2026-07-18 20:17:25,575 - DEBUG - Skipping problem_15: Hash unchanged.
2026-07-18 20:17:25,575 - DEBUG - Skipping problem_16: Hash unchanged.
2026-07-18 20:17:25,576 - DEBUG - Skipping problem_17: Hash unchanged.
2026-07-18 20:17:25,576 - DEBUG - Skipping problem_18: Hash unchanged.
2026-07-18 20:17:25,577 - DEBUG - Skipping problem_19: Hash unchanged.
2026-07-18 20:17:25,578 - DEBUG - Skipping problem_20: Hash unchanged.
2026-07-18 20:17:25,579 - DEBUG - Skipping problem_21: Hash unchanged.
2026-07-18 20:17:25,580 - DEBUG - Skipping problem_22: Hash unchanged.
2026-07-18 20:17:25,581 - DEBUG - Skipping problem_23: Hash unchanged.
2026-07-18 20:17:25,582 - DEBUG - Skipping problem_24: Hash unchanged.
2026-07-18 20:17:25,582 - DEBUG - Skipping problem_25: Hash unchanged.
2026-07-18 20:17:25,583 - DEBUG - Skipping problem_26: Hash unchanged.
2026-07-18 20:17:25,584 - DEBUG - Skipping problem_27: Hash unchanged.
2026-07-18 20:17:25,584 - DEBUG - Skipping problem_28: Hash unchanged.
2026-07-18 20:17:25,585 - DEBUG - Skipping problem_29: Hash unchanged.
2026-07-18 20:17:25,585 - DEBUG - Skipping problem_30: Hash unchanged.
2026-07-18 20:17:25,586 - DEBUG - Skipping problem_31: Hash unchanged.
2026-07-18 20:17:25,587 - DEBUG - Skipping problem_32: Hash unchanged.
2026-07-18 20:17:25,587 - DEBUG - Skipping problem_33: Hash unchanged.
2026-07-18 20:17:25,588 - DEBUG - Skipping problem_34: Hash unchanged.
2026-07-18 20:17:25,589 - DEBUG - Skipping problem_35: Hash unchanged.
2026-07-18 20:17:25,589 - DEBUG - Skipping problem_36: Hash unchanged.
2026-07-18 20:17:25,590 - DEBUG - Skipping problem_37: Hash unchanged.
2026-07-18 20:17:25,590 - DEBUG - Skipping problem_38: Hash unchanged.
2026-07-18 20:17:25,591 - DEBUG - Skipping problem_39: Hash unchanged.
2026-07-18 20:17:25,592 - DEBUG - Skipping problem_40: Hash unchanged.
2026-07-18 20:17:25,592 - DEBUG - Skipping problem_41: Hash unchanged.
2026-07-18 20:17:25,593 - DEBUG - Skipping problem_42: Hash unchanged.
2026-07-18 20:17:25,594 - DEBUG - Skipping problem_43: Hash unchanged.
2026-07-18 20:17:25,594 - DEBUG - Skipping problem_44: Hash unchanged.
2026-07-18 20:17:25,595 - DEBUG - Skipping problem_45: Hash unchanged.
2026-07-18 20:17:25,596 - DEBUG - Skipping problem_46: Hash unchanged.
2026-07-18 20:17:25,596 - DEBUG - Skipping problem_47: Hash unchanged.
2026-07-18 20:17:25,597 - DEBUG - Skipping problem_48: Hash unchanged.
2026-07-18 20:17:25,598 - DEBUG - Skipping problem_49: Hash unchanged.
2026-07-18 20:17:25,599 - DEBUG - Skipping problem_50: Hash unchanged.
2026-07-18 20:17:25,600 - DEBUG - Skipping problem_51: Hash unchanged.
2026-07-18 20:17:25,601 - DEBUG - Skipping problem_52: Hash unchanged.
2026-07-18 20:17:25,602 - DEBUG - Skipping problem_53: Hash unchanged.
2026-07-18 20:17:25,602 - DEBUG - Skipping problem_54: Hash unchanged.
2026-07-18 20:17:25,603 - DEBUG - Skipping problem_55: Hash unchanged.
2026-07-18 20:17:25,604 - DEBUG - Skipping problem_56: Hash unchanged.
2026-07-18 20:17:25,604 - DEBUG - Skipping problem_57: Hash unchanged.
2026-07-18 20:17:25,605 - DEBUG - Skipping problem_58: Hash unchanged.
2026-07-18 20:17:25,606 - DEBUG - Skipping problem_59: Hash unchanged.
2026-07-18 20:17:25,606 - DEBUG - Skipping problem_60: Hash unchanged.
2026-07-18 20:17:25,607 - DEBUG - Skipping problem_61: Hash unchanged.
2026-07-18 20:17:25,607 - DEBUG - Skipping problem_62: Hash unchanged.
2026-07-18 20:17:25,608 - DEBUG - Skipping problem_63: Hash unchanged.
2026-07-18 20:17:25,609 - DEBUG - Skipping problem_64: Hash unchanged.
2026-07-18 20:17:25,609 - DEBUG - Skipping problem_65: Hash unchanged.
2026-07-18 20:17:25,610 - DEBUG - Skipping problem_66: Hash unchanged.
2026-07-18 20:17:25,611 - DEBUG - Skipping problem_67: Hash unchanged.
2026-07-18 20:17:25,611 - DEBUG - Skipping problem_68: Hash unchanged.
2026-07-18 20:17:25,612 - DEBUG - Skipping problem_69: Hash unchanged.
2026-07-18 20:17:25,613 - DEBUG - Skipping problem_70: Hash unchanged.
2026-07-18 20:17:25,614 - DEBUG - Skipping problem_71: Hash unchanged.
2026-07-18 20:17:25,615 - INFO - Problems: 0 indexed, 71 skipped.
2026-07-18 20:17:25,615 - INFO - Indexing process finished in 0.19s
2026-07-18 20:17:31,464 - INFO - --- Running Verification ---
2026-07-18 20:17:31,528 - INFO - SQLite Records: 202 (116 Companies, 71 Problems, 15 Sectors)
2026-07-18 20:17:31,529 - INFO - KBChunk Records: 4347
2026-07-18 20:17:31,530 - WARNING - Inconsistency: SQLite row count does not match KBChunk count.
2026-07-18 20:17:31,648 - INFO - ChromaDB Records: 4347
2026-07-18 20:17:31,648 - INFO - Consistency Check Passed: ChromaDB and KBChunk match.
2026-07-18 20:17:31,649 - INFO - Indexing process finished in 0.19s
