2026-07-14 23:10:48,894 - INFO - Starting Dataset Ingestion Pipeline
2026-07-14 23:10:48,924 - INFO - Loaded 15 rows from sectors_reference.csv
2026-07-14 23:10:48,928 - INFO - Loaded 116 rows from companies_germany.csv
2026-07-14 23:10:48,930 - INFO - Loaded 71 rows from problems_germany.csv
2026-07-14 23:10:48,933 - INFO - Loaded 24 rows from problem_company_mapping.csv
2026-07-14 23:10:48,933 - INFO - Importing Sectors...
2026-07-14 23:10:48,935 - WARNING - Row 0 (Sector): Missing required field: name
2026-07-14 23:10:48,936 - WARNING - Row 1 (Sector): Missing required field: name
2026-07-14 23:10:48,937 - WARNING - Row 2 (Sector): Missing required field: name
2026-07-14 23:10:48,937 - WARNING - Row 3 (Sector): Missing required field: name
2026-07-14 23:10:48,939 - WARNING - Row 4 (Sector): Missing required field: name
2026-07-14 23:10:48,939 - WARNING - Row 5 (Sector): Missing required field: name
2026-07-14 23:10:48,940 - WARNING - Row 6 (Sector): Missing required field: name
2026-07-14 23:10:48,941 - WARNING - Row 7 (Sector): Missing required field: name
2026-07-14 23:10:48,941 - WARNING - Row 8 (Sector): Missing required field: name
2026-07-14 23:10:48,942 - WARNING - Row 9 (Sector): Missing required field: name
2026-07-14 23:10:48,943 - WARNING - Row 10 (Sector): Missing required field: name
2026-07-14 23:10:48,943 - WARNING - Row 11 (Sector): Missing required field: name
2026-07-14 23:10:48,944 - WARNING - Row 12 (Sector): Missing required field: name
2026-07-14 23:10:48,944 - WARNING - Row 13 (Sector): Missing required field: name
2026-07-14 23:10:48,945 - WARNING - Row 14 (Sector): Missing required field: name
2026-07-14 23:10:48,945 - INFO - Importing Companies...
2026-07-14 23:10:48,946 - WARNING - Row 0 (Company): Missing required field: name
2026-07-14 23:10:48,947 - WARNING - Row 1 (Company): Missing required field: name
2026-07-14 23:10:48,949 - WARNING - Row 2 (Company): Missing required field: name
2026-07-14 23:10:48,949 - WARNING - Row 3 (Company): Missing required field: name
2026-07-14 23:10:48,950 - WARNING - Row 4 (Company): Missing required field: name
2026-07-14 23:10:48,951 - WARNING - Row 5 (Company): Missing required field: name
2026-07-14 23:10:48,952 - WARNING - Row 6 (Company): Missing required field: name
2026-07-14 23:10:48,952 - WARNING - Row 7 (Company): Missing required field: name
2026-07-14 23:10:48,953 - WARNING - Row 8 (Company): Missing required field: name
2026-07-14 23:10:48,953 - WARNING - Row 9 (Company): Missing required field: name
2026-07-14 23:10:48,954 - WARNING - Row 10 (Company): Missing required field: name
2026-07-14 23:10:48,955 - WARNING - Row 11 (Company): Missing required field: name
2026-07-14 23:10:48,956 - WARNING - Row 12 (Company): Missing required field: name
2026-07-14 23:10:48,956 - WARNING - Row 13 (Company): Missing required field: name
2026-07-14 23:10:48,957 - WARNING - Row 14 (Company): Missing required field: name
2026-07-14 23:10:48,958 - WARNING - Row 15 (Company): Missing required field: name
2026-07-14 23:10:48,959 - WARNING - Row 16 (Company): Missing required field: name
2026-07-14 23:10:48,959 - WARNING - Row 17 (Company): Missing required field: name
2026-07-14 23:10:48,960 - WARNING - Row 18 (Company): Missing required field: name
2026-07-14 23:10:48,961 - WARNING - Row 19 (Company): Missing required field: name
2026-07-14 23:10:48,961 - WARNING - Row 20 (Company): Missing required field: name
2026-07-14 23:10:48,962 - WARNING - Row 21 (Company): Missing required field: name
2026-07-14 23:10:48,963 - WARNING - Row 22 (Company): Missing required field: name
2026-07-14 23:10:48,964 - WARNING - Row 23 (Company): Missing required field: name
2026-07-14 23:10:48,965 - WARNING - Row 24 (Company): Missing required field: name
2026-07-14 23:10:48,966 - WARNING - Row 25 (Company): Missing required field: name
2026-07-14 23:10:48,966 - WARNING - Row 26 (Company): Missing required field: name
2026-07-14 23:10:48,967 - WARNING - Row 27 (Company): Missing required field: name
2026-07-14 23:10:48,968 - WARNING - Row 28 (Company): Missing required field: name
2026-07-14 23:10:48,968 - WARNING - Row 29 (Company): Missing required field: name
2026-07-14 23:10:48,969 - WARNING - Row 30 (Company): Missing required field: name
2026-07-14 23:10:48,969 - WARNING - Row 31 (Company): Missing required field: name
2026-07-14 23:10:48,970 - WARNING - Row 32 (Company): Missing required field: name
2026-07-14 23:10:48,970 - WARNING - Row 33 (Company): Missing required field: name
2026-07-14 23:10:48,972 - WARNING - Row 34 (Company): Missing required field: name
2026-07-14 23:10:48,972 - WARNING - Row 35 (Company): Missing required field: name
2026-07-14 23:10:48,973 - WARNING - Row 36 (Company): Missing required field: name
2026-07-14 23:10:48,974 - WARNING - Row 37 (Company): Missing required field: name
2026-07-14 23:10:48,974 - WARNING - Row 38 (Company): Missing required field: name
2026-07-14 23:10:48,975 - WARNING - Row 39 (Company): Missing required field: name
2026-07-14 23:10:48,976 - WARNING - Row 40 (Company): Missing required field: name
2026-07-14 23:10:48,976 - WARNING - Row 41 (Company): Missing required field: name
2026-07-14 23:10:48,977 - WARNING - Row 42 (Company): Missing required field: name
2026-07-14 23:10:48,977 - WARNING - Row 43 (Company): Missing required field: name
2026-07-14 23:10:48,978 - WARNING - Row 44 (Company): Missing required field: name
2026-07-14 23:10:48,979 - WARNING - Row 45 (Company): Missing required field: name
2026-07-14 23:10:48,979 - WARNING - Row 46 (Company): Missing required field: name
2026-07-14 23:10:48,980 - WARNING - Row 47 (Company): Missing required field: name
2026-07-14 23:10:48,981 - WARNING - Row 48 (Company): Missing required field: name
2026-07-14 23:10:48,982 - WARNING - Row 49 (Company): Missing required field: name
2026-07-14 23:10:48,983 - WARNING - Row 50 (Company): Missing required field: name
2026-07-14 23:10:48,983 - WARNING - Row 51 (Company): Missing required field: name
2026-07-14 23:10:48,984 - WARNING - Row 52 (Company): Missing required field: name
2026-07-14 23:10:48,984 - WARNING - Row 53 (Company): Missing required field: name
2026-07-14 23:10:48,985 - WARNING - Row 54 (Company): Missing required field: name
2026-07-14 23:10:48,985 - WARNING - Row 55 (Company): Missing required field: name
2026-07-14 23:10:48,986 - WARNING - Row 56 (Company): Missing required field: name
2026-07-14 23:10:48,987 - WARNING - Row 57 (Company): Missing required field: name
2026-07-14 23:10:48,988 - WARNING - Row 58 (Company): Missing required field: name
2026-07-14 23:10:48,989 - WARNING - Row 59 (Company): Missing required field: name
2026-07-14 23:10:48,989 - WARNING - Row 60 (Company): Missing required field: name
2026-07-14 23:10:48,990 - WARNING - Row 61 (Company): Missing required field: name
2026-07-14 23:10:48,990 - WARNING - Row 62 (Company): Missing required field: name
2026-07-14 23:10:48,991 - WARNING - Row 63 (Company): Missing required field: name
2026-07-14 23:10:48,992 - WARNING - Row 64 (Company): Missing required field: name
2026-07-14 23:10:48,992 - WARNING - Row 65 (Company): Missing required field: name
2026-07-14 23:10:48,993 - WARNING - Row 66 (Company): Missing required field: name
2026-07-14 23:10:48,994 - WARNING - Row 67 (Company): Missing required field: name
2026-07-14 23:10:48,994 - WARNING - Row 68 (Company): Missing required field: name
2026-07-14 23:10:48,995 - WARNING - Row 69 (Company): Missing required field: name
2026-07-14 23:10:48,995 - WARNING - Row 70 (Company): Missing required field: name
2026-07-14 23:10:48,996 - WARNING - Row 71 (Company): Missing required field: name
2026-07-14 23:10:48,997 - WARNING - Row 72 (Company): Missing required field: name
2026-07-14 23:10:48,999 - WARNING - Row 73 (Company): Missing required field: name
2026-07-14 23:10:48,999 - WARNING - Row 74 (Company): Missing required field: name
2026-07-14 23:10:49,000 - WARNING - Row 75 (Company): Missing required field: name
2026-07-14 23:10:49,000 - WARNING - Row 76 (Company): Missing required field: name
2026-07-14 23:10:49,001 - WARNING - Row 77 (Company): Missing required field: name
2026-07-14 23:10:49,001 - WARNING - Row 78 (Company): Missing required field: name
2026-07-14 23:10:49,002 - WARNING - Row 79 (Company): Missing required field: name
2026-07-14 23:10:49,002 - WARNING - Row 80 (Company): Missing required field: name
2026-07-14 23:10:49,003 - WARNING - Row 81 (Company): Missing required field: name
2026-07-14 23:10:49,003 - WARNING - Row 82 (Company): Missing required field: name
2026-07-14 23:10:49,004 - WARNING - Row 83 (Company): Missing required field: name
2026-07-14 23:10:49,005 - WARNING - Row 84 (Company): Missing required field: name
2026-07-14 23:10:49,006 - WARNING - Row 85 (Company): Missing required field: name
2026-07-14 23:10:49,006 - WARNING - Row 86 (Company): Missing required field: name
2026-07-14 23:10:49,007 - WARNING - Row 87 (Company): Missing required field: name
2026-07-14 23:10:49,008 - WARNING - Row 88 (Company): Missing required field: name
2026-07-14 23:10:49,009 - WARNING - Row 89 (Company): Missing required field: name
2026-07-14 23:10:49,010 - WARNING - Row 90 (Company): Missing required field: name
2026-07-14 23:10:49,011 - WARNING - Row 91 (Company): Missing required field: name
2026-07-14 23:10:49,011 - WARNING - Row 92 (Company): Missing required field: name
2026-07-14 23:10:49,012 - WARNING - Row 93 (Company): Missing required field: name
2026-07-14 23:10:49,012 - WARNING - Row 94 (Company): Missing required field: name
2026-07-14 23:10:49,013 - WARNING - Row 95 (Company): Missing required field: name
2026-07-14 23:10:49,014 - WARNING - Row 96 (Company): Missing required field: name
2026-07-14 23:10:49,014 - WARNING - Row 97 (Company): Missing required field: name
2026-07-14 23:10:49,015 - WARNING - Row 98 (Company): Missing required field: name
2026-07-14 23:10:49,015 - WARNING - Row 99 (Company): Missing required field: name
2026-07-14 23:10:49,016 - WARNING - Row 100 (Company): Missing required field: name
2026-07-14 23:10:49,016 - WARNING - Row 101 (Company): Missing required field: name
2026-07-14 23:10:49,017 - WARNING - Row 102 (Company): Missing required field: name
2026-07-14 23:10:49,018 - WARNING - Row 103 (Company): Missing required field: name
2026-07-14 23:10:49,018 - WARNING - Row 104 (Company): Missing required field: name
2026-07-14 23:10:49,019 - WARNING - Row 105 (Company): Missing required field: name
2026-07-14 23:10:49,020 - WARNING - Row 106 (Company): Missing required field: name
2026-07-14 23:10:49,020 - WARNING - Row 107 (Company): Missing required field: name
2026-07-14 23:10:49,021 - WARNING - Row 108 (Company): Missing required field: name
2026-07-14 23:10:49,022 - WARNING - Row 109 (Company): Missing required field: name
2026-07-14 23:10:49,022 - WARNING - Row 110 (Company): Missing required field: name
2026-07-14 23:10:49,023 - WARNING - Row 111 (Company): Missing required field: name
2026-07-14 23:10:49,024 - WARNING - Row 112 (Company): Missing required field: name
2026-07-14 23:10:49,025 - WARNING - Row 113 (Company): Missing required field: name
2026-07-14 23:10:49,025 - WARNING - Row 114 (Company): Missing required field: name
2026-07-14 23:10:49,026 - WARNING - Row 115 (Company): Missing required field: name
2026-07-14 23:10:49,027 - INFO - Importing Problems...
2026-07-14 23:10:49,028 - WARNING - Row 0 (Problem): Missing required field: category
2026-07-14 23:10:49,028 - WARNING - Row 1 (Problem): Missing required field: category
2026-07-14 23:10:49,029 - WARNING - Row 2 (Problem): Missing required field: category
2026-07-14 23:10:49,029 - WARNING - Row 3 (Problem): Missing required field: category
2026-07-14 23:10:49,030 - WARNING - Row 4 (Problem): Missing required field: category
2026-07-14 23:10:49,030 - WARNING - Row 5 (Problem): Missing required field: category
2026-07-14 23:10:49,031 - WARNING - Row 6 (Problem): Missing required field: category
2026-07-14 23:10:49,031 - WARNING - Row 7 (Problem): Missing required field: category
2026-07-14 23:10:49,032 - WARNING - Row 8 (Problem): Missing required field: category
2026-07-14 23:10:49,032 - WARNING - Row 9 (Problem): Missing required field: category
2026-07-14 23:10:49,033 - WARNING - Row 10 (Problem): Missing required field: category
2026-07-14 23:10:49,033 - WARNING - Row 11 (Problem): Missing required field: category
2026-07-14 23:10:49,034 - WARNING - Row 12 (Problem): Missing required field: category
2026-07-14 23:10:49,034 - WARNING - Row 13 (Problem): Missing required field: category
2026-07-14 23:10:49,035 - WARNING - Row 14 (Problem): Missing required field: category
2026-07-14 23:10:49,036 - WARNING - Row 15 (Problem): Missing required field: category
2026-07-14 23:10:49,036 - WARNING - Row 16 (Problem): Missing required field: category
2026-07-14 23:10:49,037 - WARNING - Row 17 (Problem): Missing required field: category
2026-07-14 23:10:49,037 - WARNING - Row 18 (Problem): Missing required field: category
2026-07-14 23:10:49,038 - WARNING - Row 19 (Problem): Missing required field: category
2026-07-14 23:10:49,039 - WARNING - Row 20 (Problem): Missing required field: category
2026-07-14 23:10:49,040 - WARNING - Row 21 (Problem): Missing required field: category
2026-07-14 23:10:49,040 - WARNING - Row 22 (Problem): Missing required field: category
2026-07-14 23:10:49,041 - WARNING - Row 23 (Problem): Missing required field: category
2026-07-14 23:10:49,042 - WARNING - Row 24 (Problem): Missing required field: category
2026-07-14 23:10:49,042 - WARNING - Row 25 (Problem): Missing required field: category
2026-07-14 23:10:49,043 - WARNING - Row 26 (Problem): Missing required field: category
2026-07-14 23:10:49,044 - WARNING - Row 27 (Problem): Missing required field: category
2026-07-14 23:10:49,044 - WARNING - Row 28 (Problem): Missing required field: category
2026-07-14 23:10:49,045 - WARNING - Row 29 (Problem): Missing required field: category
2026-07-14 23:10:49,046 - WARNING - Row 30 (Problem): Missing required field: category
2026-07-14 23:10:49,046 - WARNING - Row 31 (Problem): Missing required field: category
2026-07-14 23:10:49,048 - WARNING - Row 32 (Problem): Missing required field: category
2026-07-14 23:10:49,049 - WARNING - Row 33 (Problem): Missing required field: category
2026-07-14 23:10:49,050 - WARNING - Row 34 (Problem): Missing required field: category
2026-07-14 23:10:49,051 - WARNING - Row 35 (Problem): Missing required field: category
2026-07-14 23:10:49,051 - WARNING - Row 36 (Problem): Missing required field: category
2026-07-14 23:10:49,052 - WARNING - Row 37 (Problem): Missing required field: category
2026-07-14 23:10:49,052 - WARNING - Row 38 (Problem): Missing required field: category
2026-07-14 23:10:49,053 - WARNING - Row 39 (Problem): Missing required field: category
2026-07-14 23:10:49,054 - WARNING - Row 40 (Problem): Missing required field: category
2026-07-14 23:10:49,054 - WARNING - Row 41 (Problem): Missing required field: category
2026-07-14 23:10:49,055 - WARNING - Row 42 (Problem): Missing required field: category
2026-07-14 23:10:49,056 - WARNING - Row 43 (Problem): Missing required field: category
2026-07-14 23:10:49,056 - WARNING - Row 44 (Problem): Missing required field: category
2026-07-14 23:10:49,057 - WARNING - Row 45 (Problem): Missing required field: category
2026-07-14 23:10:49,058 - WARNING - Row 46 (Problem): Missing required field: category
2026-07-14 23:10:49,059 - WARNING - Row 47 (Problem): Missing required field: category
2026-07-14 23:10:49,060 - WARNING - Row 48 (Problem): Missing required field: category
2026-07-14 23:10:49,061 - WARNING - Row 49 (Problem): Missing required field: category
2026-07-14 23:10:49,061 - WARNING - Row 50 (Problem): Missing required field: category
2026-07-14 23:10:49,062 - WARNING - Row 51 (Problem): Missing required field: category
2026-07-14 23:10:49,063 - WARNING - Row 52 (Problem): Missing required field: category
2026-07-14 23:10:49,063 - WARNING - Row 53 (Problem): Missing required field: category
2026-07-14 23:10:49,064 - WARNING - Row 54 (Problem): Missing required field: category
2026-07-14 23:10:49,064 - WARNING - Row 55 (Problem): Missing required field: category
2026-07-14 23:10:49,065 - WARNING - Row 56 (Problem): Missing required field: category
2026-07-14 23:10:49,066 - WARNING - Row 57 (Problem): Missing required field: category
2026-07-14 23:10:49,066 - WARNING - Row 58 (Problem): Missing required field: category
2026-07-14 23:10:49,067 - WARNING - Row 59 (Problem): Missing required field: category
2026-07-14 23:10:49,067 - WARNING - Row 60 (Problem): Missing required field: category
2026-07-14 23:10:49,068 - WARNING - Row 61 (Problem): Missing required field: category
2026-07-14 23:10:49,069 - WARNING - Row 62 (Problem): Missing required field: category
2026-07-14 23:10:49,069 - WARNING - Row 63 (Problem): Missing required field: category
2026-07-14 23:10:49,070 - WARNING - Row 64 (Problem): Missing required field: category
2026-07-14 23:10:49,070 - WARNING - Row 65 (Problem): Missing required field: category
2026-07-14 23:10:49,071 - WARNING - Row 66 (Problem): Missing required field: category
2026-07-14 23:10:49,072 - WARNING - Row 67 (Problem): Missing required field: category
2026-07-14 23:10:49,073 - WARNING - Row 68 (Problem): Missing required field: category
2026-07-14 23:10:49,073 - WARNING - Row 69 (Problem): Missing required field: category
2026-07-14 23:10:49,074 - WARNING - Row 70 (Problem): Missing required field: category
2026-07-14 23:10:49,075 - INFO - Importing Mappings...
2026-07-14 23:10:49,076 - WARNING - Row 0 (Mapping): Missing company_name or problem_category
2026-07-14 23:10:49,077 - WARNING - Row 1 (Mapping): Missing company_name or problem_category
2026-07-14 23:10:49,078 - WARNING - Row 2 (Mapping): Missing company_name or problem_category
2026-07-14 23:10:49,078 - WARNING - Row 3 (Mapping): Missing company_name or problem_category
2026-07-14 23:10:49,079 - WARNING - Row 4 (Mapping): Missing company_name or problem_category
2026-07-14 23:10:49,080 - WARNING - Row 5 (Mapping): Missing company_name or problem_category
2026-07-14 23:10:49,080 - WARNING - Row 6 (Mapping): Missing company_name or problem_category
2026-07-14 23:10:49,081 - WARNING - Row 7 (Mapping): Missing company_name or problem_category
2026-07-14 23:10:49,082 - WARNING - Row 8 (Mapping): Missing company_name or problem_category
2026-07-14 23:10:49,082 - WARNING - Row 9 (Mapping): Missing company_name or problem_category
2026-07-14 23:10:49,083 - WARNING - Row 10 (Mapping): Missing company_name or problem_category
2026-07-14 23:10:49,084 - WARNING - Row 11 (Mapping): Missing company_name or problem_category
2026-07-14 23:10:49,084 - WARNING - Row 12 (Mapping): Missing company_name or problem_category
2026-07-14 23:10:49,085 - WARNING - Row 13 (Mapping): Missing company_name or problem_category
2026-07-14 23:10:49,086 - WARNING - Row 14 (Mapping): Missing company_name or problem_category
2026-07-14 23:10:49,086 - WARNING - Row 15 (Mapping): Missing company_name or problem_category
2026-07-14 23:10:49,087 - WARNING - Row 16 (Mapping): Missing company_name or problem_category
2026-07-14 23:10:49,088 - WARNING - Row 17 (Mapping): Missing company_name or problem_category
2026-07-14 23:10:49,089 - WARNING - Row 18 (Mapping): Missing company_name or problem_category
2026-07-14 23:10:49,089 - WARNING - Row 19 (Mapping): Missing company_name or problem_category
2026-07-14 23:10:49,090 - WARNING - Row 20 (Mapping): Missing company_name or problem_category
2026-07-14 23:10:49,091 - WARNING - Row 21 (Mapping): Missing company_name or problem_category
2026-07-14 23:10:49,091 - WARNING - Row 22 (Mapping): Missing company_name or problem_category
2026-07-14 23:10:49,092 - WARNING - Row 23 (Mapping): Missing company_name or problem_category
2026-07-14 23:10:49,093 - INFO - Transaction committed successfully.
2026-07-14 23:10:49,098 - INFO - Wrote import summary JSON to C:\Users\BISON TECH\Desktop\AIML\Proj\AI-Atlas\logs\import_summary.json
2026-07-15 01:40:56,700 - INFO - Starting Dataset Ingestion Pipeline
2026-07-15 01:40:56,725 - INFO - Loaded 15 rows from sectors_reference.csv
2026-07-15 01:40:56,742 - INFO - Loaded 116 rows from companies_germany.csv
2026-07-15 01:40:56,757 - INFO - Loaded 71 rows from problems_germany.csv
2026-07-15 01:40:56,775 - INFO - Loaded 24 rows from problem_company_mapping.csv
2026-07-15 01:40:56,775 - INFO - Importing Sectors...
2026-07-15 01:40:56,778 - WARNING - Row 0 (Sector): Missing required field: name
2026-07-15 01:40:56,779 - WARNING - Row 1 (Sector): Missing required field: name
2026-07-15 01:40:56,780 - WARNING - Row 2 (Sector): Missing required field: name
2026-07-15 01:40:56,781 - WARNING - Row 3 (Sector): Missing required field: name
2026-07-15 01:40:56,782 - WARNING - Row 4 (Sector): Missing required field: name
2026-07-15 01:40:56,783 - WARNING - Row 5 (Sector): Missing required field: name
2026-07-15 01:40:56,784 - WARNING - Row 6 (Sector): Missing required field: name
2026-07-15 01:40:56,785 - WARNING - Row 7 (Sector): Missing required field: name
2026-07-15 01:40:56,786 - WARNING - Row 8 (Sector): Missing required field: name
2026-07-15 01:40:56,786 - WARNING - Row 9 (Sector): Missing required field: name
2026-07-15 01:40:56,787 - WARNING - Row 10 (Sector): Missing required field: name
2026-07-15 01:40:56,787 - WARNING - Row 11 (Sector): Missing required field: name
2026-07-15 01:40:56,788 - WARNING - Row 12 (Sector): Missing required field: name
2026-07-15 01:40:56,789 - WARNING - Row 13 (Sector): Missing required field: name
2026-07-15 01:40:56,789 - WARNING - Row 14 (Sector): Missing required field: name
2026-07-15 01:40:56,790 - INFO - Importing Companies...
2026-07-15 01:40:56,791 - WARNING - Row 0 (Company): Missing required field: name
2026-07-15 01:40:56,791 - WARNING - Row 1 (Company): Missing required field: name
2026-07-15 01:40:56,792 - WARNING - Row 2 (Company): Missing required field: name
2026-07-15 01:40:56,793 - WARNING - Row 3 (Company): Missing required field: name
2026-07-15 01:40:56,794 - WARNING - Row 4 (Company): Missing required field: name
2026-07-15 01:40:56,794 - WARNING - Row 5 (Company): Missing required field: name
2026-07-15 01:40:56,795 - WARNING - Row 6 (Company): Missing required field: name
2026-07-15 01:40:56,796 - WARNING - Row 7 (Company): Missing required field: name
2026-07-15 01:40:56,796 - WARNING - Row 8 (Company): Missing required field: name
2026-07-15 01:40:56,797 - WARNING - Row 9 (Company): Missing required field: name
2026-07-15 01:40:56,798 - WARNING - Row 10 (Company): Missing required field: name
2026-07-15 01:40:56,799 - WARNING - Row 11 (Company): Missing required field: name
2026-07-15 01:40:56,800 - WARNING - Row 12 (Company): Missing required field: name
2026-07-15 01:40:56,801 - WARNING - Row 13 (Company): Missing required field: name
2026-07-15 01:40:56,802 - WARNING - Row 14 (Company): Missing required field: name
2026-07-15 01:40:56,803 - WARNING - Row 15 (Company): Missing required field: name
2026-07-15 01:40:56,804 - WARNING - Row 16 (Company): Missing required field: name
2026-07-15 01:40:56,804 - WARNING - Row 17 (Company): Missing required field: name
2026-07-15 01:40:56,805 - WARNING - Row 18 (Company): Missing required field: name
2026-07-15 01:40:56,806 - WARNING - Row 19 (Company): Missing required field: name
2026-07-15 01:40:56,806 - WARNING - Row 20 (Company): Missing required field: name
2026-07-15 01:40:56,807 - WARNING - Row 21 (Company): Missing required field: name
2026-07-15 01:40:56,807 - WARNING - Row 22 (Company): Missing required field: name
2026-07-15 01:40:56,808 - WARNING - Row 23 (Company): Missing required field: name
2026-07-15 01:40:56,809 - WARNING - Row 24 (Company): Missing required field: name
2026-07-15 01:40:56,809 - WARNING - Row 25 (Company): Missing required field: name
2026-07-15 01:40:56,810 - WARNING - Row 26 (Company): Missing required field: name
2026-07-15 01:40:56,811 - WARNING - Row 27 (Company): Missing required field: name
2026-07-15 01:40:56,812 - WARNING - Row 28 (Company): Missing required field: name
2026-07-15 01:40:56,812 - WARNING - Row 29 (Company): Missing required field: name
2026-07-15 01:40:56,813 - WARNING - Row 30 (Company): Missing required field: name
2026-07-15 01:40:56,814 - WARNING - Row 31 (Company): Missing required field: name
2026-07-15 01:40:56,815 - WARNING - Row 32 (Company): Missing required field: name
2026-07-15 01:40:56,816 - WARNING - Row 33 (Company): Missing required field: name
2026-07-15 01:40:56,818 - WARNING - Row 34 (Company): Missing required field: name
2026-07-15 01:40:56,818 - WARNING - Row 35 (Company): Missing required field: name
2026-07-15 01:40:56,819 - WARNING - Row 36 (Company): Missing required field: name
2026-07-15 01:40:56,820 - WARNING - Row 37 (Company): Missing required field: name
2026-07-15 01:40:56,820 - WARNING - Row 38 (Company): Missing required field: name
2026-07-15 01:40:56,821 - WARNING - Row 39 (Company): Missing required field: name
2026-07-15 01:40:56,822 - WARNING - Row 40 (Company): Missing required field: name
2026-07-15 01:40:56,823 - WARNING - Row 41 (Company): Missing required field: name
2026-07-15 01:40:56,824 - WARNING - Row 42 (Company): Missing required field: name
2026-07-15 01:40:56,824 - WARNING - Row 43 (Company): Missing required field: name
2026-07-15 01:40:56,825 - WARNING - Row 44 (Company): Missing required field: name
2026-07-15 01:40:56,825 - WARNING - Row 45 (Company): Missing required field: name
2026-07-15 01:40:56,826 - WARNING - Row 46 (Company): Missing required field: name
2026-07-15 01:40:56,827 - WARNING - Row 47 (Company): Missing required field: name
2026-07-15 01:40:56,828 - WARNING - Row 48 (Company): Missing required field: name
2026-07-15 01:40:56,828 - WARNING - Row 49 (Company): Missing required field: name
2026-07-15 01:40:56,829 - WARNING - Row 50 (Company): Missing required field: name
2026-07-15 01:40:56,830 - WARNING - Row 51 (Company): Missing required field: name
2026-07-15 01:40:56,830 - WARNING - Row 52 (Company): Missing required field: name
2026-07-15 01:40:56,831 - WARNING - Row 53 (Company): Missing required field: name
2026-07-15 01:40:56,833 - WARNING - Row 54 (Company): Missing required field: name
2026-07-15 01:40:56,834 - WARNING - Row 55 (Company): Missing required field: name
2026-07-15 01:40:56,835 - WARNING - Row 56 (Company): Missing required field: name
2026-07-15 01:40:56,835 - WARNING - Row 57 (Company): Missing required field: name
2026-07-15 01:40:56,836 - WARNING - Row 58 (Company): Missing required field: name
2026-07-15 01:40:56,836 - WARNING - Row 59 (Company): Missing required field: name
2026-07-15 01:40:56,837 - WARNING - Row 60 (Company): Missing required field: name
2026-07-15 01:40:56,838 - WARNING - Row 61 (Company): Missing required field: name
2026-07-15 01:40:56,838 - WARNING - Row 62 (Company): Missing required field: name
2026-07-15 01:40:56,839 - WARNING - Row 63 (Company): Missing required field: name
2026-07-15 01:40:56,840 - WARNING - Row 64 (Company): Missing required field: name
2026-07-15 01:40:56,840 - WARNING - Row 65 (Company): Missing required field: name
2026-07-15 01:40:56,841 - WARNING - Row 66 (Company): Missing required field: name
2026-07-15 01:40:56,842 - WARNING - Row 67 (Company): Missing required field: name
2026-07-15 01:40:56,842 - WARNING - Row 68 (Company): Missing required field: name
2026-07-15 01:40:56,843 - WARNING - Row 69 (Company): Missing required field: name
2026-07-15 01:40:56,844 - WARNING - Row 70 (Company): Missing required field: name
2026-07-15 01:40:56,845 - WARNING - Row 71 (Company): Missing required field: name
2026-07-15 01:40:56,845 - WARNING - Row 72 (Company): Missing required field: name
2026-07-15 01:40:56,846 - WARNING - Row 73 (Company): Missing required field: name
2026-07-15 01:40:56,847 - WARNING - Row 74 (Company): Missing required field: name
2026-07-15 01:40:56,847 - WARNING - Row 75 (Company): Missing required field: name
2026-07-15 01:40:56,848 - WARNING - Row 76 (Company): Missing required field: name
2026-07-15 01:40:56,849 - WARNING - Row 77 (Company): Missing required field: name
2026-07-15 01:40:56,851 - WARNING - Row 78 (Company): Missing required field: name
2026-07-15 01:40:56,852 - WARNING - Row 79 (Company): Missing required field: name
2026-07-15 01:40:56,853 - WARNING - Row 80 (Company): Missing required field: name
2026-07-15 01:40:56,854 - WARNING - Row 81 (Company): Missing required field: name
2026-07-15 01:40:56,854 - WARNING - Row 82 (Company): Missing required field: name
2026-07-15 01:40:56,855 - WARNING - Row 83 (Company): Missing required field: name
2026-07-15 01:40:56,855 - WARNING - Row 84 (Company): Missing required field: name
2026-07-15 01:40:56,856 - WARNING - Row 85 (Company): Missing required field: name
2026-07-15 01:40:56,857 - WARNING - Row 86 (Company): Missing required field: name
2026-07-15 01:40:56,857 - WARNING - Row 87 (Company): Missing required field: name
2026-07-15 01:40:56,858 - WARNING - Row 88 (Company): Missing required field: name
2026-07-15 01:40:56,859 - WARNING - Row 89 (Company): Missing required field: name
2026-07-15 01:40:56,859 - WARNING - Row 90 (Company): Missing required field: name
2026-07-15 01:40:56,860 - WARNING - Row 91 (Company): Missing required field: name
2026-07-15 01:40:56,861 - WARNING - Row 92 (Company): Missing required field: name
2026-07-15 01:40:56,861 - WARNING - Row 93 (Company): Missing required field: name
2026-07-15 01:40:56,862 - WARNING - Row 94 (Company): Missing required field: name
2026-07-15 01:40:56,863 - WARNING - Row 95 (Company): Missing required field: name
2026-07-15 01:40:56,864 - WARNING - Row 96 (Company): Missing required field: name
2026-07-15 01:40:56,865 - WARNING - Row 97 (Company): Missing required field: name
2026-07-15 01:40:56,866 - WARNING - Row 98 (Company): Missing required field: name
2026-07-15 01:40:56,867 - WARNING - Row 99 (Company): Missing required field: name
2026-07-15 01:40:56,868 - WARNING - Row 100 (Company): Missing required field: name
2026-07-15 01:40:56,868 - WARNING - Row 101 (Company): Missing required field: name
2026-07-15 01:40:56,869 - WARNING - Row 102 (Company): Missing required field: name
2026-07-15 01:40:56,870 - WARNING - Row 103 (Company): Missing required field: name
2026-07-15 01:40:56,871 - WARNING - Row 104 (Company): Missing required field: name
2026-07-15 01:40:56,871 - WARNING - Row 105 (Company): Missing required field: name
2026-07-15 01:40:56,872 - WARNING - Row 106 (Company): Missing required field: name
2026-07-15 01:40:56,873 - WARNING - Row 107 (Company): Missing required field: name
2026-07-15 01:40:56,873 - WARNING - Row 108 (Company): Missing required field: name
2026-07-15 01:40:56,874 - WARNING - Row 109 (Company): Missing required field: name
2026-07-15 01:40:56,875 - WARNING - Row 110 (Company): Missing required field: name
2026-07-15 01:40:56,875 - WARNING - Row 111 (Company): Missing required field: name
2026-07-15 01:40:56,876 - WARNING - Row 112 (Company): Missing required field: name
2026-07-15 01:40:56,877 - WARNING - Row 113 (Company): Missing required field: name
2026-07-15 01:40:56,877 - WARNING - Row 114 (Company): Missing required field: name
2026-07-15 01:40:56,878 - WARNING - Row 115 (Company): Missing required field: name
2026-07-15 01:40:56,878 - INFO - Importing Problems...
2026-07-15 01:40:56,879 - WARNING - Row 0 (Problem): Missing required field: category
2026-07-15 01:40:56,880 - WARNING - Row 1 (Problem): Missing required field: category
2026-07-15 01:40:56,881 - WARNING - Row 2 (Problem): Missing required field: category
2026-07-15 01:40:56,883 - WARNING - Row 3 (Problem): Missing required field: category
2026-07-15 01:40:56,884 - WARNING - Row 4 (Problem): Missing required field: category
2026-07-15 01:40:56,885 - WARNING - Row 5 (Problem): Missing required field: category
2026-07-15 01:40:56,886 - WARNING - Row 6 (Problem): Missing required field: category
2026-07-15 01:40:56,886 - WARNING - Row 7 (Problem): Missing required field: category
2026-07-15 01:40:56,887 - WARNING - Row 8 (Problem): Missing required field: category
2026-07-15 01:40:56,888 - WARNING - Row 9 (Problem): Missing required field: category
2026-07-15 01:40:56,888 - WARNING - Row 10 (Problem): Missing required field: category
2026-07-15 01:40:56,889 - WARNING - Row 11 (Problem): Missing required field: category
2026-07-15 01:40:56,890 - WARNING - Row 12 (Problem): Missing required field: category
2026-07-15 01:40:56,890 - WARNING - Row 13 (Problem): Missing required field: category
2026-07-15 01:40:56,891 - WARNING - Row 14 (Problem): Missing required field: category
2026-07-15 01:40:56,892 - WARNING - Row 15 (Problem): Missing required field: category
2026-07-15 01:40:56,893 - WARNING - Row 16 (Problem): Missing required field: category
2026-07-15 01:40:56,893 - WARNING - Row 17 (Problem): Missing required field: category
2026-07-15 01:40:56,894 - WARNING - Row 18 (Problem): Missing required field: category
2026-07-15 01:40:56,894 - WARNING - Row 19 (Problem): Missing required field: category
2026-07-15 01:40:56,895 - WARNING - Row 20 (Problem): Missing required field: category
2026-07-15 01:40:56,896 - WARNING - Row 21 (Problem): Missing required field: category
2026-07-15 01:40:56,896 - WARNING - Row 22 (Problem): Missing required field: category
2026-07-15 01:40:56,897 - WARNING - Row 23 (Problem): Missing required field: category
2026-07-15 01:40:56,898 - WARNING - Row 24 (Problem): Missing required field: category
2026-07-15 01:40:56,899 - WARNING - Row 25 (Problem): Missing required field: category
2026-07-15 01:40:56,900 - WARNING - Row 26 (Problem): Missing required field: category
2026-07-15 01:40:56,901 - WARNING - Row 27 (Problem): Missing required field: category
2026-07-15 01:40:56,902 - WARNING - Row 28 (Problem): Missing required field: category
2026-07-15 01:40:56,903 - WARNING - Row 29 (Problem): Missing required field: category
2026-07-15 01:40:56,904 - WARNING - Row 30 (Problem): Missing required field: category
2026-07-15 01:40:56,904 - WARNING - Row 31 (Problem): Missing required field: category
2026-07-15 01:40:56,905 - WARNING - Row 32 (Problem): Missing required field: category
2026-07-15 01:40:56,906 - WARNING - Row 33 (Problem): Missing required field: category
2026-07-15 01:40:56,907 - WARNING - Row 34 (Problem): Missing required field: category
2026-07-15 01:40:56,907 - WARNING - Row 35 (Problem): Missing required field: category
2026-07-15 01:40:56,908 - WARNING - Row 36 (Problem): Missing required field: category
2026-07-15 01:40:56,909 - WARNING - Row 37 (Problem): Missing required field: category
2026-07-15 01:40:56,910 - WARNING - Row 38 (Problem): Missing required field: category
2026-07-15 01:40:56,911 - WARNING - Row 39 (Problem): Missing required field: category
2026-07-15 01:40:56,912 - WARNING - Row 40 (Problem): Missing required field: category
2026-07-15 01:40:56,913 - WARNING - Row 41 (Problem): Missing required field: category
2026-07-15 01:40:56,914 - WARNING - Row 42 (Problem): Missing required field: category
2026-07-15 01:40:56,915 - WARNING - Row 43 (Problem): Missing required field: category
2026-07-15 01:40:56,917 - WARNING - Row 44 (Problem): Missing required field: category
2026-07-15 01:40:56,918 - WARNING - Row 45 (Problem): Missing required field: category
2026-07-15 01:40:56,919 - WARNING - Row 46 (Problem): Missing required field: category
2026-07-15 01:40:56,919 - WARNING - Row 47 (Problem): Missing required field: category
2026-07-15 01:40:56,920 - WARNING - Row 48 (Problem): Missing required field: category
2026-07-15 01:40:56,921 - WARNING - Row 49 (Problem): Missing required field: category
2026-07-15 01:40:56,921 - WARNING - Row 50 (Problem): Missing required field: category
2026-07-15 01:40:56,922 - WARNING - Row 51 (Problem): Missing required field: category
2026-07-15 01:40:56,923 - WARNING - Row 52 (Problem): Missing required field: category
2026-07-15 01:40:56,923 - WARNING - Row 53 (Problem): Missing required field: category
2026-07-15 01:40:56,924 - WARNING - Row 54 (Problem): Missing required field: category
2026-07-15 01:40:56,925 - WARNING - Row 55 (Problem): Missing required field: category
2026-07-15 01:40:56,925 - WARNING - Row 56 (Problem): Missing required field: category
2026-07-15 01:40:56,926 - WARNING - Row 57 (Problem): Missing required field: category
2026-07-15 01:40:56,927 - WARNING - Row 58 (Problem): Missing required field: category
2026-07-15 01:40:56,927 - WARNING - Row 59 (Problem): Missing required field: category
2026-07-15 01:40:56,928 - WARNING - Row 60 (Problem): Missing required field: category
2026-07-15 01:40:56,928 - WARNING - Row 61 (Problem): Missing required field: category
2026-07-15 01:40:56,929 - WARNING - Row 62 (Problem): Missing required field: category
2026-07-15 01:40:56,930 - WARNING - Row 63 (Problem): Missing required field: category
2026-07-15 01:40:56,931 - WARNING - Row 64 (Problem): Missing required field: category
2026-07-15 01:40:56,932 - WARNING - Row 65 (Problem): Missing required field: category
2026-07-15 01:40:56,934 - WARNING - Row 66 (Problem): Missing required field: category
2026-07-15 01:40:56,935 - WARNING - Row 67 (Problem): Missing required field: category
2026-07-15 01:40:56,935 - WARNING - Row 68 (Problem): Missing required field: category
2026-07-15 01:40:56,936 - WARNING - Row 69 (Problem): Missing required field: category
2026-07-15 01:40:56,936 - WARNING - Row 70 (Problem): Missing required field: category
2026-07-15 01:40:56,937 - INFO - Importing Mappings...
2026-07-15 01:40:56,938 - WARNING - Row 0 (Mapping): Missing company_name or problem_category
2026-07-15 01:40:56,938 - WARNING - Row 1 (Mapping): Missing company_name or problem_category
2026-07-15 01:40:56,939 - WARNING - Row 2 (Mapping): Missing company_name or problem_category
2026-07-15 01:40:56,940 - WARNING - Row 3 (Mapping): Missing company_name or problem_category
2026-07-15 01:40:56,940 - WARNING - Row 4 (Mapping): Missing company_name or problem_category
2026-07-15 01:40:56,941 - WARNING - Row 5 (Mapping): Missing company_name or problem_category
2026-07-15 01:40:56,942 - WARNING - Row 6 (Mapping): Missing company_name or problem_category
2026-07-15 01:40:56,942 - WARNING - Row 7 (Mapping): Missing company_name or problem_category
2026-07-15 01:40:56,943 - WARNING - Row 8 (Mapping): Missing company_name or problem_category
2026-07-15 01:40:56,944 - WARNING - Row 9 (Mapping): Missing company_name or problem_category
2026-07-15 01:40:56,945 - WARNING - Row 10 (Mapping): Missing company_name or problem_category
2026-07-15 01:40:56,946 - WARNING - Row 11 (Mapping): Missing company_name or problem_category
2026-07-15 01:40:56,946 - WARNING - Row 12 (Mapping): Missing company_name or problem_category
2026-07-15 01:40:56,947 - WARNING - Row 13 (Mapping): Missing company_name or problem_category
2026-07-15 01:40:56,948 - WARNING - Row 14 (Mapping): Missing company_name or problem_category
2026-07-15 01:40:56,949 - WARNING - Row 15 (Mapping): Missing company_name or problem_category
2026-07-15 01:40:56,950 - WARNING - Row 16 (Mapping): Missing company_name or problem_category
2026-07-15 01:40:56,950 - WARNING - Row 17 (Mapping): Missing company_name or problem_category
2026-07-15 01:40:56,951 - WARNING - Row 18 (Mapping): Missing company_name or problem_category
2026-07-15 01:40:56,952 - WARNING - Row 19 (Mapping): Missing company_name or problem_category
2026-07-15 01:40:56,953 - WARNING - Row 20 (Mapping): Missing company_name or problem_category
2026-07-15 01:40:56,953 - WARNING - Row 21 (Mapping): Missing company_name or problem_category
2026-07-15 01:40:56,954 - WARNING - Row 22 (Mapping): Missing company_name or problem_category
2026-07-15 01:40:56,955 - WARNING - Row 23 (Mapping): Missing company_name or problem_category
2026-07-15 01:40:56,956 - INFO - Transaction committed successfully.
2026-07-15 01:40:56,960 - INFO - Wrote import summary JSON to C:\Users\BISON TECH\Desktop\AIML\Proj\AI-Atlas\logs\import_summary.json
2026-07-15 01:40:56,999 - ERROR - Ingestion failed: (sqlite3.OperationalError) no such column: companies.news_last_refreshed
[SQL: SELECT count(*) AS count_1 
FROM (SELECT companies.slug AS companies_slug, companies.name AS companies_name, companies.country AS companies_country, companies.ai_category AS companies_ai_category, companies.segment_tags AS companies_segment_tags, companies.use_cases AS companies_use_cases, companies.top_german_customers AS companies_top_german_customers, companies.germany_presence AS companies_germany_presence, companies.company_type AS companies_company_type, companies.funding AS companies_funding, companies.estimated_revenue AS companies_estimated_revenue, companies.maturity AS companies_maturity, companies.deployment_evidence AS companies_deployment_evidence, companies.website AS companies_website, companies.source AS companies_source, companies.status AS companies_status, companies.news_last_refreshed AS companies_news_last_refreshed, companies.id AS companies_id, companies.created_at AS companies_created_at, companies.updated_at AS companies_updated_at, companies.is_deleted AS companies_is_deleted, companies.deleted_at AS companies_deleted_at 
FROM companies) AS anon_1]
(Background on this error at: https://sqlalche.me/e/20/e3q8)
2026-07-15 01:45:16,619 - INFO - Starting Dataset Ingestion Pipeline
2026-07-15 01:45:16,627 - INFO - Loaded 15 rows from sectors_reference.csv
2026-07-15 01:45:16,631 - INFO - Loaded 116 rows from companies_germany.csv
2026-07-15 01:45:16,634 - INFO - Loaded 71 rows from problems_germany.csv
2026-07-15 01:45:16,637 - INFO - Loaded 24 rows from problem_company_mapping.csv
2026-07-15 01:45:16,638 - INFO - Importing Sectors...
2026-07-15 01:45:16,772 - INFO - Importing Companies...
2026-07-15 01:45:16,779 - ERROR - Error importing company at row 0: (sqlite3.OperationalError) no such column: companies.news_last_refreshed
[SQL: SELECT companies.slug AS companies_slug, companies.name AS companies_name, companies.country AS companies_country, companies.ai_category AS companies_ai_category, companies.segment_tags AS companies_segment_tags, companies.use_cases AS companies_use_cases, companies.top_german_customers AS companies_top_german_customers, companies.germany_presence AS companies_germany_presence, companies.company_type AS companies_company_type, companies.funding AS companies_funding, companies.estimated_revenue AS companies_estimated_revenue, companies.maturity AS companies_maturity, companies.deployment_evidence AS companies_deployment_evidence, companies.website AS companies_website, companies.source AS companies_source, companies.status AS companies_status, companies.news_last_refreshed AS companies_news_last_refreshed, companies.id AS companies_id, companies.created_at AS companies_created_at, companies.updated_at AS companies_updated_at, companies.is_deleted AS companies_is_deleted, companies.deleted_at AS companies_deleted_at 
FROM companies 
WHERE companies.name = ? AND companies.is_deleted = 0
 LIMIT ? OFFSET ?]
[parameters: ('GEA Group AG', 1, 0)]
(Background on this error at: https://sqlalche.me/e/20/e3q8)
2026-07-15 01:45:16,781 - ERROR - Error importing company at row 1: (sqlite3.OperationalError) no such column: companies.news_last_refreshed
[SQL: SELECT companies.slug AS companies_slug, companies.name AS companies_name, companies.country AS companies_country, companies.ai_category AS companies_ai_category, companies.segment_tags AS companies_segment_tags, companies.use_cases AS companies_use_cases, companies.top_german_customers AS companies_top_german_customers, companies.germany_presence AS companies_germany_presence, companies.company_type AS companies_company_type, companies.funding AS companies_funding, companies.estimated_revenue AS companies_estimated_revenue, companies.maturity AS companies_maturity, companies.deployment_evidence AS companies_deployment_evidence, companies.website AS companies_website, companies.source AS companies_source, companies.status AS companies_status, companies.news_last_refreshed AS companies_news_last_refreshed, companies.id AS companies_id, companies.created_at AS companies_created_at, companies.updated_at AS companies_updated_at, companies.is_deleted AS companies_is_deleted, companies.deleted_at AS companies_deleted_at 
FROM companies 
WHERE companies.name = ? AND companies.is_deleted = 0
 LIMIT ? OFFSET ?]
[parameters: ('Marel', 1, 0)]
(Background on this error at: https://sqlalche.me/e/20/e3q8)
2026-07-15 01:45:16,783 - ERROR - Error importing company at row 2: (sqlite3.OperationalError) no such column: companies.news_last_refreshed
[SQL: SELECT companies.slug AS companies_slug, companies.name AS companies_name, companies.country AS companies_country, companies.ai_category AS companies_ai_category, companies.segment_tags AS companies_segment_tags, companies.use_cases AS companies_use_cases, companies.top_german_customers AS companies_top_german_customers, companies.germany_presence AS companies_germany_presence, companies.company_type AS companies_company_type, companies.funding AS companies_funding, companies.estimated_revenue AS companies_estimated_revenue, companies.maturity AS companies_maturity, companies.deployment_evidence AS companies_deployment_evidence, companies.website AS companies_website, companies.source AS companies_source, companies.status AS companies_status, companies.news_last_refreshed AS companies_news_last_refreshed, companies.id AS companies_id, companies.created_at AS companies_created_at, companies.updated_at AS companies_updated_at, companies.is_deleted AS companies_is_deleted, companies.deleted_at AS companies_deleted_at 
FROM companies 
WHERE companies.name = ? AND companies.is_deleted = 0
 LIMIT ? OFFSET ?]
[parameters: ('Bizerba SE & Co KG', 1, 0)]
(Background on this error at: https://sqlalche.me/e/20/e3q8)
2026-07-15 01:45:16,785 - ERROR - Error importing company at row 3: (sqlite3.OperationalError) no such column: companies.news_last_refreshed
[SQL: SELECT companies.slug AS companies_slug, companies.name AS companies_name, companies.country AS companies_country, companies.ai_category AS companies_ai_category, companies.segment_tags AS companies_segment_tags, companies.use_cases AS companies_use_cases, companies.top_german_customers AS companies_top_german_customers, companies.germany_presence AS companies_germany_presence, companies.company_type AS companies_company_type, companies.funding AS companies_funding, companies.estimated_revenue AS companies_estimated_revenue, companies.maturity AS companies_maturity, companies.deployment_evidence AS companies_deployment_evidence, companies.website AS companies_website, companies.source AS companies_source, companies.status AS companies_status, companies.news_last_refreshed AS companies_news_last_refreshed, companies.id AS companies_id, companies.created_at AS companies_created_at, companies.updated_at AS companies_updated_at, companies.is_deleted AS companies_is_deleted, companies.deleted_at AS companies_deleted_at 
FROM companies 
WHERE companies.name = ? AND companies.is_deleted = 0
 LIMIT ? OFFSET ?]
[parameters: ('Inspectra AG', 1, 0)]
(Background on this error at: https://sqlalche.me/e/20/e3q8)
2026-07-15 01:45:16,786 - ERROR - Error importing company at row 4: (sqlite3.OperationalError) no such column: companies.news_last_refreshed
[SQL: SELECT companies.slug AS companies_slug, companies.name AS companies_name, companies.country AS companies_country, companies.ai_category AS companies_ai_category, companies.segment_tags AS companies_segment_tags, companies.use_cases AS companies_use_cases, companies.top_german_customers AS companies_top_german_customers, companies.germany_presence AS companies_germany_presence, companies.company_type AS companies_company_type, companies.funding AS companies_funding, companies.estimated_revenue AS companies_estimated_revenue, companies.maturity AS companies_maturity, companies.deployment_evidence AS companies_deployment_evidence, companies.website AS companies_website, companies.source AS companies_source, companies.status AS companies_status, companies.news_last_refreshed AS companies_news_last_refreshed, companies.id AS companies_id, companies.created_at AS companies_created_at, companies.updated_at AS companies_updated_at, companies.is_deleted AS companies_is_deleted, companies.deleted_at AS companies_deleted_at 
FROM companies 
WHERE companies.name = ? AND companies.is_deleted = 0
 LIMIT ? OFFSET ?]
[parameters: ('Controlant', 1, 0)]
(Background on this error at: https://sqlalche.me/e/20/e3q8)
2026-07-15 01:45:16,787 - ERROR - Error importing company at row 5: (sqlite3.OperationalError) no such column: companies.news_last_refreshed
[SQL: SELECT companies.slug AS companies_slug, companies.name AS companies_name, companies.country AS companies_country, companies.ai_category AS companies_ai_category, companies.segment_tags AS companies_segment_tags, companies.use_cases AS companies_use_cases, companies.top_german_customers AS companies_top_german_customers, companies.germany_presence AS companies_germany_presence, companies.company_type AS companies_company_type, companies.funding AS companies_funding, companies.estimated_revenue AS companies_estimated_revenue, companies.maturity AS companies_maturity, companies.deployment_evidence AS companies_deployment_evidence, companies.website AS companies_website, companies.source AS companies_source, companies.status AS companies_status, companies.news_last_refreshed AS companies_news_last_refreshed, companies.id AS companies_id, companies.created_at AS companies_created_at, companies.updated_at AS companies_updated_at, companies.is_deleted AS companies_is_deleted, companies.deleted_at AS companies_deleted_at 
FROM companies 
WHERE companies.name = ? AND companies.is_deleted = 0
 LIMIT ? OFFSET ?]
[parameters: ('Endress+Hauser', 1, 0)]
(Background on this error at: https://sqlalche.me/e/20/e3q8)
2026-07-15 01:45:16,789 - ERROR - Error importing company at row 6: (sqlite3.OperationalError) no such column: companies.news_last_refreshed
[SQL: SELECT companies.slug AS companies_slug, companies.name AS companies_name, companies.country AS companies_country, companies.ai_category AS companies_ai_category, companies.segment_tags AS companies_segment_tags, companies.use_cases AS companies_use_cases, companies.top_german_customers AS companies_top_german_customers, companies.germany_presence AS companies_germany_presence, companies.company_type AS companies_company_type, companies.funding AS companies_funding, companies.estimated_revenue AS companies_estimated_revenue, companies.maturity AS companies_maturity, companies.deployment_evidence AS companies_deployment_evidence, companies.website AS companies_website, companies.source AS companies_source, companies.status AS companies_status, companies.news_last_refreshed AS companies_news_last_refreshed, companies.id AS companies_id, companies.created_at AS companies_created_at, companies.updated_at AS companies_updated_at, companies.is_deleted AS companies_is_deleted, companies.deleted_at AS companies_deleted_at 
FROM companies 
WHERE companies.name = ? AND companies.is_deleted = 0
 LIMIT ? OFFSET ?]
[parameters: ('AspenTech (Emerson)', 1, 0)]
(Background on this error at: https://sqlalche.me/e/20/e3q8)
2026-07-15 01:45:16,791 - ERROR - Error importing company at row 7: (sqlite3.OperationalError) no such column: companies.news_last_refreshed
[SQL: SELECT companies.slug AS companies_slug, companies.name AS companies_name, companies.country AS companies_country, companies.ai_category AS companies_ai_category, companies.segment_tags AS companies_segment_tags, companies.use_cases AS companies_use_cases, companies.top_german_customers AS companies_top_german_customers, companies.germany_presence AS companies_germany_presence, companies.company_type AS companies_company_type, companies.funding AS companies_funding, companies.estimated_revenue AS companies_estimated_revenue, companies.maturity AS companies_maturity, companies.deployment_evidence AS companies_deployment_evidence, companies.website AS companies_website, companies.source AS companies_source, companies.status AS companies_status, companies.news_last_refreshed AS companies_news_last_refreshed, companies.id AS companies_id, companies.created_at AS companies_created_at, companies.updated_at AS companies_updated_at, companies.is_deleted AS companies_is_deleted, companies.deleted_at AS companies_deleted_at 
FROM companies 
WHERE companies.name = ? AND companies.is_deleted = 0
 LIMIT ? OFFSET ?]
[parameters: ('Aveva (Schneider Electric)', 1, 0)]
(Background on this error at: https://sqlalche.me/e/20/e3q8)
2026-07-15 01:45:16,793 - ERROR - Error importing company at row 8: (sqlite3.OperationalError) no such column: companies.news_last_refreshed
[SQL: SELECT companies.slug AS companies_slug, companies.name AS companies_name, companies.country AS companies_country, companies.ai_category AS companies_ai_category, companies.segment_tags AS companies_segment_tags, companies.use_cases AS companies_use_cases, companies.top_german_customers AS companies_top_german_customers, companies.germany_presence AS companies_germany_presence, companies.company_type AS companies_company_type, companies.funding AS companies_funding, companies.estimated_revenue AS companies_estimated_revenue, companies.maturity AS companies_maturity, companies.deployment_evidence AS companies_deployment_evidence, companies.website AS companies_website, companies.source AS companies_source, companies.status AS companies_status, companies.news_last_refreshed AS companies_news_last_refreshed, companies.id AS companies_id, companies.created_at AS companies_created_at, companies.updated_at AS companies_updated_at, companies.is_deleted AS companies_is_deleted, companies.deleted_at AS companies_deleted_at 
FROM companies 
WHERE companies.name = ? AND companies.is_deleted = 0
 LIMIT ? OFFSET ?]
[parameters: ('Tetra Pak', 1, 0)]
(Background on this error at: https://sqlalche.me/e/20/e3q8)
2026-07-15 01:45:16,794 - ERROR - Error importing company at row 9: (sqlite3.OperationalError) no such column: companies.news_last_refreshed
[SQL: SELECT companies.slug AS companies_slug, companies.name AS companies_name, companies.country AS companies_country, companies.ai_category AS companies_ai_category, companies.segment_tags AS companies_segment_tags, companies.use_cases AS companies_use_cases, companies.top_german_customers AS companies_top_german_customers, companies.germany_presence AS companies_germany_presence, companies.company_type AS companies_company_type, companies.funding AS companies_funding, companies.estimated_revenue AS companies_estimated_revenue, companies.maturity AS companies_maturity, companies.deployment_evidence AS companies_deployment_evidence, companies.website AS companies_website, companies.source AS companies_source, companies.status AS companies_status, companies.news_last_refreshed AS companies_news_last_refreshed, companies.id AS companies_id, companies.created_at AS companies_created_at, companies.updated_at AS companies_updated_at, companies.is_deleted AS companies_is_deleted, companies.deleted_at AS companies_deleted_at 
FROM companies 
WHERE companies.name = ? AND companies.is_deleted = 0
 LIMIT ? OFFSET ?]
[parameters: ('Seeq Corporation', 1, 0)]
(Background on this error at: https://sqlalche.me/e/20/e3q8)
2026-07-15 01:45:16,796 - ERROR - Error importing company at row 10: (sqlite3.OperationalError) no such column: companies.news_last_refreshed
[SQL: SELECT companies.slug AS companies_slug, companies.name AS companies_name, companies.country AS companies_country, companies.ai_category AS companies_ai_category, companies.segment_tags AS companies_segment_tags, companies.use_cases AS companies_use_cases, companies.top_german_customers AS companies_top_german_customers, companies.germany_presence AS companies_germany_presence, companies.company_type AS companies_company_type, companies.funding AS companies_funding, companies.estimated_revenue AS companies_estimated_revenue, companies.maturity AS companies_maturity, companies.deployment_evidence AS companies_deployment_evidence, companies.website AS companies_website, companies.source AS companies_source, companies.status AS companies_status, companies.news_last_refreshed AS companies_news_last_refreshed, companies.id AS companies_id, companies.created_at AS companies_created_at, companies.updated_at AS companies_updated_at, companies.is_deleted AS companies_is_deleted, companies.deleted_at AS companies_deleted_at 
FROM companies 
WHERE companies.name = ? AND companies.is_deleted = 0
 LIMIT ? OFFSET ?]
[parameters: ('Oritain', 1, 0)]
(Background on this error at: https://sqlalche.me/e/20/e3q8)
2026-07-15 01:45:16,797 - ERROR - Error importing company at row 11: (sqlite3.OperationalError) no such column: companies.news_last_refreshed
[SQL: SELECT companies.slug AS companies_slug, companies.name AS companies_name, companies.country AS companies_country, companies.ai_category AS companies_ai_category, companies.segment_tags AS companies_segment_tags, companies.use_cases AS companies_use_cases, companies.top_german_customers AS companies_top_german_customers, companies.germany_presence AS companies_germany_presence, companies.company_type AS companies_company_type, companies.funding AS companies_funding, companies.estimated_revenue AS companies_estimated_revenue, companies.maturity AS companies_maturity, companies.deployment_evidence AS companies_deployment_evidence, companies.website AS companies_website, companies.source AS companies_source, companies.status AS companies_status, companies.news_last_refreshed AS companies_news_last_refreshed, companies.id AS companies_id, companies.created_at AS companies_created_at, companies.updated_at AS companies_updated_at, companies.is_deleted AS companies_is_deleted, companies.deleted_at AS companies_deleted_at 
FROM companies 
WHERE companies.name = ? AND companies.is_deleted = 0
 LIMIT ? OFFSET ?]
[parameters: ('Bosch Rexroth AG', 1, 0)]
(Background on this error at: https://sqlalche.me/e/20/e3q8)
2026-07-15 01:45:16,799 - ERROR - Error importing company at row 12: (sqlite3.OperationalError) no such column: companies.news_last_refreshed
[SQL: SELECT companies.slug AS companies_slug, companies.name AS companies_name, companies.country AS companies_country, companies.ai_category AS companies_ai_category, companies.segment_tags AS companies_segment_tags, companies.use_cases AS companies_use_cases, companies.top_german_customers AS companies_top_german_customers, companies.germany_presence AS companies_germany_presence, companies.company_type AS companies_company_type, companies.funding AS companies_funding, companies.estimated_revenue AS companies_estimated_revenue, companies.maturity AS companies_maturity, companies.deployment_evidence AS companies_deployment_evidence, companies.website AS companies_website, companies.source AS companies_source, companies.status AS companies_status, companies.news_last_refreshed AS companies_news_last_refreshed, companies.id AS companies_id, companies.created_at AS companies_created_at, companies.updated_at AS companies_updated_at, companies.is_deleted AS companies_is_deleted, companies.deleted_at AS companies_deleted_at 
FROM companies 
WHERE companies.name = ? AND companies.is_deleted = 0
 LIMIT ? OFFSET ?]
[parameters: ('FOSS Analytics', 1, 0)]
(Background on this error at: https://sqlalche.me/e/20/e3q8)
2026-07-15 01:45:16,800 - ERROR - Error importing company at row 13: (sqlite3.OperationalError) no such column: companies.news_last_refreshed
[SQL: SELECT companies.slug AS companies_slug, companies.name AS companies_name, companies.country AS companies_country, companies.ai_category AS companies_ai_category, companies.segment_tags AS companies_segment_tags, companies.use_cases AS companies_use_cases, companies.top_german_customers AS companies_top_german_customers, companies.germany_presence AS companies_germany_presence, companies.company_type AS companies_company_type, companies.funding AS companies_funding, companies.estimated_revenue AS companies_estimated_revenue, companies.maturity AS companies_maturity, companies.deployment_evidence AS companies_deployment_evidence, companies.website AS companies_website, companies.source AS companies_source, companies.status AS companies_status, companies.news_last_refreshed AS companies_news_last_refreshed, companies.id AS companies_id, companies.created_at AS companies_created_at, companies.updated_at AS companies_updated_at, companies.is_deleted AS companies_is_deleted, companies.deleted_at AS companies_deleted_at 
FROM companies 
WHERE companies.name = ? AND companies.is_deleted = 0
 LIMIT ? OFFSET ?]
[parameters: ('TOMRA', 1, 0)]
(Background on this error at: https://sqlalche.me/e/20/e3q8)
2026-07-15 01:45:16,802 - ERROR - Error importing company at row 14: (sqlite3.OperationalError) no such column: companies.news_last_refreshed
[SQL: SELECT companies.slug AS companies_slug, companies.name AS companies_name, companies.country AS companies_country, companies.ai_category AS companies_ai_category, companies.segment_tags AS companies_segment_tags, companies.use_cases AS companies_use_cases, companies.top_german_customers AS companies_top_german_customers, companies.germany_presence AS companies_germany_presence, companies.company_type AS companies_company_type, companies.funding AS companies_funding, companies.estimated_revenue AS companies_estimated_revenue, companies.maturity AS companies_maturity, companies.deployment_evidence AS companies_deployment_evidence, companies.website AS companies_website, companies.source AS companies_source, companies.status AS companies_status, companies.news_last_refreshed AS companies_news_last_refreshed, companies.id AS companies_id, companies.created_at AS companies_created_at, companies.updated_at AS companies_updated_at, companies.is_deleted AS companies_is_deleted, companies.deleted_at AS companies_deleted_at 
FROM companies 
WHERE companies.name = ? AND companies.is_deleted = 0
 LIMIT ? OFFSET ?]
[parameters: ('Aryballe', 1, 0)]
(Background on this error at: https://sqlalche.me/e/20/e3q8)
2026-07-15 01:45:16,803 - ERROR - Error importing company at row 15: (sqlite3.OperationalError) no such column: companies.news_last_refreshed
[SQL: SELECT companies.slug AS companies_slug, companies.name AS companies_name, companies.country AS companies_country, companies.ai_category AS companies_ai_category, companies.segment_tags AS companies_segment_tags, companies.use_cases AS companies_use_cases, companies.top_german_customers AS companies_top_german_customers, companies.germany_presence AS companies_germany_presence, companies.company_type AS companies_company_type, companies.funding AS companies_funding, companies.estimated_revenue AS companies_estimated_revenue, companies.maturity AS companies_maturity, companies.deployment_evidence AS companies_deployment_evidence, companies.website AS companies_website, companies.source AS companies_source, companies.status AS companies_status, companies.news_last_refreshed AS companies_news_last_refreshed, companies.id AS companies_id, companies.created_at AS companies_created_at, companies.updated_at AS companies_updated_at, companies.is_deleted AS companies_is_deleted, companies.deleted_at AS companies_deleted_at 
FROM companies 
WHERE companies.name = ? AND companies.is_deleted = 0
 LIMIT ? OFFSET ?]
[parameters: ('Bürkert Fluid Control', 1, 0)]
(Background on this error at: https://sqlalche.me/e/20/e3q8)
2026-07-15 01:45:16,805 - ERROR - Error importing company at row 16: (sqlite3.OperationalError) no such column: companies.news_last_refreshed
[SQL: SELECT companies.slug AS companies_slug, companies.name AS companies_name, companies.country AS companies_country, companies.ai_category AS companies_ai_category, companies.segment_tags AS companies_segment_tags, companies.use_cases AS companies_use_cases, companies.top_german_customers AS companies_top_german_customers, companies.germany_presence AS companies_germany_presence, companies.company_type AS companies_company_type, companies.funding AS companies_funding, companies.estimated_revenue AS companies_estimated_revenue, companies.maturity AS companies_maturity, companies.deployment_evidence AS companies_deployment_evidence, companies.website AS companies_website, companies.source AS companies_source, companies.status AS companies_status, companies.news_last_refreshed AS companies_news_last_refreshed, companies.id AS companies_id, companies.created_at AS companies_created_at, companies.updated_at AS companies_updated_at, companies.is_deleted AS companies_is_deleted, companies.deleted_at AS companies_deleted_at 
FROM companies 
WHERE companies.name = ? AND companies.is_deleted = 0
 LIMIT ? OFFSET ?]
[parameters: ('Tastewise', 1, 0)]
(Background on this error at: https://sqlalche.me/e/20/e3q8)
2026-07-15 01:45:16,807 - ERROR - Error importing company at row 17: (sqlite3.OperationalError) no such column: companies.news_last_refreshed
[SQL: SELECT companies.slug AS companies_slug, companies.name AS companies_name, companies.country AS companies_country, companies.ai_category AS companies_ai_category, companies.segment_tags AS companies_segment_tags, companies.use_cases AS companies_use_cases, companies.top_german_customers AS companies_top_german_customers, companies.germany_presence AS companies_germany_presence, companies.company_type AS companies_company_type, companies.funding AS companies_funding, companies.estimated_revenue AS companies_estimated_revenue, companies.maturity AS companies_maturity, companies.deployment_evidence AS companies_deployment_evidence, companies.website AS companies_website, companies.source AS companies_source, companies.status AS companies_status, companies.news_last_refreshed AS companies_news_last_refreshed, companies.id AS companies_id, companies.created_at AS companies_created_at, companies.updated_at AS companies_updated_at, companies.is_deleted AS companies_is_deleted, companies.deleted_at AS companies_deleted_at 
FROM companies 
WHERE companies.name = ? AND companies.is_deleted = 0
 LIMIT ? OFFSET ?]
[parameters: ('Yokogawa Electric', 1, 0)]
(Background on this error at: https://sqlalche.me/e/20/e3q8)
2026-07-15 01:45:16,811 - ERROR - Error importing company at row 18: (sqlite3.OperationalError) no such column: companies.news_last_refreshed
[SQL: SELECT companies.slug AS companies_slug, companies.name AS companies_name, companies.country AS companies_country, companies.ai_category AS companies_ai_category, companies.segment_tags AS companies_segment_tags, companies.use_cases AS companies_use_cases, companies.top_german_customers AS companies_top_german_customers, companies.germany_presence AS companies_germany_presence, companies.company_type AS companies_company_type, companies.funding AS companies_funding, companies.estimated_revenue AS companies_estimated_revenue, companies.maturity AS companies_maturity, companies.deployment_evidence AS companies_deployment_evidence, companies.website AS companies_website, companies.source AS companies_source, companies.status AS companies_status, companies.news_last_refreshed AS companies_news_last_refreshed, companies.id AS companies_id, companies.created_at AS companies_created_at, companies.updated_at AS companies_updated_at, companies.is_deleted AS companies_is_deleted, companies.deleted_at AS companies_deleted_at 
FROM companies 
WHERE companies.name = ? AND companies.is_deleted = 0
 LIMIT ? OFFSET ?]
[parameters: ('Picnic Technologies', 1, 0)]
(Background on this error at: https://sqlalche.me/e/20/e3q8)
2026-07-15 01:45:16,813 - ERROR - Error importing company at row 19: (sqlite3.OperationalError) no such column: companies.news_last_refreshed
[SQL: SELECT companies.slug AS companies_slug, companies.name AS companies_name, companies.country AS companies_country, companies.ai_category AS companies_ai_category, companies.segment_tags AS companies_segment_tags, companies.use_cases AS companies_use_cases, companies.top_german_customers AS companies_top_german_customers, companies.germany_presence AS companies_germany_presence, companies.company_type AS companies_company_type, companies.funding AS companies_funding, companies.estimated_revenue AS companies_estimated_revenue, companies.maturity AS companies_maturity, companies.deployment_evidence AS companies_deployment_evidence, companies.website AS companies_website, companies.source AS companies_source, companies.status AS companies_status, companies.news_last_refreshed AS companies_news_last_refreshed, companies.id AS companies_id, companies.created_at AS companies_created_at, companies.updated_at AS companies_updated_at, companies.is_deleted AS companies_is_deleted, companies.deleted_at AS companies_deleted_at 
FROM companies 
WHERE companies.name = ? AND companies.is_deleted = 0
 LIMIT ? OFFSET ?]
[parameters: ('Rügenwalder Mühle', 1, 0)]
(Background on this error at: https://sqlalche.me/e/20/e3q8)
2026-07-15 01:45:16,814 - ERROR - Error importing company at row 20: (sqlite3.OperationalError) no such column: companies.news_last_refreshed
[SQL: SELECT companies.slug AS companies_slug, companies.name AS companies_name, companies.country AS companies_country, companies.ai_category AS companies_ai_category, companies.segment_tags AS companies_segment_tags, companies.use_cases AS companies_use_cases, companies.top_german_customers AS companies_top_german_customers, companies.germany_presence AS companies_germany_presence, companies.company_type AS companies_company_type, companies.funding AS companies_funding, companies.estimated_revenue AS companies_estimated_revenue, companies.maturity AS companies_maturity, companies.deployment_evidence AS companies_deployment_evidence, companies.website AS companies_website, companies.source AS companies_source, companies.status AS companies_status, companies.news_last_refreshed AS companies_news_last_refreshed, companies.id AS companies_id, companies.created_at AS companies_created_at, companies.updated_at AS companies_updated_at, companies.is_deleted AS companies_is_deleted, companies.deleted_at AS companies_deleted_at 
FROM companies 
WHERE companies.name = ? AND companies.is_deleted = 0
 LIMIT ? OFFSET ?]
[parameters: ('testo SE & Co KGaA', 1, 0)]
(Background on this error at: https://sqlalche.me/e/20/e3q8)
2026-07-15 01:45:16,816 - ERROR - Error importing company at row 21: (sqlite3.OperationalError) no such column: companies.news_last_refreshed
[SQL: SELECT companies.slug AS companies_slug, companies.name AS companies_name, companies.country AS companies_country, companies.ai_category AS companies_ai_category, companies.segment_tags AS companies_segment_tags, companies.use_cases AS companies_use_cases, companies.top_german_customers AS companies_top_german_customers, companies.germany_presence AS companies_germany_presence, companies.company_type AS companies_company_type, companies.funding AS companies_funding, companies.estimated_revenue AS companies_estimated_revenue, companies.maturity AS companies_maturity, companies.deployment_evidence AS companies_deployment_evidence, companies.website AS companies_website, companies.source AS companies_source, companies.status AS companies_status, companies.news_last_refreshed AS companies_news_last_refreshed, companies.id AS companies_id, companies.created_at AS companies_created_at, companies.updated_at AS companies_updated_at, companies.is_deleted AS companies_is_deleted, companies.deleted_at AS companies_deleted_at 
FROM companies 
WHERE companies.name = ? AND companies.is_deleted = 0
 LIMIT ? OFFSET ?]
[parameters: ('Fero Labs', 1, 0)]
(Background on this error at: https://sqlalche.me/e/20/e3q8)
2026-07-15 01:45:16,817 - ERROR - Error importing company at row 22: (sqlite3.OperationalError) no such column: companies.news_last_refreshed
[SQL: SELECT companies.slug AS companies_slug, companies.name AS companies_name, companies.country AS companies_country, companies.ai_category AS companies_ai_category, companies.segment_tags AS companies_segment_tags, companies.use_cases AS companies_use_cases, companies.top_german_customers AS companies_top_german_customers, companies.germany_presence AS companies_germany_presence, companies.company_type AS companies_company_type, companies.funding AS companies_funding, companies.estimated_revenue AS companies_estimated_revenue, companies.maturity AS companies_maturity, companies.deployment_evidence AS companies_deployment_evidence, companies.website AS companies_website, companies.source AS companies_source, companies.status AS companies_status, companies.news_last_refreshed AS companies_news_last_refreshed, companies.id AS companies_id, companies.created_at AS companies_created_at, companies.updated_at AS companies_updated_at, companies.is_deleted AS companies_is_deleted, companies.deleted_at AS companies_deleted_at 
FROM companies 
WHERE companies.name = ? AND companies.is_deleted = 0
 LIMIT ? OFFSET ?]
[parameters: ('NotCo', 1, 0)]
(Background on this error at: https://sqlalche.me/e/20/e3q8)
2026-07-15 01:45:16,819 - ERROR - Error importing company at row 23: (sqlite3.OperationalError) no such column: companies.news_last_refreshed
[SQL: SELECT companies.slug AS companies_slug, companies.name AS companies_name, companies.country AS companies_country, companies.ai_category AS companies_ai_category, companies.segment_tags AS companies_segment_tags, companies.use_cases AS companies_use_cases, companies.top_german_customers AS companies_top_german_customers, companies.germany_presence AS companies_germany_presence, companies.company_type AS companies_company_type, companies.funding AS companies_funding, companies.estimated_revenue AS companies_estimated_revenue, companies.maturity AS companies_maturity, companies.deployment_evidence AS companies_deployment_evidence, companies.website AS companies_website, companies.source AS companies_source, companies.status AS companies_status, companies.news_last_refreshed AS companies_news_last_refreshed, companies.id AS companies_id, companies.created_at AS companies_created_at, companies.updated_at AS companies_updated_at, companies.is_deleted AS companies_is_deleted, companies.deleted_at AS companies_deleted_at 
FROM companies 
WHERE companies.name = ? AND companies.is_deleted = 0
 LIMIT ? OFFSET ?]
[parameters: ('Lineage Logistics (AI Division)', 1, 0)]
(Background on this error at: https://sqlalche.me/e/20/e3q8)
2026-07-15 01:45:16,821 - ERROR - Error importing company at row 24: (sqlite3.OperationalError) no such column: companies.news_last_refreshed
[SQL: SELECT companies.slug AS companies_slug, companies.name AS companies_name, companies.country AS companies_country, companies.ai_category AS companies_ai_category, companies.segment_tags AS companies_segment_tags, companies.use_cases AS companies_use_cases, companies.top_german_customers AS companies_top_german_customers, companies.germany_presence AS companies_germany_presence, companies.company_type AS companies_company_type, companies.funding AS companies_funding, companies.estimated_revenue AS companies_estimated_revenue, companies.maturity AS companies_maturity, companies.deployment_evidence AS companies_deployment_evidence, companies.website AS companies_website, companies.source AS companies_source, companies.status AS companies_status, companies.news_last_refreshed AS companies_news_last_refreshed, companies.id AS companies_id, companies.created_at AS companies_created_at, companies.updated_at AS companies_updated_at, companies.is_deleted AS companies_is_deleted, companies.deleted_at AS companies_deleted_at 
FROM companies 
WHERE companies.name = ? AND companies.is_deleted = 0
 LIMIT ? OFFSET ?]
[parameters: ('ABB Robotics', 1, 0)]
(Background on this error at: https://sqlalche.me/e/20/e3q8)
2026-07-15 01:45:16,823 - ERROR - Error importing company at row 25: (sqlite3.OperationalError) no such column: companies.news_last_refreshed
[SQL: SELECT companies.slug AS companies_slug, companies.name AS companies_name, companies.country AS companies_country, companies.ai_category AS companies_ai_category, companies.segment_tags AS companies_segment_tags, companies.use_cases AS companies_use_cases, companies.top_german_customers AS companies_top_german_customers, companies.germany_presence AS companies_germany_presence, companies.company_type AS companies_company_type, companies.funding AS companies_funding, companies.estimated_revenue AS companies_estimated_revenue, companies.maturity AS companies_maturity, companies.deployment_evidence AS companies_deployment_evidence, companies.website AS companies_website, companies.source AS companies_source, companies.status AS companies_status, companies.news_last_refreshed AS companies_news_last_refreshed, companies.id AS companies_id, companies.created_at AS companies_created_at, companies.updated_at AS companies_updated_at, companies.is_deleted AS companies_is_deleted, companies.deleted_at AS companies_deleted_at 
FROM companies 
WHERE companies.name = ? AND companies.is_deleted = 0
 LIMIT ? OFFSET ?]
[parameters: ('KUKA AG', 1, 0)]
(Background on this error at: https://sqlalche.me/e/20/e3q8)
2026-07-15 01:45:16,825 - ERROR - Error importing company at row 26: (sqlite3.OperationalError) no such column: companies.news_last_refreshed
[SQL: SELECT companies.slug AS companies_slug, companies.name AS companies_name, companies.country AS companies_country, companies.ai_category AS companies_ai_category, companies.segment_tags AS companies_segment_tags, companies.use_cases AS companies_use_cases, companies.top_german_customers AS companies_top_german_customers, companies.germany_presence AS companies_germany_presence, companies.company_type AS companies_company_type, companies.funding AS companies_funding, companies.estimated_revenue AS companies_estimated_revenue, companies.maturity AS companies_maturity, companies.deployment_evidence AS companies_deployment_evidence, companies.website AS companies_website, companies.source AS companies_source, companies.status AS companies_status, companies.news_last_refreshed AS companies_news_last_refreshed, companies.id AS companies_id, companies.created_at AS companies_created_at, companies.updated_at AS companies_updated_at, companies.is_deleted AS companies_is_deleted, companies.deleted_at AS companies_deleted_at 
FROM companies 
WHERE companies.name = ? AND companies.is_deleted = 0
 LIMIT ? OFFSET ?]
[parameters: ('Stäubli Robotics', 1, 0)]
(Background on this error at: https://sqlalche.me/e/20/e3q8)
2026-07-15 01:45:16,826 - ERROR - Error importing company at row 27: (sqlite3.OperationalError) no such column: companies.news_last_refreshed
[SQL: SELECT companies.slug AS companies_slug, companies.name AS companies_name, companies.country AS companies_country, companies.ai_category AS companies_ai_category, companies.segment_tags AS companies_segment_tags, companies.use_cases AS companies_use_cases, companies.top_german_customers AS companies_top_german_customers, companies.germany_presence AS companies_germany_presence, companies.company_type AS companies_company_type, companies.funding AS companies_funding, companies.estimated_revenue AS companies_estimated_revenue, companies.maturity AS companies_maturity, companies.deployment_evidence AS companies_deployment_evidence, companies.website AS companies_website, companies.source AS companies_source, companies.status AS companies_status, companies.news_last_refreshed AS companies_news_last_refreshed, companies.id AS companies_id, companies.created_at AS companies_created_at, companies.updated_at AS companies_updated_at, companies.is_deleted AS companies_is_deleted, companies.deleted_at AS companies_deleted_at 
FROM companies 
WHERE companies.name = ? AND companies.is_deleted = 0
 LIMIT ? OFFSET ?]
[parameters: ('Kawasaki Robotics', 1, 0)]
(Background on this error at: https://sqlalche.me/e/20/e3q8)
2026-07-15 01:45:16,828 - ERROR - Error importing company at row 28: (sqlite3.OperationalError) no such column: companies.news_last_refreshed
[SQL: SELECT companies.slug AS companies_slug, companies.name AS companies_name, companies.country AS companies_country, companies.ai_category AS companies_ai_category, companies.segment_tags AS companies_segment_tags, companies.use_cases AS companies_use_cases, companies.top_german_customers AS companies_top_german_customers, companies.germany_presence AS companies_germany_presence, companies.company_type AS companies_company_type, companies.funding AS companies_funding, companies.estimated_revenue AS companies_estimated_revenue, companies.maturity AS companies_maturity, companies.deployment_evidence AS companies_deployment_evidence, companies.website AS companies_website, companies.source AS companies_source, companies.status AS companies_status, companies.news_last_refreshed AS companies_news_last_refreshed, companies.id AS companies_id, companies.created_at AS companies_created_at, companies.updated_at AS companies_updated_at, companies.is_deleted AS companies_is_deleted, companies.deleted_at AS companies_deleted_at 
FROM companies 
WHERE companies.name = ? AND companies.is_deleted = 0
 LIMIT ? OFFSET ?]
[parameters: ('Veolia Deutschland', 1, 0)]
(Background on this error at: https://sqlalche.me/e/20/e3q8)
2026-07-15 01:45:16,830 - ERROR - Error importing company at row 29: (sqlite3.OperationalError) no such column: companies.news_last_refreshed
[SQL: SELECT companies.slug AS companies_slug, companies.name AS companies_name, companies.country AS companies_country, companies.ai_category AS companies_ai_category, companies.segment_tags AS companies_segment_tags, companies.use_cases AS companies_use_cases, companies.top_german_customers AS companies_top_german_customers, companies.germany_presence AS companies_germany_presence, companies.company_type AS companies_company_type, companies.funding AS companies_funding, companies.estimated_revenue AS companies_estimated_revenue, companies.maturity AS companies_maturity, companies.deployment_evidence AS companies_deployment_evidence, companies.website AS companies_website, companies.source AS companies_source, companies.status AS companies_status, companies.news_last_refreshed AS companies_news_last_refreshed, companies.id AS companies_id, companies.created_at AS companies_created_at, companies.updated_at AS companies_updated_at, companies.is_deleted AS companies_is_deleted, companies.deleted_at AS companies_deleted_at 
FROM companies 
WHERE companies.name = ? AND companies.is_deleted = 0
 LIMIT ? OFFSET ?]
[parameters: ('Alfa Laval AB', 1, 0)]
(Background on this error at: https://sqlalche.me/e/20/e3q8)
2026-07-15 01:45:16,832 - ERROR - Error importing company at row 30: (sqlite3.OperationalError) no such column: companies.news_last_refreshed
[SQL: SELECT companies.slug AS companies_slug, companies.name AS companies_name, companies.country AS companies_country, companies.ai_category AS companies_ai_category, companies.segment_tags AS companies_segment_tags, companies.use_cases AS companies_use_cases, companies.top_german_customers AS companies_top_german_customers, companies.germany_presence AS companies_germany_presence, companies.company_type AS companies_company_type, companies.funding AS companies_funding, companies.estimated_revenue AS companies_estimated_revenue, companies.maturity AS companies_maturity, companies.deployment_evidence AS companies_deployment_evidence, companies.website AS companies_website, companies.source AS companies_source, companies.status AS companies_status, companies.news_last_refreshed AS companies_news_last_refreshed, companies.id AS companies_id, companies.created_at AS companies_created_at, companies.updated_at AS companies_updated_at, companies.is_deleted AS companies_is_deleted, companies.deleted_at AS companies_deleted_at 
FROM companies 
WHERE companies.name = ? AND companies.is_deleted = 0
 LIMIT ? OFFSET ?]
[parameters: ('GF Piping Systems (Georg Fischer)', 1, 0)]
(Background on this error at: https://sqlalche.me/e/20/e3q8)
2026-07-15 01:45:16,833 - ERROR - Error importing company at row 31: (sqlite3.OperationalError) no such column: companies.news_last_refreshed
[SQL: SELECT companies.slug AS companies_slug, companies.name AS companies_name, companies.country AS companies_country, companies.ai_category AS companies_ai_category, companies.segment_tags AS companies_segment_tags, companies.use_cases AS companies_use_cases, companies.top_german_customers AS companies_top_german_customers, companies.germany_presence AS companies_germany_presence, companies.company_type AS companies_company_type, companies.funding AS companies_funding, companies.estimated_revenue AS companies_estimated_revenue, companies.maturity AS companies_maturity, companies.deployment_evidence AS companies_deployment_evidence, companies.website AS companies_website, companies.source AS companies_source, companies.status AS companies_status, companies.news_last_refreshed AS companies_news_last_refreshed, companies.id AS companies_id, companies.created_at AS companies_created_at, companies.updated_at AS companies_updated_at, companies.is_deleted AS companies_is_deleted, companies.deleted_at AS companies_deleted_at 
FROM companies 
WHERE companies.name = ? AND companies.is_deleted = 0
 LIMIT ? OFFSET ?]
[parameters: ('Afresh Technologies', 1, 0)]
(Background on this error at: https://sqlalche.me/e/20/e3q8)
2026-07-15 01:45:16,835 - ERROR - Error importing company at row 32: (sqlite3.OperationalError) no such column: companies.news_last_refreshed
[SQL: SELECT companies.slug AS companies_slug, companies.name AS companies_name, companies.country AS companies_country, companies.ai_category AS companies_ai_category, companies.segment_tags AS companies_segment_tags, companies.use_cases AS companies_use_cases, companies.top_german_customers AS companies_top_german_customers, companies.germany_presence AS companies_germany_presence, companies.company_type AS companies_company_type, companies.funding AS companies_funding, companies.estimated_revenue AS companies_estimated_revenue, companies.maturity AS companies_maturity, companies.deployment_evidence AS companies_deployment_evidence, companies.website AS companies_website, companies.source AS companies_source, companies.status AS companies_status, companies.news_last_refreshed AS companies_news_last_refreshed, companies.id AS companies_id, companies.created_at AS companies_created_at, companies.updated_at AS companies_updated_at, companies.is_deleted AS companies_is_deleted, companies.deleted_at AS companies_deleted_at 
FROM companies 
WHERE companies.name = ? AND companies.is_deleted = 0
 LIMIT ? OFFSET ?]
[parameters: ('Shelf Engine', 1, 0)]
(Background on this error at: https://sqlalche.me/e/20/e3q8)
2026-07-15 01:45:16,836 - ERROR - Error importing company at row 33: (sqlite3.OperationalError) no such column: companies.news_last_refreshed
[SQL: SELECT companies.slug AS companies_slug, companies.name AS companies_name, companies.country AS companies_country, companies.ai_category AS companies_ai_category, companies.segment_tags AS companies_segment_tags, companies.use_cases AS companies_use_cases, companies.top_german_customers AS companies_top_german_customers, companies.germany_presence AS companies_germany_presence, companies.company_type AS companies_company_type, companies.funding AS companies_funding, companies.estimated_revenue AS companies_estimated_revenue, companies.maturity AS companies_maturity, companies.deployment_evidence AS companies_deployment_evidence, companies.website AS companies_website, companies.source AS companies_source, companies.status AS companies_status, companies.news_last_refreshed AS companies_news_last_refreshed, companies.id AS companies_id, companies.created_at AS companies_created_at, companies.updated_at AS companies_updated_at, companies.is_deleted AS companies_is_deleted, companies.deleted_at AS companies_deleted_at 
FROM companies 
WHERE companies.name = ? AND companies.is_deleted = 0
 LIMIT ? OFFSET ?]
[parameters: ('Emerson Electric (DeltaV AI)', 1, 0)]
(Background on this error at: https://sqlalche.me/e/20/e3q8)
2026-07-15 01:45:16,838 - ERROR - Error importing company at row 34: (sqlite3.OperationalError) no such column: companies.news_last_refreshed
[SQL: SELECT companies.slug AS companies_slug, companies.name AS companies_name, companies.country AS companies_country, companies.ai_category AS companies_ai_category, companies.segment_tags AS companies_segment_tags, companies.use_cases AS companies_use_cases, companies.top_german_customers AS companies_top_german_customers, companies.germany_presence AS companies_germany_presence, companies.company_type AS companies_company_type, companies.funding AS companies_funding, companies.estimated_revenue AS companies_estimated_revenue, companies.maturity AS companies_maturity, companies.deployment_evidence AS companies_deployment_evidence, companies.website AS companies_website, companies.source AS companies_source, companies.status AS companies_status, companies.news_last_refreshed AS companies_news_last_refreshed, companies.id AS companies_id, companies.created_at AS companies_created_at, companies.updated_at AS companies_updated_at, companies.is_deleted AS companies_is_deleted, companies.deleted_at AS companies_deleted_at 
FROM companies 
WHERE companies.name = ? AND companies.is_deleted = 0
 LIMIT ? OFFSET ?]
[parameters: ('ABB Measurement & Analytics', 1, 0)]
(Background on this error at: https://sqlalche.me/e/20/e3q8)
2026-07-15 01:45:16,840 - ERROR - Error importing company at row 35: (sqlite3.OperationalError) no such column: companies.news_last_refreshed
[SQL: SELECT companies.slug AS companies_slug, companies.name AS companies_name, companies.country AS companies_country, companies.ai_category AS companies_ai_category, companies.segment_tags AS companies_segment_tags, companies.use_cases AS companies_use_cases, companies.top_german_customers AS companies_top_german_customers, companies.germany_presence AS companies_germany_presence, companies.company_type AS companies_company_type, companies.funding AS companies_funding, companies.estimated_revenue AS companies_estimated_revenue, companies.maturity AS companies_maturity, companies.deployment_evidence AS companies_deployment_evidence, companies.website AS companies_website, companies.source AS companies_source, companies.status AS companies_status, companies.news_last_refreshed AS companies_news_last_refreshed, companies.id AS companies_id, companies.created_at AS companies_created_at, companies.updated_at AS companies_updated_at, companies.is_deleted AS companies_is_deleted, companies.deleted_at AS companies_deleted_at 
FROM companies 
WHERE companies.name = ? AND companies.is_deleted = 0
 LIMIT ? OFFSET ?]
[parameters: ('Endress+Hauser Analytics (Analytik Jena)', 1, 0)]
(Background on this error at: https://sqlalche.me/e/20/e3q8)
2026-07-15 01:45:16,842 - ERROR - Error importing company at row 36: (sqlite3.OperationalError) no such column: companies.news_last_refreshed
[SQL: SELECT companies.slug AS companies_slug, companies.name AS companies_name, companies.country AS companies_country, companies.ai_category AS companies_ai_category, companies.segment_tags AS companies_segment_tags, companies.use_cases AS companies_use_cases, companies.top_german_customers AS companies_top_german_customers, companies.germany_presence AS companies_germany_presence, companies.company_type AS companies_company_type, companies.funding AS companies_funding, companies.estimated_revenue AS companies_estimated_revenue, companies.maturity AS companies_maturity, companies.deployment_evidence AS companies_deployment_evidence, companies.website AS companies_website, companies.source AS companies_source, companies.status AS companies_status, companies.news_last_refreshed AS companies_news_last_refreshed, companies.id AS companies_id, companies.created_at AS companies_created_at, companies.updated_at AS companies_updated_at, companies.is_deleted AS companies_is_deleted, companies.deleted_at AS companies_deleted_at 
FROM companies 
WHERE companies.name = ? AND companies.is_deleted = 0
 LIMIT ? OFFSET ?]
[parameters: ('Meyn Food Processing Technology', 1, 0)]
(Background on this error at: https://sqlalche.me/e/20/e3q8)
2026-07-15 01:45:16,844 - ERROR - Error importing company at row 37: (sqlite3.OperationalError) no such column: companies.news_last_refreshed
[SQL: SELECT companies.slug AS companies_slug, companies.name AS companies_name, companies.country AS companies_country, companies.ai_category AS companies_ai_category, companies.segment_tags AS companies_segment_tags, companies.use_cases AS companies_use_cases, companies.top_german_customers AS companies_top_german_customers, companies.germany_presence AS companies_germany_presence, companies.company_type AS companies_company_type, companies.funding AS companies_funding, companies.estimated_revenue AS companies_estimated_revenue, companies.maturity AS companies_maturity, companies.deployment_evidence AS companies_deployment_evidence, companies.website AS companies_website, companies.source AS companies_source, companies.status AS companies_status, companies.news_last_refreshed AS companies_news_last_refreshed, companies.id AS companies_id, companies.created_at AS companies_created_at, companies.updated_at AS companies_updated_at, companies.is_deleted AS companies_is_deleted, companies.deleted_at AS companies_deleted_at 
FROM companies 
WHERE companies.name = ? AND companies.is_deleted = 0
 LIMIT ? OFFSET ?]
[parameters: ('GEA Westfalia Separator (Centrifuge AI)', 1, 0)]
(Background on this error at: https://sqlalche.me/e/20/e3q8)
2026-07-15 01:45:16,846 - ERROR - Error importing company at row 38: (sqlite3.OperationalError) no such column: companies.news_last_refreshed
[SQL: SELECT companies.slug AS companies_slug, companies.name AS companies_name, companies.country AS companies_country, companies.ai_category AS companies_ai_category, companies.segment_tags AS companies_segment_tags, companies.use_cases AS companies_use_cases, companies.top_german_customers AS companies_top_german_customers, companies.germany_presence AS companies_germany_presence, companies.company_type AS companies_company_type, companies.funding AS companies_funding, companies.estimated_revenue AS companies_estimated_revenue, companies.maturity AS companies_maturity, companies.deployment_evidence AS companies_deployment_evidence, companies.website AS companies_website, companies.source AS companies_source, companies.status AS companies_status, companies.news_last_refreshed AS companies_news_last_refreshed, companies.id AS companies_id, companies.created_at AS companies_created_at, companies.updated_at AS companies_updated_at, companies.is_deleted AS companies_is_deleted, companies.deleted_at AS companies_deleted_at 
FROM companies 
WHERE companies.name = ? AND companies.is_deleted = 0
 LIMIT ? OFFSET ?]
[parameters: ('SPX Flow Technology', 1, 0)]
(Background on this error at: https://sqlalche.me/e/20/e3q8)
2026-07-15 01:45:16,847 - ERROR - Error importing company at row 39: (sqlite3.OperationalError) no such column: companies.news_last_refreshed
[SQL: SELECT companies.slug AS companies_slug, companies.name AS companies_name, companies.country AS companies_country, companies.ai_category AS companies_ai_category, companies.segment_tags AS companies_segment_tags, companies.use_cases AS companies_use_cases, companies.top_german_customers AS companies_top_german_customers, companies.germany_presence AS companies_germany_presence, companies.company_type AS companies_company_type, companies.funding AS companies_funding, companies.estimated_revenue AS companies_estimated_revenue, companies.maturity AS companies_maturity, companies.deployment_evidence AS companies_deployment_evidence, companies.website AS companies_website, companies.source AS companies_source, companies.status AS companies_status, companies.news_last_refreshed AS companies_news_last_refreshed, companies.id AS companies_id, companies.created_at AS companies_created_at, companies.updated_at AS companies_updated_at, companies.is_deleted AS companies_is_deleted, companies.deleted_at AS companies_deleted_at 
FROM companies 
WHERE companies.name = ? AND companies.is_deleted = 0
 LIMIT ? OFFSET ?]
[parameters: ('Büchi Labortechnik AG', 1, 0)]
(Background on this error at: https://sqlalche.me/e/20/e3q8)
2026-07-15 01:45:16,849 - ERROR - Error importing company at row 40: (sqlite3.OperationalError) no such column: companies.news_last_refreshed
[SQL: SELECT companies.slug AS companies_slug, companies.name AS companies_name, companies.country AS companies_country, companies.ai_category AS companies_ai_category, companies.segment_tags AS companies_segment_tags, companies.use_cases AS companies_use_cases, companies.top_german_customers AS companies_top_german_customers, companies.germany_presence AS companies_germany_presence, companies.company_type AS companies_company_type, companies.funding AS companies_funding, companies.estimated_revenue AS companies_estimated_revenue, companies.maturity AS companies_maturity, companies.deployment_evidence AS companies_deployment_evidence, companies.website AS companies_website, companies.source AS companies_source, companies.status AS companies_status, companies.news_last_refreshed AS companies_news_last_refreshed, companies.id AS companies_id, companies.created_at AS companies_created_at, companies.updated_at AS companies_updated_at, companies.is_deleted AS companies_is_deleted, companies.deleted_at AS companies_deleted_at 
FROM companies 
WHERE companies.name = ? AND companies.is_deleted = 0
 LIMIT ? OFFSET ?]
[parameters: ('Sealed Air Corporation', 1, 0)]
(Background on this error at: https://sqlalche.me/e/20/e3q8)
2026-07-15 01:45:16,851 - ERROR - Error importing company at row 41: (sqlite3.OperationalError) no such column: companies.news_last_refreshed
[SQL: SELECT companies.slug AS companies_slug, companies.name AS companies_name, companies.country AS companies_country, companies.ai_category AS companies_ai_category, companies.segment_tags AS companies_segment_tags, companies.use_cases AS companies_use_cases, companies.top_german_customers AS companies_top_german_customers, companies.germany_presence AS companies_germany_presence, companies.company_type AS companies_company_type, companies.funding AS companies_funding, companies.estimated_revenue AS companies_estimated_revenue, companies.maturity AS companies_maturity, companies.deployment_evidence AS companies_deployment_evidence, companies.website AS companies_website, companies.source AS companies_source, companies.status AS companies_status, companies.news_last_refreshed AS companies_news_last_refreshed, companies.id AS companies_id, companies.created_at AS companies_created_at, companies.updated_at AS companies_updated_at, companies.is_deleted AS companies_is_deleted, companies.deleted_at AS companies_deleted_at 
FROM companies 
WHERE companies.name = ? AND companies.is_deleted = 0
 LIMIT ? OFFSET ?]
[parameters: ('Multivac Group', 1, 0)]
(Background on this error at: https://sqlalche.me/e/20/e3q8)
2026-07-15 01:45:16,852 - ERROR - Error importing company at row 42: (sqlite3.OperationalError) no such column: companies.news_last_refreshed
[SQL: SELECT companies.slug AS companies_slug, companies.name AS companies_name, companies.country AS companies_country, companies.ai_category AS companies_ai_category, companies.segment_tags AS companies_segment_tags, companies.use_cases AS companies_use_cases, companies.top_german_customers AS companies_top_german_customers, companies.germany_presence AS companies_germany_presence, companies.company_type AS companies_company_type, companies.funding AS companies_funding, companies.estimated_revenue AS companies_estimated_revenue, companies.maturity AS companies_maturity, companies.deployment_evidence AS companies_deployment_evidence, companies.website AS companies_website, companies.source AS companies_source, companies.status AS companies_status, companies.news_last_refreshed AS companies_news_last_refreshed, companies.id AS companies_id, companies.created_at AS companies_created_at, companies.updated_at AS companies_updated_at, companies.is_deleted AS companies_is_deleted, companies.deleted_at AS companies_deleted_at 
FROM companies 
WHERE companies.name = ? AND companies.is_deleted = 0
 LIMIT ? OFFSET ?]
[parameters: ('Romer Labs (DSM-Firmenich)', 1, 0)]
(Background on this error at: https://sqlalche.me/e/20/e3q8)
2026-07-15 01:45:16,854 - ERROR - Error importing company at row 43: (sqlite3.OperationalError) no such column: companies.news_last_refreshed
[SQL: SELECT companies.slug AS companies_slug, companies.name AS companies_name, companies.country AS companies_country, companies.ai_category AS companies_ai_category, companies.segment_tags AS companies_segment_tags, companies.use_cases AS companies_use_cases, companies.top_german_customers AS companies_top_german_customers, companies.germany_presence AS companies_germany_presence, companies.company_type AS companies_company_type, companies.funding AS companies_funding, companies.estimated_revenue AS companies_estimated_revenue, companies.maturity AS companies_maturity, companies.deployment_evidence AS companies_deployment_evidence, companies.website AS companies_website, companies.source AS companies_source, companies.status AS companies_status, companies.news_last_refreshed AS companies_news_last_refreshed, companies.id AS companies_id, companies.created_at AS companies_created_at, companies.updated_at AS companies_updated_at, companies.is_deleted AS companies_is_deleted, companies.deleted_at AS companies_deleted_at 
FROM companies 
WHERE companies.name = ? AND companies.is_deleted = 0
 LIMIT ? OFFSET ?]
[parameters: ('Charm Sciences', 1, 0)]
(Background on this error at: https://sqlalche.me/e/20/e3q8)
2026-07-15 01:45:16,856 - ERROR - Error importing company at row 44: (sqlite3.OperationalError) no such column: companies.news_last_refreshed
[SQL: SELECT companies.slug AS companies_slug, companies.name AS companies_name, companies.country AS companies_country, companies.ai_category AS companies_ai_category, companies.segment_tags AS companies_segment_tags, companies.use_cases AS companies_use_cases, companies.top_german_customers AS companies_top_german_customers, companies.germany_presence AS companies_germany_presence, companies.company_type AS companies_company_type, companies.funding AS companies_funding, companies.estimated_revenue AS companies_estimated_revenue, companies.maturity AS companies_maturity, companies.deployment_evidence AS companies_deployment_evidence, companies.website AS companies_website, companies.source AS companies_source, companies.status AS companies_status, companies.news_last_refreshed AS companies_news_last_refreshed, companies.id AS companies_id, companies.created_at AS companies_created_at, companies.updated_at AS companies_updated_at, companies.is_deleted AS companies_is_deleted, companies.deleted_at AS companies_deleted_at 
FROM companies 
WHERE companies.name = ? AND companies.is_deleted = 0
 LIMIT ? OFFSET ?]
[parameters: ('Xylem Inc', 1, 0)]
(Background on this error at: https://sqlalche.me/e/20/e3q8)
2026-07-15 01:45:16,857 - ERROR - Error importing company at row 45: (sqlite3.OperationalError) no such column: companies.news_last_refreshed
[SQL: SELECT companies.slug AS companies_slug, companies.name AS companies_name, companies.country AS companies_country, companies.ai_category AS companies_ai_category, companies.segment_tags AS companies_segment_tags, companies.use_cases AS companies_use_cases, companies.top_german_customers AS companies_top_german_customers, companies.germany_presence AS companies_germany_presence, companies.company_type AS companies_company_type, companies.funding AS companies_funding, companies.estimated_revenue AS companies_estimated_revenue, companies.maturity AS companies_maturity, companies.deployment_evidence AS companies_deployment_evidence, companies.website AS companies_website, companies.source AS companies_source, companies.status AS companies_status, companies.news_last_refreshed AS companies_news_last_refreshed, companies.id AS companies_id, companies.created_at AS companies_created_at, companies.updated_at AS companies_updated_at, companies.is_deleted AS companies_is_deleted, companies.deleted_at AS companies_deleted_at 
FROM companies 
WHERE companies.name = ? AND companies.is_deleted = 0
 LIMIT ? OFFSET ?]
[parameters: ('Pentair plc', 1, 0)]
(Background on this error at: https://sqlalche.me/e/20/e3q8)
2026-07-15 01:45:16,859 - ERROR - Error importing company at row 46: (sqlite3.OperationalError) no such column: companies.news_last_refreshed
[SQL: SELECT companies.slug AS companies_slug, companies.name AS companies_name, companies.country AS companies_country, companies.ai_category AS companies_ai_category, companies.segment_tags AS companies_segment_tags, companies.use_cases AS companies_use_cases, companies.top_german_customers AS companies_top_german_customers, companies.germany_presence AS companies_germany_presence, companies.company_type AS companies_company_type, companies.funding AS companies_funding, companies.estimated_revenue AS companies_estimated_revenue, companies.maturity AS companies_maturity, companies.deployment_evidence AS companies_deployment_evidence, companies.website AS companies_website, companies.source AS companies_source, companies.status AS companies_status, companies.news_last_refreshed AS companies_news_last_refreshed, companies.id AS companies_id, companies.created_at AS companies_created_at, companies.updated_at AS companies_updated_at, companies.is_deleted AS companies_is_deleted, companies.deleted_at AS companies_deleted_at 
FROM companies 
WHERE companies.name = ? AND companies.is_deleted = 0
 LIMIT ? OFFSET ?]
[parameters: ('Grundfos Holding A/S', 1, 0)]
(Background on this error at: https://sqlalche.me/e/20/e3q8)
2026-07-15 01:45:16,861 - ERROR - Error importing company at row 47: (sqlite3.OperationalError) no such column: companies.news_last_refreshed
[SQL: SELECT companies.slug AS companies_slug, companies.name AS companies_name, companies.country AS companies_country, companies.ai_category AS companies_ai_category, companies.segment_tags AS companies_segment_tags, companies.use_cases AS companies_use_cases, companies.top_german_customers AS companies_top_german_customers, companies.germany_presence AS companies_germany_presence, companies.company_type AS companies_company_type, companies.funding AS companies_funding, companies.estimated_revenue AS companies_estimated_revenue, companies.maturity AS companies_maturity, companies.deployment_evidence AS companies_deployment_evidence, companies.website AS companies_website, companies.source AS companies_source, companies.status AS companies_status, companies.news_last_refreshed AS companies_news_last_refreshed, companies.id AS companies_id, companies.created_at AS companies_created_at, companies.updated_at AS companies_updated_at, companies.is_deleted AS companies_is_deleted, companies.deleted_at AS companies_deleted_at 
FROM companies 
WHERE companies.name = ? AND companies.is_deleted = 0
 LIMIT ? OFFSET ?]
[parameters: ('Hach Company (Danaher)', 1, 0)]
(Background on this error at: https://sqlalche.me/e/20/e3q8)
2026-07-15 01:45:16,863 - ERROR - Error importing company at row 48: (sqlite3.OperationalError) no such column: companies.news_last_refreshed
[SQL: SELECT companies.slug AS companies_slug, companies.name AS companies_name, companies.country AS companies_country, companies.ai_category AS companies_ai_category, companies.segment_tags AS companies_segment_tags, companies.use_cases AS companies_use_cases, companies.top_german_customers AS companies_top_german_customers, companies.germany_presence AS companies_germany_presence, companies.company_type AS companies_company_type, companies.funding AS companies_funding, companies.estimated_revenue AS companies_estimated_revenue, companies.maturity AS companies_maturity, companies.deployment_evidence AS companies_deployment_evidence, companies.website AS companies_website, companies.source AS companies_source, companies.status AS companies_status, companies.news_last_refreshed AS companies_news_last_refreshed, companies.id AS companies_id, companies.created_at AS companies_created_at, companies.updated_at AS companies_updated_at, companies.is_deleted AS companies_is_deleted, companies.deleted_at AS companies_deleted_at 
FROM companies 
WHERE companies.name = ? AND companies.is_deleted = 0
 LIMIT ? OFFSET ?]
[parameters: ('Suez Water Technologies', 1, 0)]
(Background on this error at: https://sqlalche.me/e/20/e3q8)
2026-07-15 01:45:16,865 - ERROR - Error importing company at row 49: (sqlite3.OperationalError) no such column: companies.news_last_refreshed
[SQL: SELECT companies.slug AS companies_slug, companies.name AS companies_name, companies.country AS companies_country, companies.ai_category AS companies_ai_category, companies.segment_tags AS companies_segment_tags, companies.use_cases AS companies_use_cases, companies.top_german_customers AS companies_top_german_customers, companies.germany_presence AS companies_germany_presence, companies.company_type AS companies_company_type, companies.funding AS companies_funding, companies.estimated_revenue AS companies_estimated_revenue, companies.maturity AS companies_maturity, companies.deployment_evidence AS companies_deployment_evidence, companies.website AS companies_website, companies.source AS companies_source, companies.status AS companies_status, companies.news_last_refreshed AS companies_news_last_refreshed, companies.id AS companies_id, companies.created_at AS companies_created_at, companies.updated_at AS companies_updated_at, companies.is_deleted AS companies_is_deleted, companies.deleted_at AS companies_deleted_at 
FROM companies 
WHERE companies.name = ? AND companies.is_deleted = 0
 LIMIT ? OFFSET ?]
[parameters: ('ABB Energy Industries AI', 1, 0)]
(Background on this error at: https://sqlalche.me/e/20/e3q8)
2026-07-15 01:45:16,866 - ERROR - Error importing company at row 50: (sqlite3.OperationalError) no such column: companies.news_last_refreshed
[SQL: SELECT companies.slug AS companies_slug, companies.name AS companies_name, companies.country AS companies_country, companies.ai_category AS companies_ai_category, companies.segment_tags AS companies_segment_tags, companies.use_cases AS companies_use_cases, companies.top_german_customers AS companies_top_german_customers, companies.germany_presence AS companies_germany_presence, companies.company_type AS companies_company_type, companies.funding AS companies_funding, companies.estimated_revenue AS companies_estimated_revenue, companies.maturity AS companies_maturity, companies.deployment_evidence AS companies_deployment_evidence, companies.website AS companies_website, companies.source AS companies_source, companies.status AS companies_status, companies.news_last_refreshed AS companies_news_last_refreshed, companies.id AS companies_id, companies.created_at AS companies_created_at, companies.updated_at AS companies_updated_at, companies.is_deleted AS companies_is_deleted, companies.deleted_at AS companies_deleted_at 
FROM companies 
WHERE companies.name = ? AND companies.is_deleted = 0
 LIMIT ? OFFSET ?]
[parameters: ('Perfect Day Inc', 1, 0)]
(Background on this error at: https://sqlalche.me/e/20/e3q8)
2026-07-15 01:45:16,869 - ERROR - Error importing company at row 51: (sqlite3.OperationalError) no such column: companies.news_last_refreshed
[SQL: SELECT companies.slug AS companies_slug, companies.name AS companies_name, companies.country AS companies_country, companies.ai_category AS companies_ai_category, companies.segment_tags AS companies_segment_tags, companies.use_cases AS companies_use_cases, companies.top_german_customers AS companies_top_german_customers, companies.germany_presence AS companies_germany_presence, companies.company_type AS companies_company_type, companies.funding AS companies_funding, companies.estimated_revenue AS companies_estimated_revenue, companies.maturity AS companies_maturity, companies.deployment_evidence AS companies_deployment_evidence, companies.website AS companies_website, companies.source AS companies_source, companies.status AS companies_status, companies.news_last_refreshed AS companies_news_last_refreshed, companies.id AS companies_id, companies.created_at AS companies_created_at, companies.updated_at AS companies_updated_at, companies.is_deleted AS companies_is_deleted, companies.deleted_at AS companies_deleted_at 
FROM companies 
WHERE companies.name = ? AND companies.is_deleted = 0
 LIMIT ? OFFSET ?]
[parameters: ('Motif FoodWorks Inc', 1, 0)]
(Background on this error at: https://sqlalche.me/e/20/e3q8)
2026-07-15 01:45:16,870 - ERROR - Error importing company at row 52: (sqlite3.OperationalError) no such column: companies.news_last_refreshed
[SQL: SELECT companies.slug AS companies_slug, companies.name AS companies_name, companies.country AS companies_country, companies.ai_category AS companies_ai_category, companies.segment_tags AS companies_segment_tags, companies.use_cases AS companies_use_cases, companies.top_german_customers AS companies_top_german_customers, companies.germany_presence AS companies_germany_presence, companies.company_type AS companies_company_type, companies.funding AS companies_funding, companies.estimated_revenue AS companies_estimated_revenue, companies.maturity AS companies_maturity, companies.deployment_evidence AS companies_deployment_evidence, companies.website AS companies_website, companies.source AS companies_source, companies.status AS companies_status, companies.news_last_refreshed AS companies_news_last_refreshed, companies.id AS companies_id, companies.created_at AS companies_created_at, companies.updated_at AS companies_updated_at, companies.is_deleted AS companies_is_deleted, companies.deleted_at AS companies_deleted_at 
FROM companies 
WHERE companies.name = ? AND companies.is_deleted = 0
 LIMIT ? OFFSET ?]
[parameters: ('Formo Bio GmbH', 1, 0)]
(Background on this error at: https://sqlalche.me/e/20/e3q8)
2026-07-15 01:45:16,873 - ERROR - Error importing company at row 53: (sqlite3.OperationalError) no such column: companies.news_last_refreshed
[SQL: SELECT companies.slug AS companies_slug, companies.name AS companies_name, companies.country AS companies_country, companies.ai_category AS companies_ai_category, companies.segment_tags AS companies_segment_tags, companies.use_cases AS companies_use_cases, companies.top_german_customers AS companies_top_german_customers, companies.germany_presence AS companies_germany_presence, companies.company_type AS companies_company_type, companies.funding AS companies_funding, companies.estimated_revenue AS companies_estimated_revenue, companies.maturity AS companies_maturity, companies.deployment_evidence AS companies_deployment_evidence, companies.website AS companies_website, companies.source AS companies_source, companies.status AS companies_status, companies.news_last_refreshed AS companies_news_last_refreshed, companies.id AS companies_id, companies.created_at AS companies_created_at, companies.updated_at AS companies_updated_at, companies.is_deleted AS companies_is_deleted, companies.deleted_at AS companies_deleted_at 
FROM companies 
WHERE companies.name = ? AND companies.is_deleted = 0
 LIMIT ? OFFSET ?]
[parameters: ('Remilk Ltd', 1, 0)]
(Background on this error at: https://sqlalche.me/e/20/e3q8)
2026-07-15 01:45:16,874 - ERROR - Error importing company at row 54: (sqlite3.OperationalError) no such column: companies.news_last_refreshed
[SQL: SELECT companies.slug AS companies_slug, companies.name AS companies_name, companies.country AS companies_country, companies.ai_category AS companies_ai_category, companies.segment_tags AS companies_segment_tags, companies.use_cases AS companies_use_cases, companies.top_german_customers AS companies_top_german_customers, companies.germany_presence AS companies_germany_presence, companies.company_type AS companies_company_type, companies.funding AS companies_funding, companies.estimated_revenue AS companies_estimated_revenue, companies.maturity AS companies_maturity, companies.deployment_evidence AS companies_deployment_evidence, companies.website AS companies_website, companies.source AS companies_source, companies.status AS companies_status, companies.news_last_refreshed AS companies_news_last_refreshed, companies.id AS companies_id, companies.created_at AS companies_created_at, companies.updated_at AS companies_updated_at, companies.is_deleted AS companies_is_deleted, companies.deleted_at AS companies_deleted_at 
FROM companies 
WHERE companies.name = ? AND companies.is_deleted = 0
 LIMIT ? OFFSET ?]
[parameters: ('New Culture Inc', 1, 0)]
(Background on this error at: https://sqlalche.me/e/20/e3q8)
2026-07-15 01:45:16,876 - ERROR - Error importing company at row 55: (sqlite3.OperationalError) no such column: companies.news_last_refreshed
[SQL: SELECT companies.slug AS companies_slug, companies.name AS companies_name, companies.country AS companies_country, companies.ai_category AS companies_ai_category, companies.segment_tags AS companies_segment_tags, companies.use_cases AS companies_use_cases, companies.top_german_customers AS companies_top_german_customers, companies.germany_presence AS companies_germany_presence, companies.company_type AS companies_company_type, companies.funding AS companies_funding, companies.estimated_revenue AS companies_estimated_revenue, companies.maturity AS companies_maturity, companies.deployment_evidence AS companies_deployment_evidence, companies.website AS companies_website, companies.source AS companies_source, companies.status AS companies_status, companies.news_last_refreshed AS companies_news_last_refreshed, companies.id AS companies_id, companies.created_at AS companies_created_at, companies.updated_at AS companies_updated_at, companies.is_deleted AS companies_is_deleted, companies.deleted_at AS companies_deleted_at 
FROM companies 
WHERE companies.name = ? AND companies.is_deleted = 0
 LIMIT ? OFFSET ?]
[parameters: ('Change Foods Inc', 1, 0)]
(Background on this error at: https://sqlalche.me/e/20/e3q8)
2026-07-15 01:45:16,877 - ERROR - Error importing company at row 56: (sqlite3.OperationalError) no such column: companies.news_last_refreshed
[SQL: SELECT companies.slug AS companies_slug, companies.name AS companies_name, companies.country AS companies_country, companies.ai_category AS companies_ai_category, companies.segment_tags AS companies_segment_tags, companies.use_cases AS companies_use_cases, companies.top_german_customers AS companies_top_german_customers, companies.germany_presence AS companies_germany_presence, companies.company_type AS companies_company_type, companies.funding AS companies_funding, companies.estimated_revenue AS companies_estimated_revenue, companies.maturity AS companies_maturity, companies.deployment_evidence AS companies_deployment_evidence, companies.website AS companies_website, companies.source AS companies_source, companies.status AS companies_status, companies.news_last_refreshed AS companies_news_last_refreshed, companies.id AS companies_id, companies.created_at AS companies_created_at, companies.updated_at AS companies_updated_at, companies.is_deleted AS companies_is_deleted, companies.deleted_at AS companies_deleted_at 
FROM companies 
WHERE companies.name = ? AND companies.is_deleted = 0
 LIMIT ? OFFSET ?]
[parameters: ('Anton Paar GmbH', 1, 0)]
(Background on this error at: https://sqlalche.me/e/20/e3q8)
2026-07-15 01:45:16,889 - ERROR - Error importing company at row 57: (sqlite3.OperationalError) no such column: companies.news_last_refreshed
[SQL: SELECT companies.slug AS companies_slug, companies.name AS companies_name, companies.country AS companies_country, companies.ai_category AS companies_ai_category, companies.segment_tags AS companies_segment_tags, companies.use_cases AS companies_use_cases, companies.top_german_customers AS companies_top_german_customers, companies.germany_presence AS companies_germany_presence, companies.company_type AS companies_company_type, companies.funding AS companies_funding, companies.estimated_revenue AS companies_estimated_revenue, companies.maturity AS companies_maturity, companies.deployment_evidence AS companies_deployment_evidence, companies.website AS companies_website, companies.source AS companies_source, companies.status AS companies_status, companies.news_last_refreshed AS companies_news_last_refreshed, companies.id AS companies_id, companies.created_at AS companies_created_at, companies.updated_at AS companies_updated_at, companies.is_deleted AS companies_is_deleted, companies.deleted_at AS companies_deleted_at 
FROM companies 
WHERE companies.name = ? AND companies.is_deleted = 0
 LIMIT ? OFFSET ?]
[parameters: ('Sacmi Group', 1, 0)]
(Background on this error at: https://sqlalche.me/e/20/e3q8)
2026-07-15 01:45:16,891 - ERROR - Error importing company at row 58: (sqlite3.OperationalError) no such column: companies.news_last_refreshed
[SQL: SELECT companies.slug AS companies_slug, companies.name AS companies_name, companies.country AS companies_country, companies.ai_category AS companies_ai_category, companies.segment_tags AS companies_segment_tags, companies.use_cases AS companies_use_cases, companies.top_german_customers AS companies_top_german_customers, companies.germany_presence AS companies_germany_presence, companies.company_type AS companies_company_type, companies.funding AS companies_funding, companies.estimated_revenue AS companies_estimated_revenue, companies.maturity AS companies_maturity, companies.deployment_evidence AS companies_deployment_evidence, companies.website AS companies_website, companies.source AS companies_source, companies.status AS companies_status, companies.news_last_refreshed AS companies_news_last_refreshed, companies.id AS companies_id, companies.created_at AS companies_created_at, companies.updated_at AS companies_updated_at, companies.is_deleted AS companies_is_deleted, companies.deleted_at AS companies_deleted_at 
FROM companies 
WHERE companies.name = ? AND companies.is_deleted = 0
 LIMIT ? OFFSET ?]
[parameters: ('Bürkert Fluid Control (Advanced AI)', 1, 0)]
(Background on this error at: https://sqlalche.me/e/20/e3q8)
2026-07-15 01:45:16,893 - ERROR - Error importing company at row 59: (sqlite3.OperationalError) no such column: companies.news_last_refreshed
[SQL: SELECT companies.slug AS companies_slug, companies.name AS companies_name, companies.country AS companies_country, companies.ai_category AS companies_ai_category, companies.segment_tags AS companies_segment_tags, companies.use_cases AS companies_use_cases, companies.top_german_customers AS companies_top_german_customers, companies.germany_presence AS companies_germany_presence, companies.company_type AS companies_company_type, companies.funding AS companies_funding, companies.estimated_revenue AS companies_estimated_revenue, companies.maturity AS companies_maturity, companies.deployment_evidence AS companies_deployment_evidence, companies.website AS companies_website, companies.source AS companies_source, companies.status AS companies_status, companies.news_last_refreshed AS companies_news_last_refreshed, companies.id AS companies_id, companies.created_at AS companies_created_at, companies.updated_at AS companies_updated_at, companies.is_deleted AS companies_is_deleted, companies.deleted_at AS companies_deleted_at 
FROM companies 
WHERE companies.name = ? AND companies.is_deleted = 0
 LIMIT ? OFFSET ?]
[parameters: ('Bext360 Inc', 1, 0)]
(Background on this error at: https://sqlalche.me/e/20/e3q8)
2026-07-15 01:45:16,895 - ERROR - Error importing company at row 60: (sqlite3.OperationalError) no such column: companies.news_last_refreshed
[SQL: SELECT companies.slug AS companies_slug, companies.name AS companies_name, companies.country AS companies_country, companies.ai_category AS companies_ai_category, companies.segment_tags AS companies_segment_tags, companies.use_cases AS companies_use_cases, companies.top_german_customers AS companies_top_german_customers, companies.germany_presence AS companies_germany_presence, companies.company_type AS companies_company_type, companies.funding AS companies_funding, companies.estimated_revenue AS companies_estimated_revenue, companies.maturity AS companies_maturity, companies.deployment_evidence AS companies_deployment_evidence, companies.website AS companies_website, companies.source AS companies_source, companies.status AS companies_status, companies.news_last_refreshed AS companies_news_last_refreshed, companies.id AS companies_id, companies.created_at AS companies_created_at, companies.updated_at AS companies_updated_at, companies.is_deleted AS companies_is_deleted, companies.deleted_at AS companies_deleted_at 
FROM companies 
WHERE companies.name = ? AND companies.is_deleted = 0
 LIMIT ? OFFSET ?]
[parameters: ('Wholechain Inc', 1, 0)]
(Background on this error at: https://sqlalche.me/e/20/e3q8)
2026-07-15 01:45:16,898 - ERROR - Error importing company at row 61: (sqlite3.OperationalError) no such column: companies.news_last_refreshed
[SQL: SELECT companies.slug AS companies_slug, companies.name AS companies_name, companies.country AS companies_country, companies.ai_category AS companies_ai_category, companies.segment_tags AS companies_segment_tags, companies.use_cases AS companies_use_cases, companies.top_german_customers AS companies_top_german_customers, companies.germany_presence AS companies_germany_presence, companies.company_type AS companies_company_type, companies.funding AS companies_funding, companies.estimated_revenue AS companies_estimated_revenue, companies.maturity AS companies_maturity, companies.deployment_evidence AS companies_deployment_evidence, companies.website AS companies_website, companies.source AS companies_source, companies.status AS companies_status, companies.news_last_refreshed AS companies_news_last_refreshed, companies.id AS companies_id, companies.created_at AS companies_created_at, companies.updated_at AS companies_updated_at, companies.is_deleted AS companies_is_deleted, companies.deleted_at AS companies_deleted_at 
FROM companies 
WHERE companies.name = ? AND companies.is_deleted = 0
 LIMIT ? OFFSET ?]
[parameters: ('Foodpairing NV', 1, 0)]
(Background on this error at: https://sqlalche.me/e/20/e3q8)
2026-07-15 01:45:16,901 - ERROR - Error importing company at row 62: (sqlite3.OperationalError) no such column: companies.news_last_refreshed
[SQL: SELECT companies.slug AS companies_slug, companies.name AS companies_name, companies.country AS companies_country, companies.ai_category AS companies_ai_category, companies.segment_tags AS companies_segment_tags, companies.use_cases AS companies_use_cases, companies.top_german_customers AS companies_top_german_customers, companies.germany_presence AS companies_germany_presence, companies.company_type AS companies_company_type, companies.funding AS companies_funding, companies.estimated_revenue AS companies_estimated_revenue, companies.maturity AS companies_maturity, companies.deployment_evidence AS companies_deployment_evidence, companies.website AS companies_website, companies.source AS companies_source, companies.status AS companies_status, companies.news_last_refreshed AS companies_news_last_refreshed, companies.id AS companies_id, companies.created_at AS companies_created_at, companies.updated_at AS companies_updated_at, companies.is_deleted AS companies_is_deleted, companies.deleted_at AS companies_deleted_at 
FROM companies 
WHERE companies.name = ? AND companies.is_deleted = 0
 LIMIT ? OFFSET ?]
[parameters: ('Fernride GmbH', 1, 0)]
(Background on this error at: https://sqlalche.me/e/20/e3q8)
2026-07-15 01:45:16,904 - ERROR - Error importing company at row 63: (sqlite3.OperationalError) no such column: companies.news_last_refreshed
[SQL: SELECT companies.slug AS companies_slug, companies.name AS companies_name, companies.country AS companies_country, companies.ai_category AS companies_ai_category, companies.segment_tags AS companies_segment_tags, companies.use_cases AS companies_use_cases, companies.top_german_customers AS companies_top_german_customers, companies.germany_presence AS companies_germany_presence, companies.company_type AS companies_company_type, companies.funding AS companies_funding, companies.estimated_revenue AS companies_estimated_revenue, companies.maturity AS companies_maturity, companies.deployment_evidence AS companies_deployment_evidence, companies.website AS companies_website, companies.source AS companies_source, companies.status AS companies_status, companies.news_last_refreshed AS companies_news_last_refreshed, companies.id AS companies_id, companies.created_at AS companies_created_at, companies.updated_at AS companies_updated_at, companies.is_deleted AS companies_is_deleted, companies.deleted_at AS companies_deleted_at 
FROM companies 
WHERE companies.name = ? AND companies.is_deleted = 0
 LIMIT ? OFFSET ?]
[parameters: ('BITZER SE', 1, 0)]
(Background on this error at: https://sqlalche.me/e/20/e3q8)
2026-07-15 01:45:16,906 - ERROR - Error importing company at row 64: (sqlite3.OperationalError) no such column: companies.news_last_refreshed
[SQL: SELECT companies.slug AS companies_slug, companies.name AS companies_name, companies.country AS companies_country, companies.ai_category AS companies_ai_category, companies.segment_tags AS companies_segment_tags, companies.use_cases AS companies_use_cases, companies.top_german_customers AS companies_top_german_customers, companies.germany_presence AS companies_germany_presence, companies.company_type AS companies_company_type, companies.funding AS companies_funding, companies.estimated_revenue AS companies_estimated_revenue, companies.maturity AS companies_maturity, companies.deployment_evidence AS companies_deployment_evidence, companies.website AS companies_website, companies.source AS companies_source, companies.status AS companies_status, companies.news_last_refreshed AS companies_news_last_refreshed, companies.id AS companies_id, companies.created_at AS companies_created_at, companies.updated_at AS companies_updated_at, companies.is_deleted AS companies_is_deleted, companies.deleted_at AS companies_deleted_at 
FROM companies 
WHERE companies.name = ? AND companies.is_deleted = 0
 LIMIT ? OFFSET ?]
[parameters: ('Westfalia Technologies Inc', 1, 0)]
(Background on this error at: https://sqlalche.me/e/20/e3q8)
2026-07-15 01:45:16,908 - ERROR - Error importing company at row 65: (sqlite3.OperationalError) no such column: companies.news_last_refreshed
[SQL: SELECT companies.slug AS companies_slug, companies.name AS companies_name, companies.country AS companies_country, companies.ai_category AS companies_ai_category, companies.segment_tags AS companies_segment_tags, companies.use_cases AS companies_use_cases, companies.top_german_customers AS companies_top_german_customers, companies.germany_presence AS companies_germany_presence, companies.company_type AS companies_company_type, companies.funding AS companies_funding, companies.estimated_revenue AS companies_estimated_revenue, companies.maturity AS companies_maturity, companies.deployment_evidence AS companies_deployment_evidence, companies.website AS companies_website, companies.source AS companies_source, companies.status AS companies_status, companies.news_last_refreshed AS companies_news_last_refreshed, companies.id AS companies_id, companies.created_at AS companies_created_at, companies.updated_at AS companies_updated_at, companies.is_deleted AS companies_is_deleted, companies.deleted_at AS companies_deleted_at 
FROM companies 
WHERE companies.name = ? AND companies.is_deleted = 0
 LIMIT ? OFFSET ?]
[parameters: ('AgriWebb Pty Ltd', 1, 0)]
(Background on this error at: https://sqlalche.me/e/20/e3q8)
2026-07-15 01:45:16,910 - ERROR - Error importing company at row 66: (sqlite3.OperationalError) no such column: companies.news_last_refreshed
[SQL: SELECT companies.slug AS companies_slug, companies.name AS companies_name, companies.country AS companies_country, companies.ai_category AS companies_ai_category, companies.segment_tags AS companies_segment_tags, companies.use_cases AS companies_use_cases, companies.top_german_customers AS companies_top_german_customers, companies.germany_presence AS companies_germany_presence, companies.company_type AS companies_company_type, companies.funding AS companies_funding, companies.estimated_revenue AS companies_estimated_revenue, companies.maturity AS companies_maturity, companies.deployment_evidence AS companies_deployment_evidence, companies.website AS companies_website, companies.source AS companies_source, companies.status AS companies_status, companies.news_last_refreshed AS companies_news_last_refreshed, companies.id AS companies_id, companies.created_at AS companies_created_at, companies.updated_at AS companies_updated_at, companies.is_deleted AS companies_is_deleted, companies.deleted_at AS companies_deleted_at 
FROM companies 
WHERE companies.name = ? AND companies.is_deleted = 0
 LIMIT ? OFFSET ?]
[parameters: ('CattleEye', 1, 0)]
(Background on this error at: https://sqlalche.me/e/20/e3q8)
2026-07-15 01:45:16,913 - ERROR - Error importing company at row 67: (sqlite3.OperationalError) no such column: companies.news_last_refreshed
[SQL: SELECT companies.slug AS companies_slug, companies.name AS companies_name, companies.country AS companies_country, companies.ai_category AS companies_ai_category, companies.segment_tags AS companies_segment_tags, companies.use_cases AS companies_use_cases, companies.top_german_customers AS companies_top_german_customers, companies.germany_presence AS companies_germany_presence, companies.company_type AS companies_company_type, companies.funding AS companies_funding, companies.estimated_revenue AS companies_estimated_revenue, companies.maturity AS companies_maturity, companies.deployment_evidence AS companies_deployment_evidence, companies.website AS companies_website, companies.source AS companies_source, companies.status AS companies_status, companies.news_last_refreshed AS companies_news_last_refreshed, companies.id AS companies_id, companies.created_at AS companies_created_at, companies.updated_at AS companies_updated_at, companies.is_deleted AS companies_is_deleted, companies.deleted_at AS companies_deleted_at 
FROM companies 
WHERE companies.name = ? AND companies.is_deleted = 0
 LIMIT ? OFFSET ?]
[parameters: ('eFishery', 1, 0)]
(Background on this error at: https://sqlalche.me/e/20/e3q8)
2026-07-15 01:45:16,915 - ERROR - Error importing company at row 68: (sqlite3.OperationalError) no such column: companies.news_last_refreshed
[SQL: SELECT companies.slug AS companies_slug, companies.name AS companies_name, companies.country AS companies_country, companies.ai_category AS companies_ai_category, companies.segment_tags AS companies_segment_tags, companies.use_cases AS companies_use_cases, companies.top_german_customers AS companies_top_german_customers, companies.germany_presence AS companies_germany_presence, companies.company_type AS companies_company_type, companies.funding AS companies_funding, companies.estimated_revenue AS companies_estimated_revenue, companies.maturity AS companies_maturity, companies.deployment_evidence AS companies_deployment_evidence, companies.website AS companies_website, companies.source AS companies_source, companies.status AS companies_status, companies.news_last_refreshed AS companies_news_last_refreshed, companies.id AS companies_id, companies.created_at AS companies_created_at, companies.updated_at AS companies_updated_at, companies.is_deleted AS companies_is_deleted, companies.deleted_at AS companies_deleted_at 
FROM companies 
WHERE companies.name = ? AND companies.is_deleted = 0
 LIMIT ? OFFSET ?]
[parameters: ('Invafresh', 1, 0)]
(Background on this error at: https://sqlalche.me/e/20/e3q8)
2026-07-15 01:45:16,918 - ERROR - Error importing company at row 69: (sqlite3.OperationalError) no such column: companies.news_last_refreshed
[SQL: SELECT companies.slug AS companies_slug, companies.name AS companies_name, companies.country AS companies_country, companies.ai_category AS companies_ai_category, companies.segment_tags AS companies_segment_tags, companies.use_cases AS companies_use_cases, companies.top_german_customers AS companies_top_german_customers, companies.germany_presence AS companies_germany_presence, companies.company_type AS companies_company_type, companies.funding AS companies_funding, companies.estimated_revenue AS companies_estimated_revenue, companies.maturity AS companies_maturity, companies.deployment_evidence AS companies_deployment_evidence, companies.website AS companies_website, companies.source AS companies_source, companies.status AS companies_status, companies.news_last_refreshed AS companies_news_last_refreshed, companies.id AS companies_id, companies.created_at AS companies_created_at, companies.updated_at AS companies_updated_at, companies.is_deleted AS companies_is_deleted, companies.deleted_at AS companies_deleted_at 
FROM companies 
WHERE companies.name = ? AND companies.is_deleted = 0
 LIMIT ? OFFSET ?]
[parameters: ('iTradeNetwork', 1, 0)]
(Background on this error at: https://sqlalche.me/e/20/e3q8)
2026-07-15 01:45:16,920 - ERROR - Error importing company at row 70: (sqlite3.OperationalError) no such column: companies.news_last_refreshed
[SQL: SELECT companies.slug AS companies_slug, companies.name AS companies_name, companies.country AS companies_country, companies.ai_category AS companies_ai_category, companies.segment_tags AS companies_segment_tags, companies.use_cases AS companies_use_cases, companies.top_german_customers AS companies_top_german_customers, companies.germany_presence AS companies_germany_presence, companies.company_type AS companies_company_type, companies.funding AS companies_funding, companies.estimated_revenue AS companies_estimated_revenue, companies.maturity AS companies_maturity, companies.deployment_evidence AS companies_deployment_evidence, companies.website AS companies_website, companies.source AS companies_source, companies.status AS companies_status, companies.news_last_refreshed AS companies_news_last_refreshed, companies.id AS companies_id, companies.created_at AS companies_created_at, companies.updated_at AS companies_updated_at, companies.is_deleted AS companies_is_deleted, companies.deleted_at AS companies_deleted_at 
FROM companies 
WHERE companies.name = ? AND companies.is_deleted = 0
 LIMIT ? OFFSET ?]
[parameters: ('Syrup Tech', 1, 0)]
(Background on this error at: https://sqlalche.me/e/20/e3q8)
2026-07-15 01:45:16,923 - ERROR - Error importing company at row 71: (sqlite3.OperationalError) no such column: companies.news_last_refreshed
[SQL: SELECT companies.slug AS companies_slug, companies.name AS companies_name, companies.country AS companies_country, companies.ai_category AS companies_ai_category, companies.segment_tags AS companies_segment_tags, companies.use_cases AS companies_use_cases, companies.top_german_customers AS companies_top_german_customers, companies.germany_presence AS companies_germany_presence, companies.company_type AS companies_company_type, companies.funding AS companies_funding, companies.estimated_revenue AS companies_estimated_revenue, companies.maturity AS companies_maturity, companies.deployment_evidence AS companies_deployment_evidence, companies.website AS companies_website, companies.source AS companies_source, companies.status AS companies_status, companies.news_last_refreshed AS companies_news_last_refreshed, companies.id AS companies_id, companies.created_at AS companies_created_at, companies.updated_at AS companies_updated_at, companies.is_deleted AS companies_is_deleted, companies.deleted_at AS companies_deleted_at 
FROM companies 
WHERE companies.name = ? AND companies.is_deleted = 0
 LIMIT ? OFFSET ?]
[parameters: ('Foodgeek (ex-Dataisgood)', 1, 0)]
(Background on this error at: https://sqlalche.me/e/20/e3q8)
2026-07-15 01:45:16,925 - ERROR - Error importing company at row 72: (sqlite3.OperationalError) no such column: companies.news_last_refreshed
[SQL: SELECT companies.slug AS companies_slug, companies.name AS companies_name, companies.country AS companies_country, companies.ai_category AS companies_ai_category, companies.segment_tags AS companies_segment_tags, companies.use_cases AS companies_use_cases, companies.top_german_customers AS companies_top_german_customers, companies.germany_presence AS companies_germany_presence, companies.company_type AS companies_company_type, companies.funding AS companies_funding, companies.estimated_revenue AS companies_estimated_revenue, companies.maturity AS companies_maturity, companies.deployment_evidence AS companies_deployment_evidence, companies.website AS companies_website, companies.source AS companies_source, companies.status AS companies_status, companies.news_last_refreshed AS companies_news_last_refreshed, companies.id AS companies_id, companies.created_at AS companies_created_at, companies.updated_at AS companies_updated_at, companies.is_deleted AS companies_is_deleted, companies.deleted_at AS companies_deleted_at 
FROM companies 
WHERE companies.name = ? AND companies.is_deleted = 0
 LIMIT ? OFFSET ?]
[parameters: ('Spectra AI (Spectralica)', 1, 0)]
(Background on this error at: https://sqlalche.me/e/20/e3q8)
2026-07-15 01:45:16,926 - ERROR - Error importing company at row 73: (sqlite3.OperationalError) no such column: companies.news_last_refreshed
[SQL: SELECT companies.slug AS companies_slug, companies.name AS companies_name, companies.country AS companies_country, companies.ai_category AS companies_ai_category, companies.segment_tags AS companies_segment_tags, companies.use_cases AS companies_use_cases, companies.top_german_customers AS companies_top_german_customers, companies.germany_presence AS companies_germany_presence, companies.company_type AS companies_company_type, companies.funding AS companies_funding, companies.estimated_revenue AS companies_estimated_revenue, companies.maturity AS companies_maturity, companies.deployment_evidence AS companies_deployment_evidence, companies.website AS companies_website, companies.source AS companies_source, companies.status AS companies_status, companies.news_last_refreshed AS companies_news_last_refreshed, companies.id AS companies_id, companies.created_at AS companies_created_at, companies.updated_at AS companies_updated_at, companies.is_deleted AS companies_is_deleted, companies.deleted_at AS companies_deleted_at 
FROM companies 
WHERE companies.name = ? AND companies.is_deleted = 0
 LIMIT ? OFFSET ?]
[parameters: ('Fermify', 1, 0)]
(Background on this error at: https://sqlalche.me/e/20/e3q8)
2026-07-15 01:45:16,928 - ERROR - Error importing company at row 74: (sqlite3.OperationalError) no such column: companies.news_last_refreshed
[SQL: SELECT companies.slug AS companies_slug, companies.name AS companies_name, companies.country AS companies_country, companies.ai_category AS companies_ai_category, companies.segment_tags AS companies_segment_tags, companies.use_cases AS companies_use_cases, companies.top_german_customers AS companies_top_german_customers, companies.germany_presence AS companies_germany_presence, companies.company_type AS companies_company_type, companies.funding AS companies_funding, companies.estimated_revenue AS companies_estimated_revenue, companies.maturity AS companies_maturity, companies.deployment_evidence AS companies_deployment_evidence, companies.website AS companies_website, companies.source AS companies_source, companies.status AS companies_status, companies.news_last_refreshed AS companies_news_last_refreshed, companies.id AS companies_id, companies.created_at AS companies_created_at, companies.updated_at AS companies_updated_at, companies.is_deleted AS companies_is_deleted, companies.deleted_at AS companies_deleted_at 
FROM companies 
WHERE companies.name = ? AND companies.is_deleted = 0
 LIMIT ? OFFSET ?]
[parameters: ('Nobell Foods', 1, 0)]
(Background on this error at: https://sqlalche.me/e/20/e3q8)
2026-07-15 01:45:16,930 - ERROR - Error importing company at row 75: (sqlite3.OperationalError) no such column: companies.news_last_refreshed
[SQL: SELECT companies.slug AS companies_slug, companies.name AS companies_name, companies.country AS companies_country, companies.ai_category AS companies_ai_category, companies.segment_tags AS companies_segment_tags, companies.use_cases AS companies_use_cases, companies.top_german_customers AS companies_top_german_customers, companies.germany_presence AS companies_germany_presence, companies.company_type AS companies_company_type, companies.funding AS companies_funding, companies.estimated_revenue AS companies_estimated_revenue, companies.maturity AS companies_maturity, companies.deployment_evidence AS companies_deployment_evidence, companies.website AS companies_website, companies.source AS companies_source, companies.status AS companies_status, companies.news_last_refreshed AS companies_news_last_refreshed, companies.id AS companies_id, companies.created_at AS companies_created_at, companies.updated_at AS companies_updated_at, companies.is_deleted AS companies_is_deleted, companies.deleted_at AS companies_deleted_at 
FROM companies 
WHERE companies.name = ? AND companies.is_deleted = 0
 LIMIT ? OFFSET ?]
[parameters: ('ACWA Robotics', 1, 0)]
(Background on this error at: https://sqlalche.me/e/20/e3q8)
2026-07-15 01:45:16,932 - ERROR - Error importing company at row 76: (sqlite3.OperationalError) no such column: companies.news_last_refreshed
[SQL: SELECT companies.slug AS companies_slug, companies.name AS companies_name, companies.country AS companies_country, companies.ai_category AS companies_ai_category, companies.segment_tags AS companies_segment_tags, companies.use_cases AS companies_use_cases, companies.top_german_customers AS companies_top_german_customers, companies.germany_presence AS companies_germany_presence, companies.company_type AS companies_company_type, companies.funding AS companies_funding, companies.estimated_revenue AS companies_estimated_revenue, companies.maturity AS companies_maturity, companies.deployment_evidence AS companies_deployment_evidence, companies.website AS companies_website, companies.source AS companies_source, companies.status AS companies_status, companies.news_last_refreshed AS companies_news_last_refreshed, companies.id AS companies_id, companies.created_at AS companies_created_at, companies.updated_at AS companies_updated_at, companies.is_deleted AS companies_is_deleted, companies.deleted_at AS companies_deleted_at 
FROM companies 
WHERE companies.name = ? AND companies.is_deleted = 0
 LIMIT ? OFFSET ?]
[parameters: ('Andritz AG', 1, 0)]
(Background on this error at: https://sqlalche.me/e/20/e3q8)
2026-07-15 01:45:16,933 - ERROR - Error importing company at row 77: (sqlite3.OperationalError) no such column: companies.news_last_refreshed
[SQL: SELECT companies.slug AS companies_slug, companies.name AS companies_name, companies.country AS companies_country, companies.ai_category AS companies_ai_category, companies.segment_tags AS companies_segment_tags, companies.use_cases AS companies_use_cases, companies.top_german_customers AS companies_top_german_customers, companies.germany_presence AS companies_germany_presence, companies.company_type AS companies_company_type, companies.funding AS companies_funding, companies.estimated_revenue AS companies_estimated_revenue, companies.maturity AS companies_maturity, companies.deployment_evidence AS companies_deployment_evidence, companies.website AS companies_website, companies.source AS companies_source, companies.status AS companies_status, companies.news_last_refreshed AS companies_news_last_refreshed, companies.id AS companies_id, companies.created_at AS companies_created_at, companies.updated_at AS companies_updated_at, companies.is_deleted AS companies_is_deleted, companies.deleted_at AS companies_deleted_at 
FROM companies 
WHERE companies.name = ? AND companies.is_deleted = 0
 LIMIT ? OFFSET ?]
[parameters: ('Brabender GmbH & Co KG', 1, 0)]
(Background on this error at: https://sqlalche.me/e/20/e3q8)
2026-07-15 01:45:16,935 - ERROR - Error importing company at row 78: (sqlite3.OperationalError) no such column: companies.news_last_refreshed
[SQL: SELECT companies.slug AS companies_slug, companies.name AS companies_name, companies.country AS companies_country, companies.ai_category AS companies_ai_category, companies.segment_tags AS companies_segment_tags, companies.use_cases AS companies_use_cases, companies.top_german_customers AS companies_top_german_customers, companies.germany_presence AS companies_germany_presence, companies.company_type AS companies_company_type, companies.funding AS companies_funding, companies.estimated_revenue AS companies_estimated_revenue, companies.maturity AS companies_maturity, companies.deployment_evidence AS companies_deployment_evidence, companies.website AS companies_website, companies.source AS companies_source, companies.status AS companies_status, companies.news_last_refreshed AS companies_news_last_refreshed, companies.id AS companies_id, companies.created_at AS companies_created_at, companies.updated_at AS companies_updated_at, companies.is_deleted AS companies_is_deleted, companies.deleted_at AS companies_deleted_at 
FROM companies 
WHERE companies.name = ? AND companies.is_deleted = 0
 LIMIT ? OFFSET ?]
[parameters: ('Netzsch Group', 1, 0)]
(Background on this error at: https://sqlalche.me/e/20/e3q8)
2026-07-15 01:45:16,936 - ERROR - Error importing company at row 79: (sqlite3.OperationalError) no such column: companies.news_last_refreshed
[SQL: SELECT companies.slug AS companies_slug, companies.name AS companies_name, companies.country AS companies_country, companies.ai_category AS companies_ai_category, companies.segment_tags AS companies_segment_tags, companies.use_cases AS companies_use_cases, companies.top_german_customers AS companies_top_german_customers, companies.germany_presence AS companies_germany_presence, companies.company_type AS companies_company_type, companies.funding AS companies_funding, companies.estimated_revenue AS companies_estimated_revenue, companies.maturity AS companies_maturity, companies.deployment_evidence AS companies_deployment_evidence, companies.website AS companies_website, companies.source AS companies_source, companies.status AS companies_status, companies.news_last_refreshed AS companies_news_last_refreshed, companies.id AS companies_id, companies.created_at AS companies_created_at, companies.updated_at AS companies_updated_at, companies.is_deleted AS companies_is_deleted, companies.deleted_at AS companies_deleted_at 
FROM companies 
WHERE companies.name = ? AND companies.is_deleted = 0
 LIMIT ? OFFSET ?]
[parameters: ('IMA Group', 1, 0)]
(Background on this error at: https://sqlalche.me/e/20/e3q8)
2026-07-15 01:45:16,938 - ERROR - Error importing company at row 80: (sqlite3.OperationalError) no such column: companies.news_last_refreshed
[SQL: SELECT companies.slug AS companies_slug, companies.name AS companies_name, companies.country AS companies_country, companies.ai_category AS companies_ai_category, companies.segment_tags AS companies_segment_tags, companies.use_cases AS companies_use_cases, companies.top_german_customers AS companies_top_german_customers, companies.germany_presence AS companies_germany_presence, companies.company_type AS companies_company_type, companies.funding AS companies_funding, companies.estimated_revenue AS companies_estimated_revenue, companies.maturity AS companies_maturity, companies.deployment_evidence AS companies_deployment_evidence, companies.website AS companies_website, companies.source AS companies_source, companies.status AS companies_status, companies.news_last_refreshed AS companies_news_last_refreshed, companies.id AS companies_id, companies.created_at AS companies_created_at, companies.updated_at AS companies_updated_at, companies.is_deleted AS companies_is_deleted, companies.deleted_at AS companies_deleted_at 
FROM companies 
WHERE companies.name = ? AND companies.is_deleted = 0
 LIMIT ? OFFSET ?]
[parameters: ('Optima Packaging Group', 1, 0)]
(Background on this error at: https://sqlalche.me/e/20/e3q8)
2026-07-15 01:45:16,940 - ERROR - Error importing company at row 81: (sqlite3.OperationalError) no such column: companies.news_last_refreshed
[SQL: SELECT companies.slug AS companies_slug, companies.name AS companies_name, companies.country AS companies_country, companies.ai_category AS companies_ai_category, companies.segment_tags AS companies_segment_tags, companies.use_cases AS companies_use_cases, companies.top_german_customers AS companies_top_german_customers, companies.germany_presence AS companies_germany_presence, companies.company_type AS companies_company_type, companies.funding AS companies_funding, companies.estimated_revenue AS companies_estimated_revenue, companies.maturity AS companies_maturity, companies.deployment_evidence AS companies_deployment_evidence, companies.website AS companies_website, companies.source AS companies_source, companies.status AS companies_status, companies.news_last_refreshed AS companies_news_last_refreshed, companies.id AS companies_id, companies.created_at AS companies_created_at, companies.updated_at AS companies_updated_at, companies.is_deleted AS companies_is_deleted, companies.deleted_at AS companies_deleted_at 
FROM companies 
WHERE companies.name = ? AND companies.is_deleted = 0
 LIMIT ? OFFSET ?]
[parameters: ('Marchesini Group', 1, 0)]
(Background on this error at: https://sqlalche.me/e/20/e3q8)
2026-07-15 01:45:16,943 - ERROR - Error importing company at row 82: (sqlite3.OperationalError) no such column: companies.news_last_refreshed
[SQL: SELECT companies.slug AS companies_slug, companies.name AS companies_name, companies.country AS companies_country, companies.ai_category AS companies_ai_category, companies.segment_tags AS companies_segment_tags, companies.use_cases AS companies_use_cases, companies.top_german_customers AS companies_top_german_customers, companies.germany_presence AS companies_germany_presence, companies.company_type AS companies_company_type, companies.funding AS companies_funding, companies.estimated_revenue AS companies_estimated_revenue, companies.maturity AS companies_maturity, companies.deployment_evidence AS companies_deployment_evidence, companies.website AS companies_website, companies.source AS companies_source, companies.status AS companies_status, companies.news_last_refreshed AS companies_news_last_refreshed, companies.id AS companies_id, companies.created_at AS companies_created_at, companies.updated_at AS companies_updated_at, companies.is_deleted AS companies_is_deleted, companies.deleted_at AS companies_deleted_at 
FROM companies 
WHERE companies.name = ? AND companies.is_deleted = 0
 LIMIT ? OFFSET ?]
[parameters: ('ProSonix LLC', 1, 0)]
(Background on this error at: https://sqlalche.me/e/20/e3q8)
2026-07-15 01:45:16,945 - ERROR - Error importing company at row 83: (sqlite3.OperationalError) no such column: companies.news_last_refreshed
[SQL: SELECT companies.slug AS companies_slug, companies.name AS companies_name, companies.country AS companies_country, companies.ai_category AS companies_ai_category, companies.segment_tags AS companies_segment_tags, companies.use_cases AS companies_use_cases, companies.top_german_customers AS companies_top_german_customers, companies.germany_presence AS companies_germany_presence, companies.company_type AS companies_company_type, companies.funding AS companies_funding, companies.estimated_revenue AS companies_estimated_revenue, companies.maturity AS companies_maturity, companies.deployment_evidence AS companies_deployment_evidence, companies.website AS companies_website, companies.source AS companies_source, companies.status AS companies_status, companies.news_last_refreshed AS companies_news_last_refreshed, companies.id AS companies_id, companies.created_at AS companies_created_at, companies.updated_at AS companies_updated_at, companies.is_deleted AS companies_is_deleted, companies.deleted_at AS companies_deleted_at 
FROM companies 
WHERE companies.name = ? AND companies.is_deleted = 0
 LIMIT ? OFFSET ?]
[parameters: ('Buhler Sortex', 1, 0)]
(Background on this error at: https://sqlalche.me/e/20/e3q8)
2026-07-15 01:45:16,947 - ERROR - Error importing company at row 84: (sqlite3.OperationalError) no such column: companies.news_last_refreshed
[SQL: SELECT companies.slug AS companies_slug, companies.name AS companies_name, companies.country AS companies_country, companies.ai_category AS companies_ai_category, companies.segment_tags AS companies_segment_tags, companies.use_cases AS companies_use_cases, companies.top_german_customers AS companies_top_german_customers, companies.germany_presence AS companies_germany_presence, companies.company_type AS companies_company_type, companies.funding AS companies_funding, companies.estimated_revenue AS companies_estimated_revenue, companies.maturity AS companies_maturity, companies.deployment_evidence AS companies_deployment_evidence, companies.website AS companies_website, companies.source AS companies_source, companies.status AS companies_status, companies.news_last_refreshed AS companies_news_last_refreshed, companies.id AS companies_id, companies.created_at AS companies_created_at, companies.updated_at AS companies_updated_at, companies.is_deleted AS companies_is_deleted, companies.deleted_at AS companies_deleted_at 
FROM companies 
WHERE companies.name = ? AND companies.is_deleted = 0
 LIMIT ? OFFSET ?]
[parameters: ('Tomra Sorting Solutions', 1, 0)]
(Background on this error at: https://sqlalche.me/e/20/e3q8)
2026-07-15 01:45:16,949 - ERROR - Error importing company at row 85: (sqlite3.OperationalError) no such column: companies.news_last_refreshed
[SQL: SELECT companies.slug AS companies_slug, companies.name AS companies_name, companies.country AS companies_country, companies.ai_category AS companies_ai_category, companies.segment_tags AS companies_segment_tags, companies.use_cases AS companies_use_cases, companies.top_german_customers AS companies_top_german_customers, companies.germany_presence AS companies_germany_presence, companies.company_type AS companies_company_type, companies.funding AS companies_funding, companies.estimated_revenue AS companies_estimated_revenue, companies.maturity AS companies_maturity, companies.deployment_evidence AS companies_deployment_evidence, companies.website AS companies_website, companies.source AS companies_source, companies.status AS companies_status, companies.news_last_refreshed AS companies_news_last_refreshed, companies.id AS companies_id, companies.created_at AS companies_created_at, companies.updated_at AS companies_updated_at, companies.is_deleted AS companies_is_deleted, companies.deleted_at AS companies_deleted_at 
FROM companies 
WHERE companies.name = ? AND companies.is_deleted = 0
 LIMIT ? OFFSET ?]
[parameters: ('Multivac Sepp Haggenmüller', 1, 0)]
(Background on this error at: https://sqlalche.me/e/20/e3q8)
2026-07-15 01:45:16,952 - ERROR - Error importing company at row 86: (sqlite3.OperationalError) no such column: companies.news_last_refreshed
[SQL: SELECT companies.slug AS companies_slug, companies.name AS companies_name, companies.country AS companies_country, companies.ai_category AS companies_ai_category, companies.segment_tags AS companies_segment_tags, companies.use_cases AS companies_use_cases, companies.top_german_customers AS companies_top_german_customers, companies.germany_presence AS companies_germany_presence, companies.company_type AS companies_company_type, companies.funding AS companies_funding, companies.estimated_revenue AS companies_estimated_revenue, companies.maturity AS companies_maturity, companies.deployment_evidence AS companies_deployment_evidence, companies.website AS companies_website, companies.source AS companies_source, companies.status AS companies_status, companies.news_last_refreshed AS companies_news_last_refreshed, companies.id AS companies_id, companies.created_at AS companies_created_at, companies.updated_at AS companies_updated_at, companies.is_deleted AS companies_is_deleted, companies.deleted_at AS companies_deleted_at 
FROM companies 
WHERE companies.name = ? AND companies.is_deleted = 0
 LIMIT ? OFFSET ?]
[parameters: ('Planetary AG', 1, 0)]
(Background on this error at: https://sqlalche.me/e/20/e3q8)
2026-07-15 01:45:16,954 - ERROR - Error importing company at row 87: (sqlite3.OperationalError) no such column: companies.news_last_refreshed
[SQL: SELECT companies.slug AS companies_slug, companies.name AS companies_name, companies.country AS companies_country, companies.ai_category AS companies_ai_category, companies.segment_tags AS companies_segment_tags, companies.use_cases AS companies_use_cases, companies.top_german_customers AS companies_top_german_customers, companies.germany_presence AS companies_germany_presence, companies.company_type AS companies_company_type, companies.funding AS companies_funding, companies.estimated_revenue AS companies_estimated_revenue, companies.maturity AS companies_maturity, companies.deployment_evidence AS companies_deployment_evidence, companies.website AS companies_website, companies.source AS companies_source, companies.status AS companies_status, companies.news_last_refreshed AS companies_news_last_refreshed, companies.id AS companies_id, companies.created_at AS companies_created_at, companies.updated_at AS companies_updated_at, companies.is_deleted AS companies_is_deleted, companies.deleted_at AS companies_deleted_at 
FROM companies 
WHERE companies.name = ? AND companies.is_deleted = 0
 LIMIT ? OFFSET ?]
[parameters: ('Pixelfield GmbH', 1, 0)]
(Background on this error at: https://sqlalche.me/e/20/e3q8)
2026-07-15 01:45:16,956 - ERROR - Error importing company at row 88: (sqlite3.OperationalError) no such column: companies.news_last_refreshed
[SQL: SELECT companies.slug AS companies_slug, companies.name AS companies_name, companies.country AS companies_country, companies.ai_category AS companies_ai_category, companies.segment_tags AS companies_segment_tags, companies.use_cases AS companies_use_cases, companies.top_german_customers AS companies_top_german_customers, companies.germany_presence AS companies_germany_presence, companies.company_type AS companies_company_type, companies.funding AS companies_funding, companies.estimated_revenue AS companies_estimated_revenue, companies.maturity AS companies_maturity, companies.deployment_evidence AS companies_deployment_evidence, companies.website AS companies_website, companies.source AS companies_source, companies.status AS companies_status, companies.news_last_refreshed AS companies_news_last_refreshed, companies.id AS companies_id, companies.created_at AS companies_created_at, companies.updated_at AS companies_updated_at, companies.is_deleted AS companies_is_deleted, companies.deleted_at AS companies_deleted_at 
FROM companies 
WHERE companies.name = ? AND companies.is_deleted = 0
 LIMIT ? OFFSET ?]
[parameters: ('Nobell Foods Inc', 1, 0)]
(Background on this error at: https://sqlalche.me/e/20/e3q8)
2026-07-15 01:45:16,958 - ERROR - Error importing company at row 89: (sqlite3.OperationalError) no such column: companies.news_last_refreshed
[SQL: SELECT companies.slug AS companies_slug, companies.name AS companies_name, companies.country AS companies_country, companies.ai_category AS companies_ai_category, companies.segment_tags AS companies_segment_tags, companies.use_cases AS companies_use_cases, companies.top_german_customers AS companies_top_german_customers, companies.germany_presence AS companies_germany_presence, companies.company_type AS companies_company_type, companies.funding AS companies_funding, companies.estimated_revenue AS companies_estimated_revenue, companies.maturity AS companies_maturity, companies.deployment_evidence AS companies_deployment_evidence, companies.website AS companies_website, companies.source AS companies_source, companies.status AS companies_status, companies.news_last_refreshed AS companies_news_last_refreshed, companies.id AS companies_id, companies.created_at AS companies_created_at, companies.updated_at AS companies_updated_at, companies.is_deleted AS companies_is_deleted, companies.deleted_at AS companies_deleted_at 
FROM companies 
WHERE companies.name = ? AND companies.is_deleted = 0
 LIMIT ? OFFSET ?]
[parameters: ('Zoetis Inc (Digital)', 1, 0)]
(Background on this error at: https://sqlalche.me/e/20/e3q8)
2026-07-15 01:45:16,959 - ERROR - Error importing company at row 90: (sqlite3.OperationalError) no such column: companies.news_last_refreshed
[SQL: SELECT companies.slug AS companies_slug, companies.name AS companies_name, companies.country AS companies_country, companies.ai_category AS companies_ai_category, companies.segment_tags AS companies_segment_tags, companies.use_cases AS companies_use_cases, companies.top_german_customers AS companies_top_german_customers, companies.germany_presence AS companies_germany_presence, companies.company_type AS companies_company_type, companies.funding AS companies_funding, companies.estimated_revenue AS companies_estimated_revenue, companies.maturity AS companies_maturity, companies.deployment_evidence AS companies_deployment_evidence, companies.website AS companies_website, companies.source AS companies_source, companies.status AS companies_status, companies.news_last_refreshed AS companies_news_last_refreshed, companies.id AS companies_id, companies.created_at AS companies_created_at, companies.updated_at AS companies_updated_at, companies.is_deleted AS companies_is_deleted, companies.deleted_at AS companies_deleted_at 
FROM companies 
WHERE companies.name = ? AND companies.is_deleted = 0
 LIMIT ? OFFSET ?]
[parameters: ('Merck Animal Health (DE)', 1, 0)]
(Background on this error at: https://sqlalche.me/e/20/e3q8)
2026-07-15 01:45:16,962 - ERROR - Error importing company at row 91: (sqlite3.OperationalError) no such column: companies.news_last_refreshed
[SQL: SELECT companies.slug AS companies_slug, companies.name AS companies_name, companies.country AS companies_country, companies.ai_category AS companies_ai_category, companies.segment_tags AS companies_segment_tags, companies.use_cases AS companies_use_cases, companies.top_german_customers AS companies_top_german_customers, companies.germany_presence AS companies_germany_presence, companies.company_type AS companies_company_type, companies.funding AS companies_funding, companies.estimated_revenue AS companies_estimated_revenue, companies.maturity AS companies_maturity, companies.deployment_evidence AS companies_deployment_evidence, companies.website AS companies_website, companies.source AS companies_source, companies.status AS companies_status, companies.news_last_refreshed AS companies_news_last_refreshed, companies.id AS companies_id, companies.created_at AS companies_created_at, companies.updated_at AS companies_updated_at, companies.is_deleted AS companies_is_deleted, companies.deleted_at AS companies_deleted_at 
FROM companies 
WHERE companies.name = ? AND companies.is_deleted = 0
 LIMIT ? OFFSET ?]
[parameters: ('SenseTime (AgriAI)', 1, 0)]
(Background on this error at: https://sqlalche.me/e/20/e3q8)
2026-07-15 01:45:16,964 - ERROR - Error importing company at row 92: (sqlite3.OperationalError) no such column: companies.news_last_refreshed
[SQL: SELECT companies.slug AS companies_slug, companies.name AS companies_name, companies.country AS companies_country, companies.ai_category AS companies_ai_category, companies.segment_tags AS companies_segment_tags, companies.use_cases AS companies_use_cases, companies.top_german_customers AS companies_top_german_customers, companies.germany_presence AS companies_germany_presence, companies.company_type AS companies_company_type, companies.funding AS companies_funding, companies.estimated_revenue AS companies_estimated_revenue, companies.maturity AS companies_maturity, companies.deployment_evidence AS companies_deployment_evidence, companies.website AS companies_website, companies.source AS companies_source, companies.status AS companies_status, companies.news_last_refreshed AS companies_news_last_refreshed, companies.id AS companies_id, companies.created_at AS companies_created_at, companies.updated_at AS companies_updated_at, companies.is_deleted AS companies_is_deleted, companies.deleted_at AS companies_deleted_at 
FROM companies 
WHERE companies.name = ? AND companies.is_deleted = 0
 LIMIT ? OFFSET ?]
[parameters: ('Halio Inc (AGC)', 1, 0)]
(Background on this error at: https://sqlalche.me/e/20/e3q8)
2026-07-15 01:45:16,966 - ERROR - Error importing company at row 93: (sqlite3.OperationalError) no such column: companies.news_last_refreshed
[SQL: SELECT companies.slug AS companies_slug, companies.name AS companies_name, companies.country AS companies_country, companies.ai_category AS companies_ai_category, companies.segment_tags AS companies_segment_tags, companies.use_cases AS companies_use_cases, companies.top_german_customers AS companies_top_german_customers, companies.germany_presence AS companies_germany_presence, companies.company_type AS companies_company_type, companies.funding AS companies_funding, companies.estimated_revenue AS companies_estimated_revenue, companies.maturity AS companies_maturity, companies.deployment_evidence AS companies_deployment_evidence, companies.website AS companies_website, companies.source AS companies_source, companies.status AS companies_status, companies.news_last_refreshed AS companies_news_last_refreshed, companies.id AS companies_id, companies.created_at AS companies_created_at, companies.updated_at AS companies_updated_at, companies.is_deleted AS companies_is_deleted, companies.deleted_at AS companies_deleted_at 
FROM companies 
WHERE companies.name = ? AND companies.is_deleted = 0
 LIMIT ? OFFSET ?]
[parameters: ('Royal DSM Digital (dsm-firmenich)', 1, 0)]
(Background on this error at: https://sqlalche.me/e/20/e3q8)
2026-07-15 01:45:16,968 - ERROR - Error importing company at row 94: (sqlite3.OperationalError) no such column: companies.news_last_refreshed
[SQL: SELECT companies.slug AS companies_slug, companies.name AS companies_name, companies.country AS companies_country, companies.ai_category AS companies_ai_category, companies.segment_tags AS companies_segment_tags, companies.use_cases AS companies_use_cases, companies.top_german_customers AS companies_top_german_customers, companies.germany_presence AS companies_germany_presence, companies.company_type AS companies_company_type, companies.funding AS companies_funding, companies.estimated_revenue AS companies_estimated_revenue, companies.maturity AS companies_maturity, companies.deployment_evidence AS companies_deployment_evidence, companies.website AS companies_website, companies.source AS companies_source, companies.status AS companies_status, companies.news_last_refreshed AS companies_news_last_refreshed, companies.id AS companies_id, companies.created_at AS companies_created_at, companies.updated_at AS companies_updated_at, companies.is_deleted AS companies_is_deleted, companies.deleted_at AS companies_deleted_at 
FROM companies 
WHERE companies.name = ? AND companies.is_deleted = 0
 LIMIT ? OFFSET ?]
[parameters: ('Barry Callebaut (Digital AI)', 1, 0)]
(Background on this error at: https://sqlalche.me/e/20/e3q8)
2026-07-15 01:45:16,970 - ERROR - Error importing company at row 95: (sqlite3.OperationalError) no such column: companies.news_last_refreshed
[SQL: SELECT companies.slug AS companies_slug, companies.name AS companies_name, companies.country AS companies_country, companies.ai_category AS companies_ai_category, companies.segment_tags AS companies_segment_tags, companies.use_cases AS companies_use_cases, companies.top_german_customers AS companies_top_german_customers, companies.germany_presence AS companies_germany_presence, companies.company_type AS companies_company_type, companies.funding AS companies_funding, companies.estimated_revenue AS companies_estimated_revenue, companies.maturity AS companies_maturity, companies.deployment_evidence AS companies_deployment_evidence, companies.website AS companies_website, companies.source AS companies_source, companies.status AS companies_status, companies.news_last_refreshed AS companies_news_last_refreshed, companies.id AS companies_id, companies.created_at AS companies_created_at, companies.updated_at AS companies_updated_at, companies.is_deleted AS companies_is_deleted, companies.deleted_at AS companies_deleted_at 
FROM companies 
WHERE companies.name = ? AND companies.is_deleted = 0
 LIMIT ? OFFSET ?]
[parameters: ('Olam International', 1, 0)]
(Background on this error at: https://sqlalche.me/e/20/e3q8)
2026-07-15 01:45:16,972 - ERROR - Error importing company at row 96: (sqlite3.OperationalError) no such column: companies.news_last_refreshed
[SQL: SELECT companies.slug AS companies_slug, companies.name AS companies_name, companies.country AS companies_country, companies.ai_category AS companies_ai_category, companies.segment_tags AS companies_segment_tags, companies.use_cases AS companies_use_cases, companies.top_german_customers AS companies_top_german_customers, companies.germany_presence AS companies_germany_presence, companies.company_type AS companies_company_type, companies.funding AS companies_funding, companies.estimated_revenue AS companies_estimated_revenue, companies.maturity AS companies_maturity, companies.deployment_evidence AS companies_deployment_evidence, companies.website AS companies_website, companies.source AS companies_source, companies.status AS companies_status, companies.news_last_refreshed AS companies_news_last_refreshed, companies.id AS companies_id, companies.created_at AS companies_created_at, companies.updated_at AS companies_updated_at, companies.is_deleted AS companies_is_deleted, companies.deleted_at AS companies_deleted_at 
FROM companies 
WHERE companies.name = ? AND companies.is_deleted = 0
 LIMIT ? OFFSET ?]
[parameters: ('Givaudan Digital (AI division)', 1, 0)]
(Background on this error at: https://sqlalche.me/e/20/e3q8)
2026-07-15 01:45:16,974 - ERROR - Error importing company at row 97: (sqlite3.OperationalError) no such column: companies.news_last_refreshed
[SQL: SELECT companies.slug AS companies_slug, companies.name AS companies_name, companies.country AS companies_country, companies.ai_category AS companies_ai_category, companies.segment_tags AS companies_segment_tags, companies.use_cases AS companies_use_cases, companies.top_german_customers AS companies_top_german_customers, companies.germany_presence AS companies_germany_presence, companies.company_type AS companies_company_type, companies.funding AS companies_funding, companies.estimated_revenue AS companies_estimated_revenue, companies.maturity AS companies_maturity, companies.deployment_evidence AS companies_deployment_evidence, companies.website AS companies_website, companies.source AS companies_source, companies.status AS companies_status, companies.news_last_refreshed AS companies_news_last_refreshed, companies.id AS companies_id, companies.created_at AS companies_created_at, companies.updated_at AS companies_updated_at, companies.is_deleted AS companies_is_deleted, companies.deleted_at AS companies_deleted_at 
FROM companies 
WHERE companies.name = ? AND companies.is_deleted = 0
 LIMIT ? OFFSET ?]
[parameters: ('IFF (International Flavors & Fragrances)', 1, 0)]
(Background on this error at: https://sqlalche.me/e/20/e3q8)
2026-07-15 01:45:16,976 - ERROR - Error importing company at row 98: (sqlite3.OperationalError) no such column: companies.news_last_refreshed
[SQL: SELECT companies.slug AS companies_slug, companies.name AS companies_name, companies.country AS companies_country, companies.ai_category AS companies_ai_category, companies.segment_tags AS companies_segment_tags, companies.use_cases AS companies_use_cases, companies.top_german_customers AS companies_top_german_customers, companies.germany_presence AS companies_germany_presence, companies.company_type AS companies_company_type, companies.funding AS companies_funding, companies.estimated_revenue AS companies_estimated_revenue, companies.maturity AS companies_maturity, companies.deployment_evidence AS companies_deployment_evidence, companies.website AS companies_website, companies.source AS companies_source, companies.status AS companies_status, companies.news_last_refreshed AS companies_news_last_refreshed, companies.id AS companies_id, companies.created_at AS companies_created_at, companies.updated_at AS companies_updated_at, companies.is_deleted AS companies_is_deleted, companies.deleted_at AS companies_deleted_at 
FROM companies 
WHERE companies.name = ? AND companies.is_deleted = 0
 LIMIT ? OFFSET ?]
[parameters: ('Kerry Group Digital', 1, 0)]
(Background on this error at: https://sqlalche.me/e/20/e3q8)
2026-07-15 01:45:16,977 - ERROR - Error importing company at row 99: (sqlite3.OperationalError) no such column: companies.news_last_refreshed
[SQL: SELECT companies.slug AS companies_slug, companies.name AS companies_name, companies.country AS companies_country, companies.ai_category AS companies_ai_category, companies.segment_tags AS companies_segment_tags, companies.use_cases AS companies_use_cases, companies.top_german_customers AS companies_top_german_customers, companies.germany_presence AS companies_germany_presence, companies.company_type AS companies_company_type, companies.funding AS companies_funding, companies.estimated_revenue AS companies_estimated_revenue, companies.maturity AS companies_maturity, companies.deployment_evidence AS companies_deployment_evidence, companies.website AS companies_website, companies.source AS companies_source, companies.status AS companies_status, companies.news_last_refreshed AS companies_news_last_refreshed, companies.id AS companies_id, companies.created_at AS companies_created_at, companies.updated_at AS companies_updated_at, companies.is_deleted AS companies_is_deleted, companies.deleted_at AS companies_deleted_at 
FROM companies 
WHERE companies.name = ? AND companies.is_deleted = 0
 LIMIT ? OFFSET ?]
[parameters: ('Corbion NV', 1, 0)]
(Background on this error at: https://sqlalche.me/e/20/e3q8)
2026-07-15 01:45:16,979 - ERROR - Error importing company at row 100: (sqlite3.OperationalError) no such column: companies.news_last_refreshed
[SQL: SELECT companies.slug AS companies_slug, companies.name AS companies_name, companies.country AS companies_country, companies.ai_category AS companies_ai_category, companies.segment_tags AS companies_segment_tags, companies.use_cases AS companies_use_cases, companies.top_german_customers AS companies_top_german_customers, companies.germany_presence AS companies_germany_presence, companies.company_type AS companies_company_type, companies.funding AS companies_funding, companies.estimated_revenue AS companies_estimated_revenue, companies.maturity AS companies_maturity, companies.deployment_evidence AS companies_deployment_evidence, companies.website AS companies_website, companies.source AS companies_source, companies.status AS companies_status, companies.news_last_refreshed AS companies_news_last_refreshed, companies.id AS companies_id, companies.created_at AS companies_created_at, companies.updated_at AS companies_updated_at, companies.is_deleted AS companies_is_deleted, companies.deleted_at AS companies_deleted_at 
FROM companies 
WHERE companies.name = ? AND companies.is_deleted = 0
 LIMIT ? OFFSET ?]
[parameters: ('Novozymes (Novo Nordisk Foundation)', 1, 0)]
(Background on this error at: https://sqlalche.me/e/20/e3q8)
2026-07-15 01:45:16,981 - ERROR - Error importing company at row 101: (sqlite3.OperationalError) no such column: companies.news_last_refreshed
[SQL: SELECT companies.slug AS companies_slug, companies.name AS companies_name, companies.country AS companies_country, companies.ai_category AS companies_ai_category, companies.segment_tags AS companies_segment_tags, companies.use_cases AS companies_use_cases, companies.top_german_customers AS companies_top_german_customers, companies.germany_presence AS companies_germany_presence, companies.company_type AS companies_company_type, companies.funding AS companies_funding, companies.estimated_revenue AS companies_estimated_revenue, companies.maturity AS companies_maturity, companies.deployment_evidence AS companies_deployment_evidence, companies.website AS companies_website, companies.source AS companies_source, companies.status AS companies_status, companies.news_last_refreshed AS companies_news_last_refreshed, companies.id AS companies_id, companies.created_at AS companies_created_at, companies.updated_at AS companies_updated_at, companies.is_deleted AS companies_is_deleted, companies.deleted_at AS companies_deleted_at 
FROM companies 
WHERE companies.name = ? AND companies.is_deleted = 0
 LIMIT ? OFFSET ?]
[parameters: ('ABF Ingredients (AB Foods)', 1, 0)]
(Background on this error at: https://sqlalche.me/e/20/e3q8)
2026-07-15 01:45:16,983 - ERROR - Error importing company at row 102: (sqlite3.OperationalError) no such column: companies.news_last_refreshed
[SQL: SELECT companies.slug AS companies_slug, companies.name AS companies_name, companies.country AS companies_country, companies.ai_category AS companies_ai_category, companies.segment_tags AS companies_segment_tags, companies.use_cases AS companies_use_cases, companies.top_german_customers AS companies_top_german_customers, companies.germany_presence AS companies_germany_presence, companies.company_type AS companies_company_type, companies.funding AS companies_funding, companies.estimated_revenue AS companies_estimated_revenue, companies.maturity AS companies_maturity, companies.deployment_evidence AS companies_deployment_evidence, companies.website AS companies_website, companies.source AS companies_source, companies.status AS companies_status, companies.news_last_refreshed AS companies_news_last_refreshed, companies.id AS companies_id, companies.created_at AS companies_created_at, companies.updated_at AS companies_updated_at, companies.is_deleted AS companies_is_deleted, companies.deleted_at AS companies_deleted_at 
FROM companies 
WHERE companies.name = ? AND companies.is_deleted = 0
 LIMIT ? OFFSET ?]
[parameters: ('Sensitech Inc (Carrier)', 1, 0)]
(Background on this error at: https://sqlalche.me/e/20/e3q8)
2026-07-15 01:45:16,984 - ERROR - Error importing company at row 103: (sqlite3.OperationalError) no such column: companies.news_last_refreshed
[SQL: SELECT companies.slug AS companies_slug, companies.name AS companies_name, companies.country AS companies_country, companies.ai_category AS companies_ai_category, companies.segment_tags AS companies_segment_tags, companies.use_cases AS companies_use_cases, companies.top_german_customers AS companies_top_german_customers, companies.germany_presence AS companies_germany_presence, companies.company_type AS companies_company_type, companies.funding AS companies_funding, companies.estimated_revenue AS companies_estimated_revenue, companies.maturity AS companies_maturity, companies.deployment_evidence AS companies_deployment_evidence, companies.website AS companies_website, companies.source AS companies_source, companies.status AS companies_status, companies.news_last_refreshed AS companies_news_last_refreshed, companies.id AS companies_id, companies.created_at AS companies_created_at, companies.updated_at AS companies_updated_at, companies.is_deleted AS companies_is_deleted, companies.deleted_at AS companies_deleted_at 
FROM companies 
WHERE companies.name = ? AND companies.is_deleted = 0
 LIMIT ? OFFSET ?]
[parameters: ('Emerson (Cargo Solutions)', 1, 0)]
(Background on this error at: https://sqlalche.me/e/20/e3q8)
2026-07-15 01:45:16,986 - ERROR - Error importing company at row 104: (sqlite3.OperationalError) no such column: companies.news_last_refreshed
[SQL: SELECT companies.slug AS companies_slug, companies.name AS companies_name, companies.country AS companies_country, companies.ai_category AS companies_ai_category, companies.segment_tags AS companies_segment_tags, companies.use_cases AS companies_use_cases, companies.top_german_customers AS companies_top_german_customers, companies.germany_presence AS companies_germany_presence, companies.company_type AS companies_company_type, companies.funding AS companies_funding, companies.estimated_revenue AS companies_estimated_revenue, companies.maturity AS companies_maturity, companies.deployment_evidence AS companies_deployment_evidence, companies.website AS companies_website, companies.source AS companies_source, companies.status AS companies_status, companies.news_last_refreshed AS companies_news_last_refreshed, companies.id AS companies_id, companies.created_at AS companies_created_at, companies.updated_at AS companies_updated_at, companies.is_deleted AS companies_is_deleted, companies.deleted_at AS companies_deleted_at 
FROM companies 
WHERE companies.name = ? AND companies.is_deleted = 0
 LIMIT ? OFFSET ?]
[parameters: ('Roambee Corporation', 1, 0)]
(Background on this error at: https://sqlalche.me/e/20/e3q8)
2026-07-15 01:45:16,987 - ERROR - Error importing company at row 105: (sqlite3.OperationalError) no such column: companies.news_last_refreshed
[SQL: SELECT companies.slug AS companies_slug, companies.name AS companies_name, companies.country AS companies_country, companies.ai_category AS companies_ai_category, companies.segment_tags AS companies_segment_tags, companies.use_cases AS companies_use_cases, companies.top_german_customers AS companies_top_german_customers, companies.germany_presence AS companies_germany_presence, companies.company_type AS companies_company_type, companies.funding AS companies_funding, companies.estimated_revenue AS companies_estimated_revenue, companies.maturity AS companies_maturity, companies.deployment_evidence AS companies_deployment_evidence, companies.website AS companies_website, companies.source AS companies_source, companies.status AS companies_status, companies.news_last_refreshed AS companies_news_last_refreshed, companies.id AS companies_id, companies.created_at AS companies_created_at, companies.updated_at AS companies_updated_at, companies.is_deleted AS companies_is_deleted, companies.deleted_at AS companies_deleted_at 
FROM companies 
WHERE companies.name = ? AND companies.is_deleted = 0
 LIMIT ? OFFSET ?]
[parameters: ('Foodlogix (by Aptean)', 1, 0)]
(Background on this error at: https://sqlalche.me/e/20/e3q8)
2026-07-15 01:45:16,989 - ERROR - Error importing company at row 106: (sqlite3.OperationalError) no such column: companies.news_last_refreshed
[SQL: SELECT companies.slug AS companies_slug, companies.name AS companies_name, companies.country AS companies_country, companies.ai_category AS companies_ai_category, companies.segment_tags AS companies_segment_tags, companies.use_cases AS companies_use_cases, companies.top_german_customers AS companies_top_german_customers, companies.germany_presence AS companies_germany_presence, companies.company_type AS companies_company_type, companies.funding AS companies_funding, companies.estimated_revenue AS companies_estimated_revenue, companies.maturity AS companies_maturity, companies.deployment_evidence AS companies_deployment_evidence, companies.website AS companies_website, companies.source AS companies_source, companies.status AS companies_status, companies.news_last_refreshed AS companies_news_last_refreshed, companies.id AS companies_id, companies.created_at AS companies_created_at, companies.updated_at AS companies_updated_at, companies.is_deleted AS companies_is_deleted, companies.deleted_at AS companies_deleted_at 
FROM companies 
WHERE companies.name = ? AND companies.is_deleted = 0
 LIMIT ? OFFSET ?]
[parameters: ('Siemens AG', 1, 0)]
(Background on this error at: https://sqlalche.me/e/20/e3q8)
2026-07-15 01:45:16,991 - ERROR - Error importing company at row 107: (sqlite3.OperationalError) no such column: companies.news_last_refreshed
[SQL: SELECT companies.slug AS companies_slug, companies.name AS companies_name, companies.country AS companies_country, companies.ai_category AS companies_ai_category, companies.segment_tags AS companies_segment_tags, companies.use_cases AS companies_use_cases, companies.top_german_customers AS companies_top_german_customers, companies.germany_presence AS companies_germany_presence, companies.company_type AS companies_company_type, companies.funding AS companies_funding, companies.estimated_revenue AS companies_estimated_revenue, companies.maturity AS companies_maturity, companies.deployment_evidence AS companies_deployment_evidence, companies.website AS companies_website, companies.source AS companies_source, companies.status AS companies_status, companies.news_last_refreshed AS companies_news_last_refreshed, companies.id AS companies_id, companies.created_at AS companies_created_at, companies.updated_at AS companies_updated_at, companies.is_deleted AS companies_is_deleted, companies.deleted_at AS companies_deleted_at 
FROM companies 
WHERE companies.name = ? AND companies.is_deleted = 0
 LIMIT ? OFFSET ?]
[parameters: ('SAP SE', 1, 0)]
(Background on this error at: https://sqlalche.me/e/20/e3q8)
2026-07-15 01:45:16,993 - ERROR - Error importing company at row 108: (sqlite3.OperationalError) no such column: companies.news_last_refreshed
[SQL: SELECT companies.slug AS companies_slug, companies.name AS companies_name, companies.country AS companies_country, companies.ai_category AS companies_ai_category, companies.segment_tags AS companies_segment_tags, companies.use_cases AS companies_use_cases, companies.top_german_customers AS companies_top_german_customers, companies.germany_presence AS companies_germany_presence, companies.company_type AS companies_company_type, companies.funding AS companies_funding, companies.estimated_revenue AS companies_estimated_revenue, companies.maturity AS companies_maturity, companies.deployment_evidence AS companies_deployment_evidence, companies.website AS companies_website, companies.source AS companies_source, companies.status AS companies_status, companies.news_last_refreshed AS companies_news_last_refreshed, companies.id AS companies_id, companies.created_at AS companies_created_at, companies.updated_at AS companies_updated_at, companies.is_deleted AS companies_is_deleted, companies.deleted_at AS companies_deleted_at 
FROM companies 
WHERE companies.name = ? AND companies.is_deleted = 0
 LIMIT ? OFFSET ?]
[parameters: ('Blue Yonder (Panasonic)', 1, 0)]
(Background on this error at: https://sqlalche.me/e/20/e3q8)
2026-07-15 01:45:16,995 - ERROR - Error importing company at row 109: (sqlite3.OperationalError) no such column: companies.news_last_refreshed
[SQL: SELECT companies.slug AS companies_slug, companies.name AS companies_name, companies.country AS companies_country, companies.ai_category AS companies_ai_category, companies.segment_tags AS companies_segment_tags, companies.use_cases AS companies_use_cases, companies.top_german_customers AS companies_top_german_customers, companies.germany_presence AS companies_germany_presence, companies.company_type AS companies_company_type, companies.funding AS companies_funding, companies.estimated_revenue AS companies_estimated_revenue, companies.maturity AS companies_maturity, companies.deployment_evidence AS companies_deployment_evidence, companies.website AS companies_website, companies.source AS companies_source, companies.status AS companies_status, companies.news_last_refreshed AS companies_news_last_refreshed, companies.id AS companies_id, companies.created_at AS companies_created_at, companies.updated_at AS companies_updated_at, companies.is_deleted AS companies_is_deleted, companies.deleted_at AS companies_deleted_at 
FROM companies 
WHERE companies.name = ? AND companies.is_deleted = 0
 LIMIT ? OFFSET ?]
[parameters: ('Augury', 1, 0)]
(Background on this error at: https://sqlalche.me/e/20/e3q8)
2026-07-15 01:45:16,996 - ERROR - Error importing company at row 110: (sqlite3.OperationalError) no such column: companies.news_last_refreshed
[SQL: SELECT companies.slug AS companies_slug, companies.name AS companies_name, companies.country AS companies_country, companies.ai_category AS companies_ai_category, companies.segment_tags AS companies_segment_tags, companies.use_cases AS companies_use_cases, companies.top_german_customers AS companies_top_german_customers, companies.germany_presence AS companies_germany_presence, companies.company_type AS companies_company_type, companies.funding AS companies_funding, companies.estimated_revenue AS companies_estimated_revenue, companies.maturity AS companies_maturity, companies.deployment_evidence AS companies_deployment_evidence, companies.website AS companies_website, companies.source AS companies_source, companies.status AS companies_status, companies.news_last_refreshed AS companies_news_last_refreshed, companies.id AS companies_id, companies.created_at AS companies_created_at, companies.updated_at AS companies_updated_at, companies.is_deleted AS companies_is_deleted, companies.deleted_at AS companies_deleted_at 
FROM companies 
WHERE companies.name = ? AND companies.is_deleted = 0
 LIMIT ? OFFSET ?]
[parameters: ('IBM (Watson/Consulting)', 1, 0)]
(Background on this error at: https://sqlalche.me/e/20/e3q8)
2026-07-15 01:45:16,998 - ERROR - Error importing company at row 111: (sqlite3.OperationalError) no such column: companies.news_last_refreshed
[SQL: SELECT companies.slug AS companies_slug, companies.name AS companies_name, companies.country AS companies_country, companies.ai_category AS companies_ai_category, companies.segment_tags AS companies_segment_tags, companies.use_cases AS companies_use_cases, companies.top_german_customers AS companies_top_german_customers, companies.germany_presence AS companies_germany_presence, companies.company_type AS companies_company_type, companies.funding AS companies_funding, companies.estimated_revenue AS companies_estimated_revenue, companies.maturity AS companies_maturity, companies.deployment_evidence AS companies_deployment_evidence, companies.website AS companies_website, companies.source AS companies_source, companies.status AS companies_status, companies.news_last_refreshed AS companies_news_last_refreshed, companies.id AS companies_id, companies.created_at AS companies_created_at, companies.updated_at AS companies_updated_at, companies.is_deleted AS companies_is_deleted, companies.deleted_at AS companies_deleted_at 
FROM companies 
WHERE companies.name = ? AND companies.is_deleted = 0
 LIMIT ? OFFSET ?]
[parameters: ('Rockwell Automation', 1, 0)]
(Background on this error at: https://sqlalche.me/e/20/e3q8)
2026-07-15 01:45:16,999 - ERROR - Error importing company at row 112: (sqlite3.OperationalError) no such column: companies.news_last_refreshed
[SQL: SELECT companies.slug AS companies_slug, companies.name AS companies_name, companies.country AS companies_country, companies.ai_category AS companies_ai_category, companies.segment_tags AS companies_segment_tags, companies.use_cases AS companies_use_cases, companies.top_german_customers AS companies_top_german_customers, companies.germany_presence AS companies_germany_presence, companies.company_type AS companies_company_type, companies.funding AS companies_funding, companies.estimated_revenue AS companies_estimated_revenue, companies.maturity AS companies_maturity, companies.deployment_evidence AS companies_deployment_evidence, companies.website AS companies_website, companies.source AS companies_source, companies.status AS companies_status, companies.news_last_refreshed AS companies_news_last_refreshed, companies.id AS companies_id, companies.created_at AS companies_created_at, companies.updated_at AS companies_updated_at, companies.is_deleted AS companies_is_deleted, companies.deleted_at AS companies_deleted_at 
FROM companies 
WHERE companies.name = ? AND companies.is_deleted = 0
 LIMIT ? OFFSET ?]
[parameters: ('Amazon Web Services (AWS)', 1, 0)]
(Background on this error at: https://sqlalche.me/e/20/e3q8)
2026-07-15 01:45:17,001 - ERROR - Error importing company at row 113: (sqlite3.OperationalError) no such column: companies.news_last_refreshed
[SQL: SELECT companies.slug AS companies_slug, companies.name AS companies_name, companies.country AS companies_country, companies.ai_category AS companies_ai_category, companies.segment_tags AS companies_segment_tags, companies.use_cases AS companies_use_cases, companies.top_german_customers AS companies_top_german_customers, companies.germany_presence AS companies_germany_presence, companies.company_type AS companies_company_type, companies.funding AS companies_funding, companies.estimated_revenue AS companies_estimated_revenue, companies.maturity AS companies_maturity, companies.deployment_evidence AS companies_deployment_evidence, companies.website AS companies_website, companies.source AS companies_source, companies.status AS companies_status, companies.news_last_refreshed AS companies_news_last_refreshed, companies.id AS companies_id, companies.created_at AS companies_created_at, companies.updated_at AS companies_updated_at, companies.is_deleted AS companies_is_deleted, companies.deleted_at AS companies_deleted_at 
FROM companies 
WHERE companies.name = ? AND companies.is_deleted = 0
 LIMIT ? OFFSET ?]
[parameters: ('Google Cloud (Vertex AI)', 1, 0)]
(Background on this error at: https://sqlalche.me/e/20/e3q8)
2026-07-15 01:45:17,002 - ERROR - Error importing company at row 114: (sqlite3.OperationalError) no such column: companies.news_last_refreshed
[SQL: SELECT companies.slug AS companies_slug, companies.name AS companies_name, companies.country AS companies_country, companies.ai_category AS companies_ai_category, companies.segment_tags AS companies_segment_tags, companies.use_cases AS companies_use_cases, companies.top_german_customers AS companies_top_german_customers, companies.germany_presence AS companies_germany_presence, companies.company_type AS companies_company_type, companies.funding AS companies_funding, companies.estimated_revenue AS companies_estimated_revenue, companies.maturity AS companies_maturity, companies.deployment_evidence AS companies_deployment_evidence, companies.website AS companies_website, companies.source AS companies_source, companies.status AS companies_status, companies.news_last_refreshed AS companies_news_last_refreshed, companies.id AS companies_id, companies.created_at AS companies_created_at, companies.updated_at AS companies_updated_at, companies.is_deleted AS companies_is_deleted, companies.deleted_at AS companies_deleted_at 
FROM companies 
WHERE companies.name = ? AND companies.is_deleted = 0
 LIMIT ? OFFSET ?]
[parameters: ('Fiix Software (Rockwell Automation)', 1, 0)]
(Background on this error at: https://sqlalche.me/e/20/e3q8)
2026-07-15 01:45:17,005 - ERROR - Error importing company at row 115: (sqlite3.OperationalError) no such column: companies.news_last_refreshed
[SQL: SELECT companies.slug AS companies_slug, companies.name AS companies_name, companies.country AS companies_country, companies.ai_category AS companies_ai_category, companies.segment_tags AS companies_segment_tags, companies.use_cases AS companies_use_cases, companies.top_german_customers AS companies_top_german_customers, companies.germany_presence AS companies_germany_presence, companies.company_type AS companies_company_type, companies.funding AS companies_funding, companies.estimated_revenue AS companies_estimated_revenue, companies.maturity AS companies_maturity, companies.deployment_evidence AS companies_deployment_evidence, companies.website AS companies_website, companies.source AS companies_source, companies.status AS companies_status, companies.news_last_refreshed AS companies_news_last_refreshed, companies.id AS companies_id, companies.created_at AS companies_created_at, companies.updated_at AS companies_updated_at, companies.is_deleted AS companies_is_deleted, companies.deleted_at AS companies_deleted_at 
FROM companies 
WHERE companies.name = ? AND companies.is_deleted = 0
 LIMIT ? OFFSET ?]
[parameters: ('Red Hat (IBM) AI for Manufacturing', 1, 0)]
(Background on this error at: https://sqlalche.me/e/20/e3q8)
2026-07-15 01:45:17,005 - INFO - Importing Problems...
2026-07-15 01:45:17,549 - INFO - Importing Mappings...
2026-07-15 01:45:17,550 - WARNING - Row 0 (Mapping): Missing company_name or problem_category
2026-07-15 01:45:17,551 - WARNING - Row 1 (Mapping): Missing company_name or problem_category
2026-07-15 01:45:17,552 - WARNING - Row 2 (Mapping): Missing company_name or problem_category
2026-07-15 01:45:17,553 - WARNING - Row 3 (Mapping): Missing company_name or problem_category
2026-07-15 01:45:17,554 - WARNING - Row 4 (Mapping): Missing company_name or problem_category
2026-07-15 01:45:17,555 - WARNING - Row 5 (Mapping): Missing company_name or problem_category
2026-07-15 01:45:17,556 - WARNING - Row 6 (Mapping): Missing company_name or problem_category
2026-07-15 01:45:17,556 - WARNING - Row 7 (Mapping): Missing company_name or problem_category
2026-07-15 01:45:17,557 - WARNING - Row 8 (Mapping): Missing company_name or problem_category
2026-07-15 01:45:17,558 - WARNING - Row 9 (Mapping): Missing company_name or problem_category
2026-07-15 01:45:17,558 - WARNING - Row 10 (Mapping): Missing company_name or problem_category
2026-07-15 01:45:17,559 - WARNING - Row 11 (Mapping): Missing company_name or problem_category
2026-07-15 01:45:17,560 - WARNING - Row 12 (Mapping): Missing company_name or problem_category
2026-07-15 01:45:17,561 - WARNING - Row 13 (Mapping): Missing company_name or problem_category
2026-07-15 01:45:17,562 - WARNING - Row 14 (Mapping): Missing company_name or problem_category
2026-07-15 01:45:17,563 - WARNING - Row 15 (Mapping): Missing company_name or problem_category
2026-07-15 01:45:17,564 - WARNING - Row 16 (Mapping): Missing company_name or problem_category
2026-07-15 01:45:17,564 - WARNING - Row 17 (Mapping): Missing company_name or problem_category
2026-07-15 01:45:17,565 - WARNING - Row 18 (Mapping): Missing company_name or problem_category
2026-07-15 01:45:17,566 - WARNING - Row 19 (Mapping): Missing company_name or problem_category
2026-07-15 01:45:17,567 - WARNING - Row 20 (Mapping): Missing company_name or problem_category
2026-07-15 01:45:17,567 - WARNING - Row 21 (Mapping): Missing company_name or problem_category
2026-07-15 01:45:17,568 - WARNING - Row 22 (Mapping): Missing company_name or problem_category
2026-07-15 01:45:17,569 - WARNING - Row 23 (Mapping): Missing company_name or problem_category
2026-07-15 01:45:17,569 - INFO - Transaction committed successfully.
2026-07-15 01:45:17,571 - INFO - Wrote import summary JSON to C:\Users\BISON TECH\Desktop\AIML\Proj\AI-Atlas\logs\import_summary.json
2026-07-15 01:45:17,579 - ERROR - Ingestion failed: (sqlite3.OperationalError) no such column: companies.news_last_refreshed
[SQL: SELECT count(*) AS count_1 
FROM (SELECT companies.slug AS companies_slug, companies.name AS companies_name, companies.country AS companies_country, companies.ai_category AS companies_ai_category, companies.segment_tags AS companies_segment_tags, companies.use_cases AS companies_use_cases, companies.top_german_customers AS companies_top_german_customers, companies.germany_presence AS companies_germany_presence, companies.company_type AS companies_company_type, companies.funding AS companies_funding, companies.estimated_revenue AS companies_estimated_revenue, companies.maturity AS companies_maturity, companies.deployment_evidence AS companies_deployment_evidence, companies.website AS companies_website, companies.source AS companies_source, companies.status AS companies_status, companies.news_last_refreshed AS companies_news_last_refreshed, companies.id AS companies_id, companies.created_at AS companies_created_at, companies.updated_at AS companies_updated_at, companies.is_deleted AS companies_is_deleted, companies.deleted_at AS companies_deleted_at 
FROM companies) AS anon_1]
(Background on this error at: https://sqlalche.me/e/20/e3q8)
2026-07-15 01:47:44,391 - INFO - Starting Dataset Ingestion Pipeline
2026-07-15 01:47:44,399 - INFO - Loaded 15 rows from sectors_reference.csv
2026-07-15 01:47:44,406 - INFO - Loaded 116 rows from companies_germany.csv
2026-07-15 01:47:44,409 - INFO - Loaded 71 rows from problems_germany.csv
2026-07-15 01:47:44,413 - INFO - Loaded 24 rows from problem_company_mapping.csv
2026-07-15 01:47:44,414 - INFO - Importing Sectors...
2026-07-15 01:47:44,486 - INFO - Importing Companies...
2026-07-15 01:47:44,492 - ERROR - Error importing company at row 0: (sqlite3.OperationalError) no such column: companies.news_last_refreshed
[SQL: SELECT companies.slug AS companies_slug, companies.name AS companies_name, companies.country AS companies_country, companies.ai_category AS companies_ai_category, companies.segment_tags AS companies_segment_tags, companies.use_cases AS companies_use_cases, companies.top_german_customers AS companies_top_german_customers, companies.germany_presence AS companies_germany_presence, companies.company_type AS companies_company_type, companies.funding AS companies_funding, companies.estimated_revenue AS companies_estimated_revenue, companies.maturity AS companies_maturity, companies.deployment_evidence AS companies_deployment_evidence, companies.website AS companies_website, companies.source AS companies_source, companies.status AS companies_status, companies.news_last_refreshed AS companies_news_last_refreshed, companies.id AS companies_id, companies.created_at AS companies_created_at, companies.updated_at AS companies_updated_at, companies.is_deleted AS companies_is_deleted, companies.deleted_at AS companies_deleted_at 
FROM companies 
WHERE companies.name = ? AND companies.is_deleted = 0
 LIMIT ? OFFSET ?]
[parameters: ('GEA Group AG', 1, 0)]
(Background on this error at: https://sqlalche.me/e/20/e3q8)
2026-07-15 01:47:44,494 - ERROR - Error importing company at row 1: (sqlite3.OperationalError) no such column: companies.news_last_refreshed
[SQL: SELECT companies.slug AS companies_slug, companies.name AS companies_name, companies.country AS companies_country, companies.ai_category AS companies_ai_category, companies.segment_tags AS companies_segment_tags, companies.use_cases AS companies_use_cases, companies.top_german_customers AS companies_top_german_customers, companies.germany_presence AS companies_germany_presence, companies.company_type AS companies_company_type, companies.funding AS companies_funding, companies.estimated_revenue AS companies_estimated_revenue, companies.maturity AS companies_maturity, companies.deployment_evidence AS companies_deployment_evidence, companies.website AS companies_website, companies.source AS companies_source, companies.status AS companies_status, companies.news_last_refreshed AS companies_news_last_refreshed, companies.id AS companies_id, companies.created_at AS companies_created_at, companies.updated_at AS companies_updated_at, companies.is_deleted AS companies_is_deleted, companies.deleted_at AS companies_deleted_at 
FROM companies 
WHERE companies.name = ? AND companies.is_deleted = 0
 LIMIT ? OFFSET ?]
[parameters: ('Marel', 1, 0)]
(Background on this error at: https://sqlalche.me/e/20/e3q8)
2026-07-15 01:47:44,496 - ERROR - Error importing company at row 2: (sqlite3.OperationalError) no such column: companies.news_last_refreshed
[SQL: SELECT companies.slug AS companies_slug, companies.name AS companies_name, companies.country AS companies_country, companies.ai_category AS companies_ai_category, companies.segment_tags AS companies_segment_tags, companies.use_cases AS companies_use_cases, companies.top_german_customers AS companies_top_german_customers, companies.germany_presence AS companies_germany_presence, companies.company_type AS companies_company_type, companies.funding AS companies_funding, companies.estimated_revenue AS companies_estimated_revenue, companies.maturity AS companies_maturity, companies.deployment_evidence AS companies_deployment_evidence, companies.website AS companies_website, companies.source AS companies_source, companies.status AS companies_status, companies.news_last_refreshed AS companies_news_last_refreshed, companies.id AS companies_id, companies.created_at AS companies_created_at, companies.updated_at AS companies_updated_at, companies.is_deleted AS companies_is_deleted, companies.deleted_at AS companies_deleted_at 
FROM companies 
WHERE companies.name = ? AND companies.is_deleted = 0
 LIMIT ? OFFSET ?]
[parameters: ('Bizerba SE & Co KG', 1, 0)]
(Background on this error at: https://sqlalche.me/e/20/e3q8)
2026-07-15 01:47:44,499 - ERROR - Error importing company at row 3: (sqlite3.OperationalError) no such column: companies.news_last_refreshed
[SQL: SELECT companies.slug AS companies_slug, companies.name AS companies_name, companies.country AS companies_country, companies.ai_category AS companies_ai_category, companies.segment_tags AS companies_segment_tags, companies.use_cases AS companies_use_cases, companies.top_german_customers AS companies_top_german_customers, companies.germany_presence AS companies_germany_presence, companies.company_type AS companies_company_type, companies.funding AS companies_funding, companies.estimated_revenue AS companies_estimated_revenue, companies.maturity AS companies_maturity, companies.deployment_evidence AS companies_deployment_evidence, companies.website AS companies_website, companies.source AS companies_source, companies.status AS companies_status, companies.news_last_refreshed AS companies_news_last_refreshed, companies.id AS companies_id, companies.created_at AS companies_created_at, companies.updated_at AS companies_updated_at, companies.is_deleted AS companies_is_deleted, companies.deleted_at AS companies_deleted_at 
FROM companies 
WHERE companies.name = ? AND companies.is_deleted = 0
 LIMIT ? OFFSET ?]
[parameters: ('Inspectra AG', 1, 0)]
(Background on this error at: https://sqlalche.me/e/20/e3q8)
2026-07-15 01:47:44,502 - ERROR - Error importing company at row 4: (sqlite3.OperationalError) no such column: companies.news_last_refreshed
[SQL: SELECT companies.slug AS companies_slug, companies.name AS companies_name, companies.country AS companies_country, companies.ai_category AS companies_ai_category, companies.segment_tags AS companies_segment_tags, companies.use_cases AS companies_use_cases, companies.top_german_customers AS companies_top_german_customers, companies.germany_presence AS companies_germany_presence, companies.company_type AS companies_company_type, companies.funding AS companies_funding, companies.estimated_revenue AS companies_estimated_revenue, companies.maturity AS companies_maturity, companies.deployment_evidence AS companies_deployment_evidence, companies.website AS companies_website, companies.source AS companies_source, companies.status AS companies_status, companies.news_last_refreshed AS companies_news_last_refreshed, companies.id AS companies_id, companies.created_at AS companies_created_at, companies.updated_at AS companies_updated_at, companies.is_deleted AS companies_is_deleted, companies.deleted_at AS companies_deleted_at 
FROM companies 
WHERE companies.name = ? AND companies.is_deleted = 0
 LIMIT ? OFFSET ?]
[parameters: ('Controlant', 1, 0)]
(Background on this error at: https://sqlalche.me/e/20/e3q8)
2026-07-15 01:47:44,505 - ERROR - Error importing company at row 5: (sqlite3.OperationalError) no such column: companies.news_last_refreshed
[SQL: SELECT companies.slug AS companies_slug, companies.name AS companies_name, companies.country AS companies_country, companies.ai_category AS companies_ai_category, companies.segment_tags AS companies_segment_tags, companies.use_cases AS companies_use_cases, companies.top_german_customers AS companies_top_german_customers, companies.germany_presence AS companies_germany_presence, companies.company_type AS companies_company_type, companies.funding AS companies_funding, companies.estimated_revenue AS companies_estimated_revenue, companies.maturity AS companies_maturity, companies.deployment_evidence AS companies_deployment_evidence, companies.website AS companies_website, companies.source AS companies_source, companies.status AS companies_status, companies.news_last_refreshed AS companies_news_last_refreshed, companies.id AS companies_id, companies.created_at AS companies_created_at, companies.updated_at AS companies_updated_at, companies.is_deleted AS companies_is_deleted, companies.deleted_at AS companies_deleted_at 
FROM companies 
WHERE companies.name = ? AND companies.is_deleted = 0
 LIMIT ? OFFSET ?]
[parameters: ('Endress+Hauser', 1, 0)]
(Background on this error at: https://sqlalche.me/e/20/e3q8)
2026-07-15 01:47:44,507 - ERROR - Error importing company at row 6: (sqlite3.OperationalError) no such column: companies.news_last_refreshed
[SQL: SELECT companies.slug AS companies_slug, companies.name AS companies_name, companies.country AS companies_country, companies.ai_category AS companies_ai_category, companies.segment_tags AS companies_segment_tags, companies.use_cases AS companies_use_cases, companies.top_german_customers AS companies_top_german_customers, companies.germany_presence AS companies_germany_presence, companies.company_type AS companies_company_type, companies.funding AS companies_funding, companies.estimated_revenue AS companies_estimated_revenue, companies.maturity AS companies_maturity, companies.deployment_evidence AS companies_deployment_evidence, companies.website AS companies_website, companies.source AS companies_source, companies.status AS companies_status, companies.news_last_refreshed AS companies_news_last_refreshed, companies.id AS companies_id, companies.created_at AS companies_created_at, companies.updated_at AS companies_updated_at, companies.is_deleted AS companies_is_deleted, companies.deleted_at AS companies_deleted_at 
FROM companies 
WHERE companies.name = ? AND companies.is_deleted = 0
 LIMIT ? OFFSET ?]
[parameters: ('AspenTech (Emerson)', 1, 0)]
(Background on this error at: https://sqlalche.me/e/20/e3q8)
2026-07-15 01:47:44,509 - ERROR - Error importing company at row 7: (sqlite3.OperationalError) no such column: companies.news_last_refreshed
[SQL: SELECT companies.slug AS companies_slug, companies.name AS companies_name, companies.country AS companies_country, companies.ai_category AS companies_ai_category, companies.segment_tags AS companies_segment_tags, companies.use_cases AS companies_use_cases, companies.top_german_customers AS companies_top_german_customers, companies.germany_presence AS companies_germany_presence, companies.company_type AS companies_company_type, companies.funding AS companies_funding, companies.estimated_revenue AS companies_estimated_revenue, companies.maturity AS companies_maturity, companies.deployment_evidence AS companies_deployment_evidence, companies.website AS companies_website, companies.source AS companies_source, companies.status AS companies_status, companies.news_last_refreshed AS companies_news_last_refreshed, companies.id AS companies_id, companies.created_at AS companies_created_at, companies.updated_at AS companies_updated_at, companies.is_deleted AS companies_is_deleted, companies.deleted_at AS companies_deleted_at 
FROM companies 
WHERE companies.name = ? AND companies.is_deleted = 0
 LIMIT ? OFFSET ?]
[parameters: ('Aveva (Schneider Electric)', 1, 0)]
(Background on this error at: https://sqlalche.me/e/20/e3q8)
2026-07-15 01:47:44,510 - ERROR - Error importing company at row 8: (sqlite3.OperationalError) no such column: companies.news_last_refreshed
[SQL: SELECT companies.slug AS companies_slug, companies.name AS companies_name, companies.country AS companies_country, companies.ai_category AS companies_ai_category, companies.segment_tags AS companies_segment_tags, companies.use_cases AS companies_use_cases, companies.top_german_customers AS companies_top_german_customers, companies.germany_presence AS companies_germany_presence, companies.company_type AS companies_company_type, companies.funding AS companies_funding, companies.estimated_revenue AS companies_estimated_revenue, companies.maturity AS companies_maturity, companies.deployment_evidence AS companies_deployment_evidence, companies.website AS companies_website, companies.source AS companies_source, companies.status AS companies_status, companies.news_last_refreshed AS companies_news_last_refreshed, companies.id AS companies_id, companies.created_at AS companies_created_at, companies.updated_at AS companies_updated_at, companies.is_deleted AS companies_is_deleted, companies.deleted_at AS companies_deleted_at 
FROM companies 
WHERE companies.name = ? AND companies.is_deleted = 0
 LIMIT ? OFFSET ?]
[parameters: ('Tetra Pak', 1, 0)]
(Background on this error at: https://sqlalche.me/e/20/e3q8)
2026-07-15 01:47:44,513 - ERROR - Error importing company at row 9: (sqlite3.OperationalError) no such column: companies.news_last_refreshed
[SQL: SELECT companies.slug AS companies_slug, companies.name AS companies_name, companies.country AS companies_country, companies.ai_category AS companies_ai_category, companies.segment_tags AS companies_segment_tags, companies.use_cases AS companies_use_cases, companies.top_german_customers AS companies_top_german_customers, companies.germany_presence AS companies_germany_presence, companies.company_type AS companies_company_type, companies.funding AS companies_funding, companies.estimated_revenue AS companies_estimated_revenue, companies.maturity AS companies_maturity, companies.deployment_evidence AS companies_deployment_evidence, companies.website AS companies_website, companies.source AS companies_source, companies.status AS companies_status, companies.news_last_refreshed AS companies_news_last_refreshed, companies.id AS companies_id, companies.created_at AS companies_created_at, companies.updated_at AS companies_updated_at, companies.is_deleted AS companies_is_deleted, companies.deleted_at AS companies_deleted_at 
FROM companies 
WHERE companies.name = ? AND companies.is_deleted = 0
 LIMIT ? OFFSET ?]
[parameters: ('Seeq Corporation', 1, 0)]
(Background on this error at: https://sqlalche.me/e/20/e3q8)
2026-07-15 01:47:44,515 - ERROR - Error importing company at row 10: (sqlite3.OperationalError) no such column: companies.news_last_refreshed
[SQL: SELECT companies.slug AS companies_slug, companies.name AS companies_name, companies.country AS companies_country, companies.ai_category AS companies_ai_category, companies.segment_tags AS companies_segment_tags, companies.use_cases AS companies_use_cases, companies.top_german_customers AS companies_top_german_customers, companies.germany_presence AS companies_germany_presence, companies.company_type AS companies_company_type, companies.funding AS companies_funding, companies.estimated_revenue AS companies_estimated_revenue, companies.maturity AS companies_maturity, companies.deployment_evidence AS companies_deployment_evidence, companies.website AS companies_website, companies.source AS companies_source, companies.status AS companies_status, companies.news_last_refreshed AS companies_news_last_refreshed, companies.id AS companies_id, companies.created_at AS companies_created_at, companies.updated_at AS companies_updated_at, companies.is_deleted AS companies_is_deleted, companies.deleted_at AS companies_deleted_at 
FROM companies 
WHERE companies.name = ? AND companies.is_deleted = 0
 LIMIT ? OFFSET ?]
[parameters: ('Oritain', 1, 0)]
(Background on this error at: https://sqlalche.me/e/20/e3q8)
2026-07-15 01:47:44,517 - ERROR - Error importing company at row 11: (sqlite3.OperationalError) no such column: companies.news_last_refreshed
[SQL: SELECT companies.slug AS companies_slug, companies.name AS companies_name, companies.country AS companies_country, companies.ai_category AS companies_ai_category, companies.segment_tags AS companies_segment_tags, companies.use_cases AS companies_use_cases, companies.top_german_customers AS companies_top_german_customers, companies.germany_presence AS companies_germany_presence, companies.company_type AS companies_company_type, companies.funding AS companies_funding, companies.estimated_revenue AS companies_estimated_revenue, companies.maturity AS companies_maturity, companies.deployment_evidence AS companies_deployment_evidence, companies.website AS companies_website, companies.source AS companies_source, companies.status AS companies_status, companies.news_last_refreshed AS companies_news_last_refreshed, companies.id AS companies_id, companies.created_at AS companies_created_at, companies.updated_at AS companies_updated_at, companies.is_deleted AS companies_is_deleted, companies.deleted_at AS companies_deleted_at 
FROM companies 
WHERE companies.name = ? AND companies.is_deleted = 0
 LIMIT ? OFFSET ?]
[parameters: ('Bosch Rexroth AG', 1, 0)]
(Background on this error at: https://sqlalche.me/e/20/e3q8)
2026-07-15 01:47:44,518 - ERROR - Error importing company at row 12: (sqlite3.OperationalError) no such column: companies.news_last_refreshed
[SQL: SELECT companies.slug AS companies_slug, companies.name AS companies_name, companies.country AS companies_country, companies.ai_category AS companies_ai_category, companies.segment_tags AS companies_segment_tags, companies.use_cases AS companies_use_cases, companies.top_german_customers AS companies_top_german_customers, companies.germany_presence AS companies_germany_presence, companies.company_type AS companies_company_type, companies.funding AS companies_funding, companies.estimated_revenue AS companies_estimated_revenue, companies.maturity AS companies_maturity, companies.deployment_evidence AS companies_deployment_evidence, companies.website AS companies_website, companies.source AS companies_source, companies.status AS companies_status, companies.news_last_refreshed AS companies_news_last_refreshed, companies.id AS companies_id, companies.created_at AS companies_created_at, companies.updated_at AS companies_updated_at, companies.is_deleted AS companies_is_deleted, companies.deleted_at AS companies_deleted_at 
FROM companies 
WHERE companies.name = ? AND companies.is_deleted = 0
 LIMIT ? OFFSET ?]
[parameters: ('FOSS Analytics', 1, 0)]
(Background on this error at: https://sqlalche.me/e/20/e3q8)
2026-07-15 01:47:44,521 - ERROR - Error importing company at row 13: (sqlite3.OperationalError) no such column: companies.news_last_refreshed
[SQL: SELECT companies.slug AS companies_slug, companies.name AS companies_name, companies.country AS companies_country, companies.ai_category AS companies_ai_category, companies.segment_tags AS companies_segment_tags, companies.use_cases AS companies_use_cases, companies.top_german_customers AS companies_top_german_customers, companies.germany_presence AS companies_germany_presence, companies.company_type AS companies_company_type, companies.funding AS companies_funding, companies.estimated_revenue AS companies_estimated_revenue, companies.maturity AS companies_maturity, companies.deployment_evidence AS companies_deployment_evidence, companies.website AS companies_website, companies.source AS companies_source, companies.status AS companies_status, companies.news_last_refreshed AS companies_news_last_refreshed, companies.id AS companies_id, companies.created_at AS companies_created_at, companies.updated_at AS companies_updated_at, companies.is_deleted AS companies_is_deleted, companies.deleted_at AS companies_deleted_at 
FROM companies 
WHERE companies.name = ? AND companies.is_deleted = 0
 LIMIT ? OFFSET ?]
[parameters: ('TOMRA', 1, 0)]
(Background on this error at: https://sqlalche.me/e/20/e3q8)
2026-07-15 01:47:44,523 - ERROR - Error importing company at row 14: (sqlite3.OperationalError) no such column: companies.news_last_refreshed
[SQL: SELECT companies.slug AS companies_slug, companies.name AS companies_name, companies.country AS companies_country, companies.ai_category AS companies_ai_category, companies.segment_tags AS companies_segment_tags, companies.use_cases AS companies_use_cases, companies.top_german_customers AS companies_top_german_customers, companies.germany_presence AS companies_germany_presence, companies.company_type AS companies_company_type, companies.funding AS companies_funding, companies.estimated_revenue AS companies_estimated_revenue, companies.maturity AS companies_maturity, companies.deployment_evidence AS companies_deployment_evidence, companies.website AS companies_website, companies.source AS companies_source, companies.status AS companies_status, companies.news_last_refreshed AS companies_news_last_refreshed, companies.id AS companies_id, companies.created_at AS companies_created_at, companies.updated_at AS companies_updated_at, companies.is_deleted AS companies_is_deleted, companies.deleted_at AS companies_deleted_at 
FROM companies 
WHERE companies.name = ? AND companies.is_deleted = 0
 LIMIT ? OFFSET ?]
[parameters: ('Aryballe', 1, 0)]
(Background on this error at: https://sqlalche.me/e/20/e3q8)
2026-07-15 01:47:44,525 - ERROR - Error importing company at row 15: (sqlite3.OperationalError) no such column: companies.news_last_refreshed
[SQL: SELECT companies.slug AS companies_slug, companies.name AS companies_name, companies.country AS companies_country, companies.ai_category AS companies_ai_category, companies.segment_tags AS companies_segment_tags, companies.use_cases AS companies_use_cases, companies.top_german_customers AS companies_top_german_customers, companies.germany_presence AS companies_germany_presence, companies.company_type AS companies_company_type, companies.funding AS companies_funding, companies.estimated_revenue AS companies_estimated_revenue, companies.maturity AS companies_maturity, companies.deployment_evidence AS companies_deployment_evidence, companies.website AS companies_website, companies.source AS companies_source, companies.status AS companies_status, companies.news_last_refreshed AS companies_news_last_refreshed, companies.id AS companies_id, companies.created_at AS companies_created_at, companies.updated_at AS companies_updated_at, companies.is_deleted AS companies_is_deleted, companies.deleted_at AS companies_deleted_at 
FROM companies 
WHERE companies.name = ? AND companies.is_deleted = 0
 LIMIT ? OFFSET ?]
[parameters: ('Bürkert Fluid Control', 1, 0)]
(Background on this error at: https://sqlalche.me/e/20/e3q8)
2026-07-15 01:47:44,527 - ERROR - Error importing company at row 16: (sqlite3.OperationalError) no such column: companies.news_last_refreshed
[SQL: SELECT companies.slug AS companies_slug, companies.name AS companies_name, companies.country AS companies_country, companies.ai_category AS companies_ai_category, companies.segment_tags AS companies_segment_tags, companies.use_cases AS companies_use_cases, companies.top_german_customers AS companies_top_german_customers, companies.germany_presence AS companies_germany_presence, companies.company_type AS companies_company_type, companies.funding AS companies_funding, companies.estimated_revenue AS companies_estimated_revenue, companies.maturity AS companies_maturity, companies.deployment_evidence AS companies_deployment_evidence, companies.website AS companies_website, companies.source AS companies_source, companies.status AS companies_status, companies.news_last_refreshed AS companies_news_last_refreshed, companies.id AS companies_id, companies.created_at AS companies_created_at, companies.updated_at AS companies_updated_at, companies.is_deleted AS companies_is_deleted, companies.deleted_at AS companies_deleted_at 
FROM companies 
WHERE companies.name = ? AND companies.is_deleted = 0
 LIMIT ? OFFSET ?]
[parameters: ('Tastewise', 1, 0)]
(Background on this error at: https://sqlalche.me/e/20/e3q8)
2026-07-15 01:47:44,529 - ERROR - Error importing company at row 17: (sqlite3.OperationalError) no such column: companies.news_last_refreshed
[SQL: SELECT companies.slug AS companies_slug, companies.name AS companies_name, companies.country AS companies_country, companies.ai_category AS companies_ai_category, companies.segment_tags AS companies_segment_tags, companies.use_cases AS companies_use_cases, companies.top_german_customers AS companies_top_german_customers, companies.germany_presence AS companies_germany_presence, companies.company_type AS companies_company_type, companies.funding AS companies_funding, companies.estimated_revenue AS companies_estimated_revenue, companies.maturity AS companies_maturity, companies.deployment_evidence AS companies_deployment_evidence, companies.website AS companies_website, companies.source AS companies_source, companies.status AS companies_status, companies.news_last_refreshed AS companies_news_last_refreshed, companies.id AS companies_id, companies.created_at AS companies_created_at, companies.updated_at AS companies_updated_at, companies.is_deleted AS companies_is_deleted, companies.deleted_at AS companies_deleted_at 
FROM companies 
WHERE companies.name = ? AND companies.is_deleted = 0
 LIMIT ? OFFSET ?]
[parameters: ('Yokogawa Electric', 1, 0)]
(Background on this error at: https://sqlalche.me/e/20/e3q8)
2026-07-15 01:47:44,532 - ERROR - Error importing company at row 18: (sqlite3.OperationalError) no such column: companies.news_last_refreshed
[SQL: SELECT companies.slug AS companies_slug, companies.name AS companies_name, companies.country AS companies_country, companies.ai_category AS companies_ai_category, companies.segment_tags AS companies_segment_tags, companies.use_cases AS companies_use_cases, companies.top_german_customers AS companies_top_german_customers, companies.germany_presence AS companies_germany_presence, companies.company_type AS companies_company_type, companies.funding AS companies_funding, companies.estimated_revenue AS companies_estimated_revenue, companies.maturity AS companies_maturity, companies.deployment_evidence AS companies_deployment_evidence, companies.website AS companies_website, companies.source AS companies_source, companies.status AS companies_status, companies.news_last_refreshed AS companies_news_last_refreshed, companies.id AS companies_id, companies.created_at AS companies_created_at, companies.updated_at AS companies_updated_at, companies.is_deleted AS companies_is_deleted, companies.deleted_at AS companies_deleted_at 
FROM companies 
WHERE companies.name = ? AND companies.is_deleted = 0
 LIMIT ? OFFSET ?]
[parameters: ('Picnic Technologies', 1, 0)]
(Background on this error at: https://sqlalche.me/e/20/e3q8)
2026-07-15 01:47:44,535 - ERROR - Error importing company at row 19: (sqlite3.OperationalError) no such column: companies.news_last_refreshed
[SQL: SELECT companies.slug AS companies_slug, companies.name AS companies_name, companies.country AS companies_country, companies.ai_category AS companies_ai_category, companies.segment_tags AS companies_segment_tags, companies.use_cases AS companies_use_cases, companies.top_german_customers AS companies_top_german_customers, companies.germany_presence AS companies_germany_presence, companies.company_type AS companies_company_type, companies.funding AS companies_funding, companies.estimated_revenue AS companies_estimated_revenue, companies.maturity AS companies_maturity, companies.deployment_evidence AS companies_deployment_evidence, companies.website AS companies_website, companies.source AS companies_source, companies.status AS companies_status, companies.news_last_refreshed AS companies_news_last_refreshed, companies.id AS companies_id, companies.created_at AS companies_created_at, companies.updated_at AS companies_updated_at, companies.is_deleted AS companies_is_deleted, companies.deleted_at AS companies_deleted_at 
FROM companies 
WHERE companies.name = ? AND companies.is_deleted = 0
 LIMIT ? OFFSET ?]
[parameters: ('Rügenwalder Mühle', 1, 0)]
(Background on this error at: https://sqlalche.me/e/20/e3q8)
2026-07-15 01:47:44,539 - ERROR - Error importing company at row 20: (sqlite3.OperationalError) no such column: companies.news_last_refreshed
[SQL: SELECT companies.slug AS companies_slug, companies.name AS companies_name, companies.country AS companies_country, companies.ai_category AS companies_ai_category, companies.segment_tags AS companies_segment_tags, companies.use_cases AS companies_use_cases, companies.top_german_customers AS companies_top_german_customers, companies.germany_presence AS companies_germany_presence, companies.company_type AS companies_company_type, companies.funding AS companies_funding, companies.estimated_revenue AS companies_estimated_revenue, companies.maturity AS companies_maturity, companies.deployment_evidence AS companies_deployment_evidence, companies.website AS companies_website, companies.source AS companies_source, companies.status AS companies_status, companies.news_last_refreshed AS companies_news_last_refreshed, companies.id AS companies_id, companies.created_at AS companies_created_at, companies.updated_at AS companies_updated_at, companies.is_deleted AS companies_is_deleted, companies.deleted_at AS companies_deleted_at 
FROM companies 
WHERE companies.name = ? AND companies.is_deleted = 0
 LIMIT ? OFFSET ?]
[parameters: ('testo SE & Co KGaA', 1, 0)]
(Background on this error at: https://sqlalche.me/e/20/e3q8)
2026-07-15 01:47:44,541 - ERROR - Error importing company at row 21: (sqlite3.OperationalError) no such column: companies.news_last_refreshed
[SQL: SELECT companies.slug AS companies_slug, companies.name AS companies_name, companies.country AS companies_country, companies.ai_category AS companies_ai_category, companies.segment_tags AS companies_segment_tags, companies.use_cases AS companies_use_cases, companies.top_german_customers AS companies_top_german_customers, companies.germany_presence AS companies_germany_presence, companies.company_type AS companies_company_type, companies.funding AS companies_funding, companies.estimated_revenue AS companies_estimated_revenue, companies.maturity AS companies_maturity, companies.deployment_evidence AS companies_deployment_evidence, companies.website AS companies_website, companies.source AS companies_source, companies.status AS companies_status, companies.news_last_refreshed AS companies_news_last_refreshed, companies.id AS companies_id, companies.created_at AS companies_created_at, companies.updated_at AS companies_updated_at, companies.is_deleted AS companies_is_deleted, companies.deleted_at AS companies_deleted_at 
FROM companies 
WHERE companies.name = ? AND companies.is_deleted = 0
 LIMIT ? OFFSET ?]
[parameters: ('Fero Labs', 1, 0)]
(Background on this error at: https://sqlalche.me/e/20/e3q8)
2026-07-15 01:47:44,544 - ERROR - Error importing company at row 22: (sqlite3.OperationalError) no such column: companies.news_last_refreshed
[SQL: SELECT companies.slug AS companies_slug, companies.name AS companies_name, companies.country AS companies_country, companies.ai_category AS companies_ai_category, companies.segment_tags AS companies_segment_tags, companies.use_cases AS companies_use_cases, companies.top_german_customers AS companies_top_german_customers, companies.germany_presence AS companies_germany_presence, companies.company_type AS companies_company_type, companies.funding AS companies_funding, companies.estimated_revenue AS companies_estimated_revenue, companies.maturity AS companies_maturity, companies.deployment_evidence AS companies_deployment_evidence, companies.website AS companies_website, companies.source AS companies_source, companies.status AS companies_status, companies.news_last_refreshed AS companies_news_last_refreshed, companies.id AS companies_id, companies.created_at AS companies_created_at, companies.updated_at AS companies_updated_at, companies.is_deleted AS companies_is_deleted, companies.deleted_at AS companies_deleted_at 
FROM companies 
WHERE companies.name = ? AND companies.is_deleted = 0
 LIMIT ? OFFSET ?]
[parameters: ('NotCo', 1, 0)]
(Background on this error at: https://sqlalche.me/e/20/e3q8)
2026-07-15 01:47:44,547 - ERROR - Error importing company at row 23: (sqlite3.OperationalError) no such column: companies.news_last_refreshed
[SQL: SELECT companies.slug AS companies_slug, companies.name AS companies_name, companies.country AS companies_country, companies.ai_category AS companies_ai_category, companies.segment_tags AS companies_segment_tags, companies.use_cases AS companies_use_cases, companies.top_german_customers AS companies_top_german_customers, companies.germany_presence AS companies_germany_presence, companies.company_type AS companies_company_type, companies.funding AS companies_funding, companies.estimated_revenue AS companies_estimated_revenue, companies.maturity AS companies_maturity, companies.deployment_evidence AS companies_deployment_evidence, companies.website AS companies_website, companies.source AS companies_source, companies.status AS companies_status, companies.news_last_refreshed AS companies_news_last_refreshed, companies.id AS companies_id, companies.created_at AS companies_created_at, companies.updated_at AS companies_updated_at, companies.is_deleted AS companies_is_deleted, companies.deleted_at AS companies_deleted_at 
FROM companies 
WHERE companies.name = ? AND companies.is_deleted = 0
 LIMIT ? OFFSET ?]
[parameters: ('Lineage Logistics (AI Division)', 1, 0)]
(Background on this error at: https://sqlalche.me/e/20/e3q8)
2026-07-15 01:47:44,549 - ERROR - Error importing company at row 24: (sqlite3.OperationalError) no such column: companies.news_last_refreshed
[SQL: SELECT companies.slug AS companies_slug, companies.name AS companies_name, companies.country AS companies_country, companies.ai_category AS companies_ai_category, companies.segment_tags AS companies_segment_tags, companies.use_cases AS companies_use_cases, companies.top_german_customers AS companies_top_german_customers, companies.germany_presence AS companies_germany_presence, companies.company_type AS companies_company_type, companies.funding AS companies_funding, companies.estimated_revenue AS companies_estimated_revenue, companies.maturity AS companies_maturity, companies.deployment_evidence AS companies_deployment_evidence, companies.website AS companies_website, companies.source AS companies_source, companies.status AS companies_status, companies.news_last_refreshed AS companies_news_last_refreshed, companies.id AS companies_id, companies.created_at AS companies_created_at, companies.updated_at AS companies_updated_at, companies.is_deleted AS companies_is_deleted, companies.deleted_at AS companies_deleted_at 
FROM companies 
WHERE companies.name = ? AND companies.is_deleted = 0
 LIMIT ? OFFSET ?]
[parameters: ('ABB Robotics', 1, 0)]
(Background on this error at: https://sqlalche.me/e/20/e3q8)
2026-07-15 01:47:44,552 - ERROR - Error importing company at row 25: (sqlite3.OperationalError) no such column: companies.news_last_refreshed
[SQL: SELECT companies.slug AS companies_slug, companies.name AS companies_name, companies.country AS companies_country, companies.ai_category AS companies_ai_category, companies.segment_tags AS companies_segment_tags, companies.use_cases AS companies_use_cases, companies.top_german_customers AS companies_top_german_customers, companies.germany_presence AS companies_germany_presence, companies.company_type AS companies_company_type, companies.funding AS companies_funding, companies.estimated_revenue AS companies_estimated_revenue, companies.maturity AS companies_maturity, companies.deployment_evidence AS companies_deployment_evidence, companies.website AS companies_website, companies.source AS companies_source, companies.status AS companies_status, companies.news_last_refreshed AS companies_news_last_refreshed, companies.id AS companies_id, companies.created_at AS companies_created_at, companies.updated_at AS companies_updated_at, companies.is_deleted AS companies_is_deleted, companies.deleted_at AS companies_deleted_at 
FROM companies 
WHERE companies.name = ? AND companies.is_deleted = 0
 LIMIT ? OFFSET ?]
[parameters: ('KUKA AG', 1, 0)]
(Background on this error at: https://sqlalche.me/e/20/e3q8)
2026-07-15 01:47:44,554 - ERROR - Error importing company at row 26: (sqlite3.OperationalError) no such column: companies.news_last_refreshed
[SQL: SELECT companies.slug AS companies_slug, companies.name AS companies_name, companies.country AS companies_country, companies.ai_category AS companies_ai_category, companies.segment_tags AS companies_segment_tags, companies.use_cases AS companies_use_cases, companies.top_german_customers AS companies_top_german_customers, companies.germany_presence AS companies_germany_presence, companies.company_type AS companies_company_type, companies.funding AS companies_funding, companies.estimated_revenue AS companies_estimated_revenue, companies.maturity AS companies_maturity, companies.deployment_evidence AS companies_deployment_evidence, companies.website AS companies_website, companies.source AS companies_source, companies.status AS companies_status, companies.news_last_refreshed AS companies_news_last_refreshed, companies.id AS companies_id, companies.created_at AS companies_created_at, companies.updated_at AS companies_updated_at, companies.is_deleted AS companies_is_deleted, companies.deleted_at AS companies_deleted_at 
FROM companies 
WHERE companies.name = ? AND companies.is_deleted = 0
 LIMIT ? OFFSET ?]
[parameters: ('Stäubli Robotics', 1, 0)]
(Background on this error at: https://sqlalche.me/e/20/e3q8)
2026-07-15 01:47:44,556 - ERROR - Error importing company at row 27: (sqlite3.OperationalError) no such column: companies.news_last_refreshed
[SQL: SELECT companies.slug AS companies_slug, companies.name AS companies_name, companies.country AS companies_country, companies.ai_category AS companies_ai_category, companies.segment_tags AS companies_segment_tags, companies.use_cases AS companies_use_cases, companies.top_german_customers AS companies_top_german_customers, companies.germany_presence AS companies_germany_presence, companies.company_type AS companies_company_type, companies.funding AS companies_funding, companies.estimated_revenue AS companies_estimated_revenue, companies.maturity AS companies_maturity, companies.deployment_evidence AS companies_deployment_evidence, companies.website AS companies_website, companies.source AS companies_source, companies.status AS companies_status, companies.news_last_refreshed AS companies_news_last_refreshed, companies.id AS companies_id, companies.created_at AS companies_created_at, companies.updated_at AS companies_updated_at, companies.is_deleted AS companies_is_deleted, companies.deleted_at AS companies_deleted_at 
FROM companies 
WHERE companies.name = ? AND companies.is_deleted = 0
 LIMIT ? OFFSET ?]
[parameters: ('Kawasaki Robotics', 1, 0)]
(Background on this error at: https://sqlalche.me/e/20/e3q8)
2026-07-15 01:47:44,558 - ERROR - Error importing company at row 28: (sqlite3.OperationalError) no such column: companies.news_last_refreshed
[SQL: SELECT companies.slug AS companies_slug, companies.name AS companies_name, companies.country AS companies_country, companies.ai_category AS companies_ai_category, companies.segment_tags AS companies_segment_tags, companies.use_cases AS companies_use_cases, companies.top_german_customers AS companies_top_german_customers, companies.germany_presence AS companies_germany_presence, companies.company_type AS companies_company_type, companies.funding AS companies_funding, companies.estimated_revenue AS companies_estimated_revenue, companies.maturity AS companies_maturity, companies.deployment_evidence AS companies_deployment_evidence, companies.website AS companies_website, companies.source AS companies_source, companies.status AS companies_status, companies.news_last_refreshed AS companies_news_last_refreshed, companies.id AS companies_id, companies.created_at AS companies_created_at, companies.updated_at AS companies_updated_at, companies.is_deleted AS companies_is_deleted, companies.deleted_at AS companies_deleted_at 
FROM companies 
WHERE companies.name = ? AND companies.is_deleted = 0
 LIMIT ? OFFSET ?]
[parameters: ('Veolia Deutschland', 1, 0)]
(Background on this error at: https://sqlalche.me/e/20/e3q8)
2026-07-15 01:47:44,561 - ERROR - Error importing company at row 29: (sqlite3.OperationalError) no such column: companies.news_last_refreshed
[SQL: SELECT companies.slug AS companies_slug, companies.name AS companies_name, companies.country AS companies_country, companies.ai_category AS companies_ai_category, companies.segment_tags AS companies_segment_tags, companies.use_cases AS companies_use_cases, companies.top_german_customers AS companies_top_german_customers, companies.germany_presence AS companies_germany_presence, companies.company_type AS companies_company_type, companies.funding AS companies_funding, companies.estimated_revenue AS companies_estimated_revenue, companies.maturity AS companies_maturity, companies.deployment_evidence AS companies_deployment_evidence, companies.website AS companies_website, companies.source AS companies_source, companies.status AS companies_status, companies.news_last_refreshed AS companies_news_last_refreshed, companies.id AS companies_id, companies.created_at AS companies_created_at, companies.updated_at AS companies_updated_at, companies.is_deleted AS companies_is_deleted, companies.deleted_at AS companies_deleted_at 
FROM companies 
WHERE companies.name = ? AND companies.is_deleted = 0
 LIMIT ? OFFSET ?]
[parameters: ('Alfa Laval AB', 1, 0)]
(Background on this error at: https://sqlalche.me/e/20/e3q8)
2026-07-15 01:47:44,563 - ERROR - Error importing company at row 30: (sqlite3.OperationalError) no such column: companies.news_last_refreshed
[SQL: SELECT companies.slug AS companies_slug, companies.name AS companies_name, companies.country AS companies_country, companies.ai_category AS companies_ai_category, companies.segment_tags AS companies_segment_tags, companies.use_cases AS companies_use_cases, companies.top_german_customers AS companies_top_german_customers, companies.germany_presence AS companies_germany_presence, companies.company_type AS companies_company_type, companies.funding AS companies_funding, companies.estimated_revenue AS companies_estimated_revenue, companies.maturity AS companies_maturity, companies.deployment_evidence AS companies_deployment_evidence, companies.website AS companies_website, companies.source AS companies_source, companies.status AS companies_status, companies.news_last_refreshed AS companies_news_last_refreshed, companies.id AS companies_id, companies.created_at AS companies_created_at, companies.updated_at AS companies_updated_at, companies.is_deleted AS companies_is_deleted, companies.deleted_at AS companies_deleted_at 
FROM companies 
WHERE companies.name = ? AND companies.is_deleted = 0
 LIMIT ? OFFSET ?]
[parameters: ('GF Piping Systems (Georg Fischer)', 1, 0)]
(Background on this error at: https://sqlalche.me/e/20/e3q8)
2026-07-15 01:47:44,566 - ERROR - Error importing company at row 31: (sqlite3.OperationalError) no such column: companies.news_last_refreshed
[SQL: SELECT companies.slug AS companies_slug, companies.name AS companies_name, companies.country AS companies_country, companies.ai_category AS companies_ai_category, companies.segment_tags AS companies_segment_tags, companies.use_cases AS companies_use_cases, companies.top_german_customers AS companies_top_german_customers, companies.germany_presence AS companies_germany_presence, companies.company_type AS companies_company_type, companies.funding AS companies_funding, companies.estimated_revenue AS companies_estimated_revenue, companies.maturity AS companies_maturity, companies.deployment_evidence AS companies_deployment_evidence, companies.website AS companies_website, companies.source AS companies_source, companies.status AS companies_status, companies.news_last_refreshed AS companies_news_last_refreshed, companies.id AS companies_id, companies.created_at AS companies_created_at, companies.updated_at AS companies_updated_at, companies.is_deleted AS companies_is_deleted, companies.deleted_at AS companies_deleted_at 
FROM companies 
WHERE companies.name = ? AND companies.is_deleted = 0
 LIMIT ? OFFSET ?]
[parameters: ('Afresh Technologies', 1, 0)]
(Background on this error at: https://sqlalche.me/e/20/e3q8)
2026-07-15 01:47:44,568 - ERROR - Error importing company at row 32: (sqlite3.OperationalError) no such column: companies.news_last_refreshed
[SQL: SELECT companies.slug AS companies_slug, companies.name AS companies_name, companies.country AS companies_country, companies.ai_category AS companies_ai_category, companies.segment_tags AS companies_segment_tags, companies.use_cases AS companies_use_cases, companies.top_german_customers AS companies_top_german_customers, companies.germany_presence AS companies_germany_presence, companies.company_type AS companies_company_type, companies.funding AS companies_funding, companies.estimated_revenue AS companies_estimated_revenue, companies.maturity AS companies_maturity, companies.deployment_evidence AS companies_deployment_evidence, companies.website AS companies_website, companies.source AS companies_source, companies.status AS companies_status, companies.news_last_refreshed AS companies_news_last_refreshed, companies.id AS companies_id, companies.created_at AS companies_created_at, companies.updated_at AS companies_updated_at, companies.is_deleted AS companies_is_deleted, companies.deleted_at AS companies_deleted_at 
FROM companies 
WHERE companies.name = ? AND companies.is_deleted = 0
 LIMIT ? OFFSET ?]
[parameters: ('Shelf Engine', 1, 0)]
(Background on this error at: https://sqlalche.me/e/20/e3q8)
2026-07-15 01:47:44,572 - ERROR - Error importing company at row 33: (sqlite3.OperationalError) no such column: companies.news_last_refreshed
[SQL: SELECT companies.slug AS companies_slug, companies.name AS companies_name, companies.country AS companies_country, companies.ai_category AS companies_ai_category, companies.segment_tags AS companies_segment_tags, companies.use_cases AS companies_use_cases, companies.top_german_customers AS companies_top_german_customers, companies.germany_presence AS companies_germany_presence, companies.company_type AS companies_company_type, companies.funding AS companies_funding, companies.estimated_revenue AS companies_estimated_revenue, companies.maturity AS companies_maturity, companies.deployment_evidence AS companies_deployment_evidence, companies.website AS companies_website, companies.source AS companies_source, companies.status AS companies_status, companies.news_last_refreshed AS companies_news_last_refreshed, companies.id AS companies_id, companies.created_at AS companies_created_at, companies.updated_at AS companies_updated_at, companies.is_deleted AS companies_is_deleted, companies.deleted_at AS companies_deleted_at 
FROM companies 
WHERE companies.name = ? AND companies.is_deleted = 0
 LIMIT ? OFFSET ?]
[parameters: ('Emerson Electric (DeltaV AI)', 1, 0)]
(Background on this error at: https://sqlalche.me/e/20/e3q8)
2026-07-15 01:47:44,574 - ERROR - Error importing company at row 34: (sqlite3.OperationalError) no such column: companies.news_last_refreshed
[SQL: SELECT companies.slug AS companies_slug, companies.name AS companies_name, companies.country AS companies_country, companies.ai_category AS companies_ai_category, companies.segment_tags AS companies_segment_tags, companies.use_cases AS companies_use_cases, companies.top_german_customers AS companies_top_german_customers, companies.germany_presence AS companies_germany_presence, companies.company_type AS companies_company_type, companies.funding AS companies_funding, companies.estimated_revenue AS companies_estimated_revenue, companies.maturity AS companies_maturity, companies.deployment_evidence AS companies_deployment_evidence, companies.website AS companies_website, companies.source AS companies_source, companies.status AS companies_status, companies.news_last_refreshed AS companies_news_last_refreshed, companies.id AS companies_id, companies.created_at AS companies_created_at, companies.updated_at AS companies_updated_at, companies.is_deleted AS companies_is_deleted, companies.deleted_at AS companies_deleted_at 
FROM companies 
WHERE companies.name = ? AND companies.is_deleted = 0
 LIMIT ? OFFSET ?]
[parameters: ('ABB Measurement & Analytics', 1, 0)]
(Background on this error at: https://sqlalche.me/e/20/e3q8)
2026-07-15 01:47:44,576 - ERROR - Error importing company at row 35: (sqlite3.OperationalError) no such column: companies.news_last_refreshed
[SQL: SELECT companies.slug AS companies_slug, companies.name AS companies_name, companies.country AS companies_country, companies.ai_category AS companies_ai_category, companies.segment_tags AS companies_segment_tags, companies.use_cases AS companies_use_cases, companies.top_german_customers AS companies_top_german_customers, companies.germany_presence AS companies_germany_presence, companies.company_type AS companies_company_type, companies.funding AS companies_funding, companies.estimated_revenue AS companies_estimated_revenue, companies.maturity AS companies_maturity, companies.deployment_evidence AS companies_deployment_evidence, companies.website AS companies_website, companies.source AS companies_source, companies.status AS companies_status, companies.news_last_refreshed AS companies_news_last_refreshed, companies.id AS companies_id, companies.created_at AS companies_created_at, companies.updated_at AS companies_updated_at, companies.is_deleted AS companies_is_deleted, companies.deleted_at AS companies_deleted_at 
FROM companies 
WHERE companies.name = ? AND companies.is_deleted = 0
 LIMIT ? OFFSET ?]
[parameters: ('Endress+Hauser Analytics (Analytik Jena)', 1, 0)]
(Background on this error at: https://sqlalche.me/e/20/e3q8)
2026-07-15 01:47:44,579 - ERROR - Error importing company at row 36: (sqlite3.OperationalError) no such column: companies.news_last_refreshed
[SQL: SELECT companies.slug AS companies_slug, companies.name AS companies_name, companies.country AS companies_country, companies.ai_category AS companies_ai_category, companies.segment_tags AS companies_segment_tags, companies.use_cases AS companies_use_cases, companies.top_german_customers AS companies_top_german_customers, companies.germany_presence AS companies_germany_presence, companies.company_type AS companies_company_type, companies.funding AS companies_funding, companies.estimated_revenue AS companies_estimated_revenue, companies.maturity AS companies_maturity, companies.deployment_evidence AS companies_deployment_evidence, companies.website AS companies_website, companies.source AS companies_source, companies.status AS companies_status, companies.news_last_refreshed AS companies_news_last_refreshed, companies.id AS companies_id, companies.created_at AS companies_created_at, companies.updated_at AS companies_updated_at, companies.is_deleted AS companies_is_deleted, companies.deleted_at AS companies_deleted_at 
FROM companies 
WHERE companies.name = ? AND companies.is_deleted = 0
 LIMIT ? OFFSET ?]
[parameters: ('Meyn Food Processing Technology', 1, 0)]
(Background on this error at: https://sqlalche.me/e/20/e3q8)
2026-07-15 01:47:44,582 - ERROR - Error importing company at row 37: (sqlite3.OperationalError) no such column: companies.news_last_refreshed
[SQL: SELECT companies.slug AS companies_slug, companies.name AS companies_name, companies.country AS companies_country, companies.ai_category AS companies_ai_category, companies.segment_tags AS companies_segment_tags, companies.use_cases AS companies_use_cases, companies.top_german_customers AS companies_top_german_customers, companies.germany_presence AS companies_germany_presence, companies.company_type AS companies_company_type, companies.funding AS companies_funding, companies.estimated_revenue AS companies_estimated_revenue, companies.maturity AS companies_maturity, companies.deployment_evidence AS companies_deployment_evidence, companies.website AS companies_website, companies.source AS companies_source, companies.status AS companies_status, companies.news_last_refreshed AS companies_news_last_refreshed, companies.id AS companies_id, companies.created_at AS companies_created_at, companies.updated_at AS companies_updated_at, companies.is_deleted AS companies_is_deleted, companies.deleted_at AS companies_deleted_at 
FROM companies 
WHERE companies.name = ? AND companies.is_deleted = 0
 LIMIT ? OFFSET ?]
[parameters: ('GEA Westfalia Separator (Centrifuge AI)', 1, 0)]
(Background on this error at: https://sqlalche.me/e/20/e3q8)
2026-07-15 01:47:44,583 - ERROR - Error importing company at row 38: (sqlite3.OperationalError) no such column: companies.news_last_refreshed
[SQL: SELECT companies.slug AS companies_slug, companies.name AS companies_name, companies.country AS companies_country, companies.ai_category AS companies_ai_category, companies.segment_tags AS companies_segment_tags, companies.use_cases AS companies_use_cases, companies.top_german_customers AS companies_top_german_customers, companies.germany_presence AS companies_germany_presence, companies.company_type AS companies_company_type, companies.funding AS companies_funding, companies.estimated_revenue AS companies_estimated_revenue, companies.maturity AS companies_maturity, companies.deployment_evidence AS companies_deployment_evidence, companies.website AS companies_website, companies.source AS companies_source, companies.status AS companies_status, companies.news_last_refreshed AS companies_news_last_refreshed, companies.id AS companies_id, companies.created_at AS companies_created_at, companies.updated_at AS companies_updated_at, companies.is_deleted AS companies_is_deleted, companies.deleted_at AS companies_deleted_at 
FROM companies 
WHERE companies.name = ? AND companies.is_deleted = 0
 LIMIT ? OFFSET ?]
[parameters: ('SPX Flow Technology', 1, 0)]
(Background on this error at: https://sqlalche.me/e/20/e3q8)
2026-07-15 01:47:44,586 - ERROR - Error importing company at row 39: (sqlite3.OperationalError) no such column: companies.news_last_refreshed
[SQL: SELECT companies.slug AS companies_slug, companies.name AS companies_name, companies.country AS companies_country, companies.ai_category AS companies_ai_category, companies.segment_tags AS companies_segment_tags, companies.use_cases AS companies_use_cases, companies.top_german_customers AS companies_top_german_customers, companies.germany_presence AS companies_germany_presence, companies.company_type AS companies_company_type, companies.funding AS companies_funding, companies.estimated_revenue AS companies_estimated_revenue, companies.maturity AS companies_maturity, companies.deployment_evidence AS companies_deployment_evidence, companies.website AS companies_website, companies.source AS companies_source, companies.status AS companies_status, companies.news_last_refreshed AS companies_news_last_refreshed, companies.id AS companies_id, companies.created_at AS companies_created_at, companies.updated_at AS companies_updated_at, companies.is_deleted AS companies_is_deleted, companies.deleted_at AS companies_deleted_at 
FROM companies 
WHERE companies.name = ? AND companies.is_deleted = 0
 LIMIT ? OFFSET ?]
[parameters: ('Büchi Labortechnik AG', 1, 0)]
(Background on this error at: https://sqlalche.me/e/20/e3q8)
2026-07-15 01:47:44,588 - ERROR - Error importing company at row 40: (sqlite3.OperationalError) no such column: companies.news_last_refreshed
[SQL: SELECT companies.slug AS companies_slug, companies.name AS companies_name, companies.country AS companies_country, companies.ai_category AS companies_ai_category, companies.segment_tags AS companies_segment_tags, companies.use_cases AS companies_use_cases, companies.top_german_customers AS companies_top_german_customers, companies.germany_presence AS companies_germany_presence, companies.company_type AS companies_company_type, companies.funding AS companies_funding, companies.estimated_revenue AS companies_estimated_revenue, companies.maturity AS companies_maturity, companies.deployment_evidence AS companies_deployment_evidence, companies.website AS companies_website, companies.source AS companies_source, companies.status AS companies_status, companies.news_last_refreshed AS companies_news_last_refreshed, companies.id AS companies_id, companies.created_at AS companies_created_at, companies.updated_at AS companies_updated_at, companies.is_deleted AS companies_is_deleted, companies.deleted_at AS companies_deleted_at 
FROM companies 
WHERE companies.name = ? AND companies.is_deleted = 0
 LIMIT ? OFFSET ?]
[parameters: ('Sealed Air Corporation', 1, 0)]
(Background on this error at: https://sqlalche.me/e/20/e3q8)
2026-07-15 01:47:44,590 - ERROR - Error importing company at row 41: (sqlite3.OperationalError) no such column: companies.news_last_refreshed
[SQL: SELECT companies.slug AS companies_slug, companies.name AS companies_name, companies.country AS companies_country, companies.ai_category AS companies_ai_category, companies.segment_tags AS companies_segment_tags, companies.use_cases AS companies_use_cases, companies.top_german_customers AS companies_top_german_customers, companies.germany_presence AS companies_germany_presence, companies.company_type AS companies_company_type, companies.funding AS companies_funding, companies.estimated_revenue AS companies_estimated_revenue, companies.maturity AS companies_maturity, companies.deployment_evidence AS companies_deployment_evidence, companies.website AS companies_website, companies.source AS companies_source, companies.status AS companies_status, companies.news_last_refreshed AS companies_news_last_refreshed, companies.id AS companies_id, companies.created_at AS companies_created_at, companies.updated_at AS companies_updated_at, companies.is_deleted AS companies_is_deleted, companies.deleted_at AS companies_deleted_at 
FROM companies 
WHERE companies.name = ? AND companies.is_deleted = 0
 LIMIT ? OFFSET ?]
[parameters: ('Multivac Group', 1, 0)]
(Background on this error at: https://sqlalche.me/e/20/e3q8)
2026-07-15 01:47:44,592 - ERROR - Error importing company at row 42: (sqlite3.OperationalError) no such column: companies.news_last_refreshed
[SQL: SELECT companies.slug AS companies_slug, companies.name AS companies_name, companies.country AS companies_country, companies.ai_category AS companies_ai_category, companies.segment_tags AS companies_segment_tags, companies.use_cases AS companies_use_cases, companies.top_german_customers AS companies_top_german_customers, companies.germany_presence AS companies_germany_presence, companies.company_type AS companies_company_type, companies.funding AS companies_funding, companies.estimated_revenue AS companies_estimated_revenue, companies.maturity AS companies_maturity, companies.deployment_evidence AS companies_deployment_evidence, companies.website AS companies_website, companies.source AS companies_source, companies.status AS companies_status, companies.news_last_refreshed AS companies_news_last_refreshed, companies.id AS companies_id, companies.created_at AS companies_created_at, companies.updated_at AS companies_updated_at, companies.is_deleted AS companies_is_deleted, companies.deleted_at AS companies_deleted_at 
FROM companies 
WHERE companies.name = ? AND companies.is_deleted = 0
 LIMIT ? OFFSET ?]
[parameters: ('Romer Labs (DSM-Firmenich)', 1, 0)]
(Background on this error at: https://sqlalche.me/e/20/e3q8)
2026-07-15 01:47:44,594 - ERROR - Error importing company at row 43: (sqlite3.OperationalError) no such column: companies.news_last_refreshed
[SQL: SELECT companies.slug AS companies_slug, companies.name AS companies_name, companies.country AS companies_country, companies.ai_category AS companies_ai_category, companies.segment_tags AS companies_segment_tags, companies.use_cases AS companies_use_cases, companies.top_german_customers AS companies_top_german_customers, companies.germany_presence AS companies_germany_presence, companies.company_type AS companies_company_type, companies.funding AS companies_funding, companies.estimated_revenue AS companies_estimated_revenue, companies.maturity AS companies_maturity, companies.deployment_evidence AS companies_deployment_evidence, companies.website AS companies_website, companies.source AS companies_source, companies.status AS companies_status, companies.news_last_refreshed AS companies_news_last_refreshed, companies.id AS companies_id, companies.created_at AS companies_created_at, companies.updated_at AS companies_updated_at, companies.is_deleted AS companies_is_deleted, companies.deleted_at AS companies_deleted_at 
FROM companies 
WHERE companies.name = ? AND companies.is_deleted = 0
 LIMIT ? OFFSET ?]
[parameters: ('Charm Sciences', 1, 0)]
(Background on this error at: https://sqlalche.me/e/20/e3q8)
2026-07-15 01:47:44,596 - ERROR - Error importing company at row 44: (sqlite3.OperationalError) no such column: companies.news_last_refreshed
[SQL: SELECT companies.slug AS companies_slug, companies.name AS companies_name, companies.country AS companies_country, companies.ai_category AS companies_ai_category, companies.segment_tags AS companies_segment_tags, companies.use_cases AS companies_use_cases, companies.top_german_customers AS companies_top_german_customers, companies.germany_presence AS companies_germany_presence, companies.company_type AS companies_company_type, companies.funding AS companies_funding, companies.estimated_revenue AS companies_estimated_revenue, companies.maturity AS companies_maturity, companies.deployment_evidence AS companies_deployment_evidence, companies.website AS companies_website, companies.source AS companies_source, companies.status AS companies_status, companies.news_last_refreshed AS companies_news_last_refreshed, companies.id AS companies_id, companies.created_at AS companies_created_at, companies.updated_at AS companies_updated_at, companies.is_deleted AS companies_is_deleted, companies.deleted_at AS companies_deleted_at 
FROM companies 
WHERE companies.name = ? AND companies.is_deleted = 0
 LIMIT ? OFFSET ?]
[parameters: ('Xylem Inc', 1, 0)]
(Background on this error at: https://sqlalche.me/e/20/e3q8)
2026-07-15 01:47:44,599 - ERROR - Error importing company at row 45: (sqlite3.OperationalError) no such column: companies.news_last_refreshed
[SQL: SELECT companies.slug AS companies_slug, companies.name AS companies_name, companies.country AS companies_country, companies.ai_category AS companies_ai_category, companies.segment_tags AS companies_segment_tags, companies.use_cases AS companies_use_cases, companies.top_german_customers AS companies_top_german_customers, companies.germany_presence AS companies_germany_presence, companies.company_type AS companies_company_type, companies.funding AS companies_funding, companies.estimated_revenue AS companies_estimated_revenue, companies.maturity AS companies_maturity, companies.deployment_evidence AS companies_deployment_evidence, companies.website AS companies_website, companies.source AS companies_source, companies.status AS companies_status, companies.news_last_refreshed AS companies_news_last_refreshed, companies.id AS companies_id, companies.created_at AS companies_created_at, companies.updated_at AS companies_updated_at, companies.is_deleted AS companies_is_deleted, companies.deleted_at AS companies_deleted_at 
FROM companies 
WHERE companies.name = ? AND companies.is_deleted = 0
 LIMIT ? OFFSET ?]
[parameters: ('Pentair plc', 1, 0)]
(Background on this error at: https://sqlalche.me/e/20/e3q8)
2026-07-15 01:47:44,602 - ERROR - Error importing company at row 46: (sqlite3.OperationalError) no such column: companies.news_last_refreshed
[SQL: SELECT companies.slug AS companies_slug, companies.name AS companies_name, companies.country AS companies_country, companies.ai_category AS companies_ai_category, companies.segment_tags AS companies_segment_tags, companies.use_cases AS companies_use_cases, companies.top_german_customers AS companies_top_german_customers, companies.germany_presence AS companies_germany_presence, companies.company_type AS companies_company_type, companies.funding AS companies_funding, companies.estimated_revenue AS companies_estimated_revenue, companies.maturity AS companies_maturity, companies.deployment_evidence AS companies_deployment_evidence, companies.website AS companies_website, companies.source AS companies_source, companies.status AS companies_status, companies.news_last_refreshed AS companies_news_last_refreshed, companies.id AS companies_id, companies.created_at AS companies_created_at, companies.updated_at AS companies_updated_at, companies.is_deleted AS companies_is_deleted, companies.deleted_at AS companies_deleted_at 
FROM companies 
WHERE companies.name = ? AND companies.is_deleted = 0
 LIMIT ? OFFSET ?]
[parameters: ('Grundfos Holding A/S', 1, 0)]
(Background on this error at: https://sqlalche.me/e/20/e3q8)
2026-07-15 01:47:44,605 - ERROR - Error importing company at row 47: (sqlite3.OperationalError) no such column: companies.news_last_refreshed
[SQL: SELECT companies.slug AS companies_slug, companies.name AS companies_name, companies.country AS companies_country, companies.ai_category AS companies_ai_category, companies.segment_tags AS companies_segment_tags, companies.use_cases AS companies_use_cases, companies.top_german_customers AS companies_top_german_customers, companies.germany_presence AS companies_germany_presence, companies.company_type AS companies_company_type, companies.funding AS companies_funding, companies.estimated_revenue AS companies_estimated_revenue, companies.maturity AS companies_maturity, companies.deployment_evidence AS companies_deployment_evidence, companies.website AS companies_website, companies.source AS companies_source, companies.status AS companies_status, companies.news_last_refreshed AS companies_news_last_refreshed, companies.id AS companies_id, companies.created_at AS companies_created_at, companies.updated_at AS companies_updated_at, companies.is_deleted AS companies_is_deleted, companies.deleted_at AS companies_deleted_at 
FROM companies 
WHERE companies.name = ? AND companies.is_deleted = 0
 LIMIT ? OFFSET ?]
[parameters: ('Hach Company (Danaher)', 1, 0)]
(Background on this error at: https://sqlalche.me/e/20/e3q8)
2026-07-15 01:47:44,607 - ERROR - Error importing company at row 48: (sqlite3.OperationalError) no such column: companies.news_last_refreshed
[SQL: SELECT companies.slug AS companies_slug, companies.name AS companies_name, companies.country AS companies_country, companies.ai_category AS companies_ai_category, companies.segment_tags AS companies_segment_tags, companies.use_cases AS companies_use_cases, companies.top_german_customers AS companies_top_german_customers, companies.germany_presence AS companies_germany_presence, companies.company_type AS companies_company_type, companies.funding AS companies_funding, companies.estimated_revenue AS companies_estimated_revenue, companies.maturity AS companies_maturity, companies.deployment_evidence AS companies_deployment_evidence, companies.website AS companies_website, companies.source AS companies_source, companies.status AS companies_status, companies.news_last_refreshed AS companies_news_last_refreshed, companies.id AS companies_id, companies.created_at AS companies_created_at, companies.updated_at AS companies_updated_at, companies.is_deleted AS companies_is_deleted, companies.deleted_at AS companies_deleted_at 
FROM companies 
WHERE companies.name = ? AND companies.is_deleted = 0
 LIMIT ? OFFSET ?]
[parameters: ('Suez Water Technologies', 1, 0)]
(Background on this error at: https://sqlalche.me/e/20/e3q8)
2026-07-15 01:47:44,609 - ERROR - Error importing company at row 49: (sqlite3.OperationalError) no such column: companies.news_last_refreshed
[SQL: SELECT companies.slug AS companies_slug, companies.name AS companies_name, companies.country AS companies_country, companies.ai_category AS companies_ai_category, companies.segment_tags AS companies_segment_tags, companies.use_cases AS companies_use_cases, companies.top_german_customers AS companies_top_german_customers, companies.germany_presence AS companies_germany_presence, companies.company_type AS companies_company_type, companies.funding AS companies_funding, companies.estimated_revenue AS companies_estimated_revenue, companies.maturity AS companies_maturity, companies.deployment_evidence AS companies_deployment_evidence, companies.website AS companies_website, companies.source AS companies_source, companies.status AS companies_status, companies.news_last_refreshed AS companies_news_last_refreshed, companies.id AS companies_id, companies.created_at AS companies_created_at, companies.updated_at AS companies_updated_at, companies.is_deleted AS companies_is_deleted, companies.deleted_at AS companies_deleted_at 
FROM companies 
WHERE companies.name = ? AND companies.is_deleted = 0
 LIMIT ? OFFSET ?]
[parameters: ('ABB Energy Industries AI', 1, 0)]
(Background on this error at: https://sqlalche.me/e/20/e3q8)
2026-07-15 01:47:44,612 - ERROR - Error importing company at row 50: (sqlite3.OperationalError) no such column: companies.news_last_refreshed
[SQL: SELECT companies.slug AS companies_slug, companies.name AS companies_name, companies.country AS companies_country, companies.ai_category AS companies_ai_category, companies.segment_tags AS companies_segment_tags, companies.use_cases AS companies_use_cases, companies.top_german_customers AS companies_top_german_customers, companies.germany_presence AS companies_germany_presence, companies.company_type AS companies_company_type, companies.funding AS companies_funding, companies.estimated_revenue AS companies_estimated_revenue, companies.maturity AS companies_maturity, companies.deployment_evidence AS companies_deployment_evidence, companies.website AS companies_website, companies.source AS companies_source, companies.status AS companies_status, companies.news_last_refreshed AS companies_news_last_refreshed, companies.id AS companies_id, companies.created_at AS companies_created_at, companies.updated_at AS companies_updated_at, companies.is_deleted AS companies_is_deleted, companies.deleted_at AS companies_deleted_at 
FROM companies 
WHERE companies.name = ? AND companies.is_deleted = 0
 LIMIT ? OFFSET ?]
[parameters: ('Perfect Day Inc', 1, 0)]
(Background on this error at: https://sqlalche.me/e/20/e3q8)
2026-07-15 01:47:44,614 - ERROR - Error importing company at row 51: (sqlite3.OperationalError) no such column: companies.news_last_refreshed
[SQL: SELECT companies.slug AS companies_slug, companies.name AS companies_name, companies.country AS companies_country, companies.ai_category AS companies_ai_category, companies.segment_tags AS companies_segment_tags, companies.use_cases AS companies_use_cases, companies.top_german_customers AS companies_top_german_customers, companies.germany_presence AS companies_germany_presence, companies.company_type AS companies_company_type, companies.funding AS companies_funding, companies.estimated_revenue AS companies_estimated_revenue, companies.maturity AS companies_maturity, companies.deployment_evidence AS companies_deployment_evidence, companies.website AS companies_website, companies.source AS companies_source, companies.status AS companies_status, companies.news_last_refreshed AS companies_news_last_refreshed, companies.id AS companies_id, companies.created_at AS companies_created_at, companies.updated_at AS companies_updated_at, companies.is_deleted AS companies_is_deleted, companies.deleted_at AS companies_deleted_at 
FROM companies 
WHERE companies.name = ? AND companies.is_deleted = 0
 LIMIT ? OFFSET ?]
[parameters: ('Motif FoodWorks Inc', 1, 0)]
(Background on this error at: https://sqlalche.me/e/20/e3q8)
2026-07-15 01:47:44,616 - ERROR - Error importing company at row 52: (sqlite3.OperationalError) no such column: companies.news_last_refreshed
[SQL: SELECT companies.slug AS companies_slug, companies.name AS companies_name, companies.country AS companies_country, companies.ai_category AS companies_ai_category, companies.segment_tags AS companies_segment_tags, companies.use_cases AS companies_use_cases, companies.top_german_customers AS companies_top_german_customers, companies.germany_presence AS companies_germany_presence, companies.company_type AS companies_company_type, companies.funding AS companies_funding, companies.estimated_revenue AS companies_estimated_revenue, companies.maturity AS companies_maturity, companies.deployment_evidence AS companies_deployment_evidence, companies.website AS companies_website, companies.source AS companies_source, companies.status AS companies_status, companies.news_last_refreshed AS companies_news_last_refreshed, companies.id AS companies_id, companies.created_at AS companies_created_at, companies.updated_at AS companies_updated_at, companies.is_deleted AS companies_is_deleted, companies.deleted_at AS companies_deleted_at 
FROM companies 
WHERE companies.name = ? AND companies.is_deleted = 0
 LIMIT ? OFFSET ?]
[parameters: ('Formo Bio GmbH', 1, 0)]
(Background on this error at: https://sqlalche.me/e/20/e3q8)
2026-07-15 01:47:44,618 - ERROR - Error importing company at row 53: (sqlite3.OperationalError) no such column: companies.news_last_refreshed
[SQL: SELECT companies.slug AS companies_slug, companies.name AS companies_name, companies.country AS companies_country, companies.ai_category AS companies_ai_category, companies.segment_tags AS companies_segment_tags, companies.use_cases AS companies_use_cases, companies.top_german_customers AS companies_top_german_customers, companies.germany_presence AS companies_germany_presence, companies.company_type AS companies_company_type, companies.funding AS companies_funding, companies.estimated_revenue AS companies_estimated_revenue, companies.maturity AS companies_maturity, companies.deployment_evidence AS companies_deployment_evidence, companies.website AS companies_website, companies.source AS companies_source, companies.status AS companies_status, companies.news_last_refreshed AS companies_news_last_refreshed, companies.id AS companies_id, companies.created_at AS companies_created_at, companies.updated_at AS companies_updated_at, companies.is_deleted AS companies_is_deleted, companies.deleted_at AS companies_deleted_at 
FROM companies 
WHERE companies.name = ? AND companies.is_deleted = 0
 LIMIT ? OFFSET ?]
[parameters: ('Remilk Ltd', 1, 0)]
(Background on this error at: https://sqlalche.me/e/20/e3q8)
2026-07-15 01:47:44,620 - ERROR - Error importing company at row 54: (sqlite3.OperationalError) no such column: companies.news_last_refreshed
[SQL: SELECT companies.slug AS companies_slug, companies.name AS companies_name, companies.country AS companies_country, companies.ai_category AS companies_ai_category, companies.segment_tags AS companies_segment_tags, companies.use_cases AS companies_use_cases, companies.top_german_customers AS companies_top_german_customers, companies.germany_presence AS companies_germany_presence, companies.company_type AS companies_company_type, companies.funding AS companies_funding, companies.estimated_revenue AS companies_estimated_revenue, companies.maturity AS companies_maturity, companies.deployment_evidence AS companies_deployment_evidence, companies.website AS companies_website, companies.source AS companies_source, companies.status AS companies_status, companies.news_last_refreshed AS companies_news_last_refreshed, companies.id AS companies_id, companies.created_at AS companies_created_at, companies.updated_at AS companies_updated_at, companies.is_deleted AS companies_is_deleted, companies.deleted_at AS companies_deleted_at 
FROM companies 
WHERE companies.name = ? AND companies.is_deleted = 0
 LIMIT ? OFFSET ?]
[parameters: ('New Culture Inc', 1, 0)]
(Background on this error at: https://sqlalche.me/e/20/e3q8)
2026-07-15 01:47:44,621 - ERROR - Error importing company at row 55: (sqlite3.OperationalError) no such column: companies.news_last_refreshed
[SQL: SELECT companies.slug AS companies_slug, companies.name AS companies_name, companies.country AS companies_country, companies.ai_category AS companies_ai_category, companies.segment_tags AS companies_segment_tags, companies.use_cases AS companies_use_cases, companies.top_german_customers AS companies_top_german_customers, companies.germany_presence AS companies_germany_presence, companies.company_type AS companies_company_type, companies.funding AS companies_funding, companies.estimated_revenue AS companies_estimated_revenue, companies.maturity AS companies_maturity, companies.deployment_evidence AS companies_deployment_evidence, companies.website AS companies_website, companies.source AS companies_source, companies.status AS companies_status, companies.news_last_refreshed AS companies_news_last_refreshed, companies.id AS companies_id, companies.created_at AS companies_created_at, companies.updated_at AS companies_updated_at, companies.is_deleted AS companies_is_deleted, companies.deleted_at AS companies_deleted_at 
FROM companies 
WHERE companies.name = ? AND companies.is_deleted = 0
 LIMIT ? OFFSET ?]
[parameters: ('Change Foods Inc', 1, 0)]
(Background on this error at: https://sqlalche.me/e/20/e3q8)
2026-07-15 01:47:44,623 - ERROR - Error importing company at row 56: (sqlite3.OperationalError) no such column: companies.news_last_refreshed
[SQL: SELECT companies.slug AS companies_slug, companies.name AS companies_name, companies.country AS companies_country, companies.ai_category AS companies_ai_category, companies.segment_tags AS companies_segment_tags, companies.use_cases AS companies_use_cases, companies.top_german_customers AS companies_top_german_customers, companies.germany_presence AS companies_germany_presence, companies.company_type AS companies_company_type, companies.funding AS companies_funding, companies.estimated_revenue AS companies_estimated_revenue, companies.maturity AS companies_maturity, companies.deployment_evidence AS companies_deployment_evidence, companies.website AS companies_website, companies.source AS companies_source, companies.status AS companies_status, companies.news_last_refreshed AS companies_news_last_refreshed, companies.id AS companies_id, companies.created_at AS companies_created_at, companies.updated_at AS companies_updated_at, companies.is_deleted AS companies_is_deleted, companies.deleted_at AS companies_deleted_at 
FROM companies 
WHERE companies.name = ? AND companies.is_deleted = 0
 LIMIT ? OFFSET ?]
[parameters: ('Anton Paar GmbH', 1, 0)]
(Background on this error at: https://sqlalche.me/e/20/e3q8)
2026-07-15 01:47:44,625 - ERROR - Error importing company at row 57: (sqlite3.OperationalError) no such column: companies.news_last_refreshed
[SQL: SELECT companies.slug AS companies_slug, companies.name AS companies_name, companies.country AS companies_country, companies.ai_category AS companies_ai_category, companies.segment_tags AS companies_segment_tags, companies.use_cases AS companies_use_cases, companies.top_german_customers AS companies_top_german_customers, companies.germany_presence AS companies_germany_presence, companies.company_type AS companies_company_type, companies.funding AS companies_funding, companies.estimated_revenue AS companies_estimated_revenue, companies.maturity AS companies_maturity, companies.deployment_evidence AS companies_deployment_evidence, companies.website AS companies_website, companies.source AS companies_source, companies.status AS companies_status, companies.news_last_refreshed AS companies_news_last_refreshed, companies.id AS companies_id, companies.created_at AS companies_created_at, companies.updated_at AS companies_updated_at, companies.is_deleted AS companies_is_deleted, companies.deleted_at AS companies_deleted_at 
FROM companies 
WHERE companies.name = ? AND companies.is_deleted = 0
 LIMIT ? OFFSET ?]
[parameters: ('Sacmi Group', 1, 0)]
(Background on this error at: https://sqlalche.me/e/20/e3q8)
2026-07-15 01:47:44,627 - ERROR - Error importing company at row 58: (sqlite3.OperationalError) no such column: companies.news_last_refreshed
[SQL: SELECT companies.slug AS companies_slug, companies.name AS companies_name, companies.country AS companies_country, companies.ai_category AS companies_ai_category, companies.segment_tags AS companies_segment_tags, companies.use_cases AS companies_use_cases, companies.top_german_customers AS companies_top_german_customers, companies.germany_presence AS companies_germany_presence, companies.company_type AS companies_company_type, companies.funding AS companies_funding, companies.estimated_revenue AS companies_estimated_revenue, companies.maturity AS companies_maturity, companies.deployment_evidence AS companies_deployment_evidence, companies.website AS companies_website, companies.source AS companies_source, companies.status AS companies_status, companies.news_last_refreshed AS companies_news_last_refreshed, companies.id AS companies_id, companies.created_at AS companies_created_at, companies.updated_at AS companies_updated_at, companies.is_deleted AS companies_is_deleted, companies.deleted_at AS companies_deleted_at 
FROM companies 
WHERE companies.name = ? AND companies.is_deleted = 0
 LIMIT ? OFFSET ?]
[parameters: ('Bürkert Fluid Control (Advanced AI)', 1, 0)]
(Background on this error at: https://sqlalche.me/e/20/e3q8)
2026-07-15 01:47:44,628 - ERROR - Error importing company at row 59: (sqlite3.OperationalError) no such column: companies.news_last_refreshed
[SQL: SELECT companies.slug AS companies_slug, companies.name AS companies_name, companies.country AS companies_country, companies.ai_category AS companies_ai_category, companies.segment_tags AS companies_segment_tags, companies.use_cases AS companies_use_cases, companies.top_german_customers AS companies_top_german_customers, companies.germany_presence AS companies_germany_presence, companies.company_type AS companies_company_type, companies.funding AS companies_funding, companies.estimated_revenue AS companies_estimated_revenue, companies.maturity AS companies_maturity, companies.deployment_evidence AS companies_deployment_evidence, companies.website AS companies_website, companies.source AS companies_source, companies.status AS companies_status, companies.news_last_refreshed AS companies_news_last_refreshed, companies.id AS companies_id, companies.created_at AS companies_created_at, companies.updated_at AS companies_updated_at, companies.is_deleted AS companies_is_deleted, companies.deleted_at AS companies_deleted_at 
FROM companies 
WHERE companies.name = ? AND companies.is_deleted = 0
 LIMIT ? OFFSET ?]
[parameters: ('Bext360 Inc', 1, 0)]
(Background on this error at: https://sqlalche.me/e/20/e3q8)
2026-07-15 01:47:44,630 - ERROR - Error importing company at row 60: (sqlite3.OperationalError) no such column: companies.news_last_refreshed
[SQL: SELECT companies.slug AS companies_slug, companies.name AS companies_name, companies.country AS companies_country, companies.ai_category AS companies_ai_category, companies.segment_tags AS companies_segment_tags, companies.use_cases AS companies_use_cases, companies.top_german_customers AS companies_top_german_customers, companies.germany_presence AS companies_germany_presence, companies.company_type AS companies_company_type, companies.funding AS companies_funding, companies.estimated_revenue AS companies_estimated_revenue, companies.maturity AS companies_maturity, companies.deployment_evidence AS companies_deployment_evidence, companies.website AS companies_website, companies.source AS companies_source, companies.status AS companies_status, companies.news_last_refreshed AS companies_news_last_refreshed, companies.id AS companies_id, companies.created_at AS companies_created_at, companies.updated_at AS companies_updated_at, companies.is_deleted AS companies_is_deleted, companies.deleted_at AS companies_deleted_at 
FROM companies 
WHERE companies.name = ? AND companies.is_deleted = 0
 LIMIT ? OFFSET ?]
[parameters: ('Wholechain Inc', 1, 0)]
(Background on this error at: https://sqlalche.me/e/20/e3q8)
2026-07-15 01:47:44,633 - ERROR - Error importing company at row 61: (sqlite3.OperationalError) no such column: companies.news_last_refreshed
[SQL: SELECT companies.slug AS companies_slug, companies.name AS companies_name, companies.country AS companies_country, companies.ai_category AS companies_ai_category, companies.segment_tags AS companies_segment_tags, companies.use_cases AS companies_use_cases, companies.top_german_customers AS companies_top_german_customers, companies.germany_presence AS companies_germany_presence, companies.company_type AS companies_company_type, companies.funding AS companies_funding, companies.estimated_revenue AS companies_estimated_revenue, companies.maturity AS companies_maturity, companies.deployment_evidence AS companies_deployment_evidence, companies.website AS companies_website, companies.source AS companies_source, companies.status AS companies_status, companies.news_last_refreshed AS companies_news_last_refreshed, companies.id AS companies_id, companies.created_at AS companies_created_at, companies.updated_at AS companies_updated_at, companies.is_deleted AS companies_is_deleted, companies.deleted_at AS companies_deleted_at 
FROM companies 
WHERE companies.name = ? AND companies.is_deleted = 0
 LIMIT ? OFFSET ?]
[parameters: ('Foodpairing NV', 1, 0)]
(Background on this error at: https://sqlalche.me/e/20/e3q8)
2026-07-15 01:47:44,635 - ERROR - Error importing company at row 62: (sqlite3.OperationalError) no such column: companies.news_last_refreshed
[SQL: SELECT companies.slug AS companies_slug, companies.name AS companies_name, companies.country AS companies_country, companies.ai_category AS companies_ai_category, companies.segment_tags AS companies_segment_tags, companies.use_cases AS companies_use_cases, companies.top_german_customers AS companies_top_german_customers, companies.germany_presence AS companies_germany_presence, companies.company_type AS companies_company_type, companies.funding AS companies_funding, companies.estimated_revenue AS companies_estimated_revenue, companies.maturity AS companies_maturity, companies.deployment_evidence AS companies_deployment_evidence, companies.website AS companies_website, companies.source AS companies_source, companies.status AS companies_status, companies.news_last_refreshed AS companies_news_last_refreshed, companies.id AS companies_id, companies.created_at AS companies_created_at, companies.updated_at AS companies_updated_at, companies.is_deleted AS companies_is_deleted, companies.deleted_at AS companies_deleted_at 
FROM companies 
WHERE companies.name = ? AND companies.is_deleted = 0
 LIMIT ? OFFSET ?]
[parameters: ('Fernride GmbH', 1, 0)]
(Background on this error at: https://sqlalche.me/e/20/e3q8)
2026-07-15 01:47:44,636 - ERROR - Error importing company at row 63: (sqlite3.OperationalError) no such column: companies.news_last_refreshed
[SQL: SELECT companies.slug AS companies_slug, companies.name AS companies_name, companies.country AS companies_country, companies.ai_category AS companies_ai_category, companies.segment_tags AS companies_segment_tags, companies.use_cases AS companies_use_cases, companies.top_german_customers AS companies_top_german_customers, companies.germany_presence AS companies_germany_presence, companies.company_type AS companies_company_type, companies.funding AS companies_funding, companies.estimated_revenue AS companies_estimated_revenue, companies.maturity AS companies_maturity, companies.deployment_evidence AS companies_deployment_evidence, companies.website AS companies_website, companies.source AS companies_source, companies.status AS companies_status, companies.news_last_refreshed AS companies_news_last_refreshed, companies.id AS companies_id, companies.created_at AS companies_created_at, companies.updated_at AS companies_updated_at, companies.is_deleted AS companies_is_deleted, companies.deleted_at AS companies_deleted_at 
FROM companies 
WHERE companies.name = ? AND companies.is_deleted = 0
 LIMIT ? OFFSET ?]
[parameters: ('BITZER SE', 1, 0)]
(Background on this error at: https://sqlalche.me/e/20/e3q8)
2026-07-15 01:47:44,644 - ERROR - Error importing company at row 64: (sqlite3.OperationalError) no such column: companies.news_last_refreshed
[SQL: SELECT companies.slug AS companies_slug, companies.name AS companies_name, companies.country AS companies_country, companies.ai_category AS companies_ai_category, companies.segment_tags AS companies_segment_tags, companies.use_cases AS companies_use_cases, companies.top_german_customers AS companies_top_german_customers, companies.germany_presence AS companies_germany_presence, companies.company_type AS companies_company_type, companies.funding AS companies_funding, companies.estimated_revenue AS companies_estimated_revenue, companies.maturity AS companies_maturity, companies.deployment_evidence AS companies_deployment_evidence, companies.website AS companies_website, companies.source AS companies_source, companies.status AS companies_status, companies.news_last_refreshed AS companies_news_last_refreshed, companies.id AS companies_id, companies.created_at AS companies_created_at, companies.updated_at AS companies_updated_at, companies.is_deleted AS companies_is_deleted, companies.deleted_at AS companies_deleted_at 
FROM companies 
WHERE companies.name = ? AND companies.is_deleted = 0
 LIMIT ? OFFSET ?]
[parameters: ('Westfalia Technologies Inc', 1, 0)]
(Background on this error at: https://sqlalche.me/e/20/e3q8)
2026-07-15 01:47:44,647 - ERROR - Error importing company at row 65: (sqlite3.OperationalError) no such column: companies.news_last_refreshed
[SQL: SELECT companies.slug AS companies_slug, companies.name AS companies_name, companies.country AS companies_country, companies.ai_category AS companies_ai_category, companies.segment_tags AS companies_segment_tags, companies.use_cases AS companies_use_cases, companies.top_german_customers AS companies_top_german_customers, companies.germany_presence AS companies_germany_presence, companies.company_type AS companies_company_type, companies.funding AS companies_funding, companies.estimated_revenue AS companies_estimated_revenue, companies.maturity AS companies_maturity, companies.deployment_evidence AS companies_deployment_evidence, companies.website AS companies_website, companies.source AS companies_source, companies.status AS companies_status, companies.news_last_refreshed AS companies_news_last_refreshed, companies.id AS companies_id, companies.created_at AS companies_created_at, companies.updated_at AS companies_updated_at, companies.is_deleted AS companies_is_deleted, companies.deleted_at AS companies_deleted_at 
FROM companies 
WHERE companies.name = ? AND companies.is_deleted = 0
 LIMIT ? OFFSET ?]
[parameters: ('AgriWebb Pty Ltd', 1, 0)]
(Background on this error at: https://sqlalche.me/e/20/e3q8)
2026-07-15 01:47:44,650 - ERROR - Error importing company at row 66: (sqlite3.OperationalError) no such column: companies.news_last_refreshed
[SQL: SELECT companies.slug AS companies_slug, companies.name AS companies_name, companies.country AS companies_country, companies.ai_category AS companies_ai_category, companies.segment_tags AS companies_segment_tags, companies.use_cases AS companies_use_cases, companies.top_german_customers AS companies_top_german_customers, companies.germany_presence AS companies_germany_presence, companies.company_type AS companies_company_type, companies.funding AS companies_funding, companies.estimated_revenue AS companies_estimated_revenue, companies.maturity AS companies_maturity, companies.deployment_evidence AS companies_deployment_evidence, companies.website AS companies_website, companies.source AS companies_source, companies.status AS companies_status, companies.news_last_refreshed AS companies_news_last_refreshed, companies.id AS companies_id, companies.created_at AS companies_created_at, companies.updated_at AS companies_updated_at, companies.is_deleted AS companies_is_deleted, companies.deleted_at AS companies_deleted_at 
FROM companies 
WHERE companies.name = ? AND companies.is_deleted = 0
 LIMIT ? OFFSET ?]
[parameters: ('CattleEye', 1, 0)]
(Background on this error at: https://sqlalche.me/e/20/e3q8)
2026-07-15 01:47:44,653 - ERROR - Error importing company at row 67: (sqlite3.OperationalError) no such column: companies.news_last_refreshed
[SQL: SELECT companies.slug AS companies_slug, companies.name AS companies_name, companies.country AS companies_country, companies.ai_category AS companies_ai_category, companies.segment_tags AS companies_segment_tags, companies.use_cases AS companies_use_cases, companies.top_german_customers AS companies_top_german_customers, companies.germany_presence AS companies_germany_presence, companies.company_type AS companies_company_type, companies.funding AS companies_funding, companies.estimated_revenue AS companies_estimated_revenue, companies.maturity AS companies_maturity, companies.deployment_evidence AS companies_deployment_evidence, companies.website AS companies_website, companies.source AS companies_source, companies.status AS companies_status, companies.news_last_refreshed AS companies_news_last_refreshed, companies.id AS companies_id, companies.created_at AS companies_created_at, companies.updated_at AS companies_updated_at, companies.is_deleted AS companies_is_deleted, companies.deleted_at AS companies_deleted_at 
FROM companies 
WHERE companies.name = ? AND companies.is_deleted = 0
 LIMIT ? OFFSET ?]
[parameters: ('eFishery', 1, 0)]
(Background on this error at: https://sqlalche.me/e/20/e3q8)
2026-07-15 01:47:44,654 - ERROR - Error importing company at row 68: (sqlite3.OperationalError) no such column: companies.news_last_refreshed
[SQL: SELECT companies.slug AS companies_slug, companies.name AS companies_name, companies.country AS companies_country, companies.ai_category AS companies_ai_category, companies.segment_tags AS companies_segment_tags, companies.use_cases AS companies_use_cases, companies.top_german_customers AS companies_top_german_customers, companies.germany_presence AS companies_germany_presence, companies.company_type AS companies_company_type, companies.funding AS companies_funding, companies.estimated_revenue AS companies_estimated_revenue, companies.maturity AS companies_maturity, companies.deployment_evidence AS companies_deployment_evidence, companies.website AS companies_website, companies.source AS companies_source, companies.status AS companies_status, companies.news_last_refreshed AS companies_news_last_refreshed, companies.id AS companies_id, companies.created_at AS companies_created_at, companies.updated_at AS companies_updated_at, companies.is_deleted AS companies_is_deleted, companies.deleted_at AS companies_deleted_at 
FROM companies 
WHERE companies.name = ? AND companies.is_deleted = 0
 LIMIT ? OFFSET ?]
[parameters: ('Invafresh', 1, 0)]
(Background on this error at: https://sqlalche.me/e/20/e3q8)
2026-07-15 01:47:44,656 - ERROR - Error importing company at row 69: (sqlite3.OperationalError) no such column: companies.news_last_refreshed
[SQL: SELECT companies.slug AS companies_slug, companies.name AS companies_name, companies.country AS companies_country, companies.ai_category AS companies_ai_category, companies.segment_tags AS companies_segment_tags, companies.use_cases AS companies_use_cases, companies.top_german_customers AS companies_top_german_customers, companies.germany_presence AS companies_germany_presence, companies.company_type AS companies_company_type, companies.funding AS companies_funding, companies.estimated_revenue AS companies_estimated_revenue, companies.maturity AS companies_maturity, companies.deployment_evidence AS companies_deployment_evidence, companies.website AS companies_website, companies.source AS companies_source, companies.status AS companies_status, companies.news_last_refreshed AS companies_news_last_refreshed, companies.id AS companies_id, companies.created_at AS companies_created_at, companies.updated_at AS companies_updated_at, companies.is_deleted AS companies_is_deleted, companies.deleted_at AS companies_deleted_at 
FROM companies 
WHERE companies.name = ? AND companies.is_deleted = 0
 LIMIT ? OFFSET ?]
[parameters: ('iTradeNetwork', 1, 0)]
(Background on this error at: https://sqlalche.me/e/20/e3q8)
2026-07-15 01:47:44,658 - ERROR - Error importing company at row 70: (sqlite3.OperationalError) no such column: companies.news_last_refreshed
[SQL: SELECT companies.slug AS companies_slug, companies.name AS companies_name, companies.country AS companies_country, companies.ai_category AS companies_ai_category, companies.segment_tags AS companies_segment_tags, companies.use_cases AS companies_use_cases, companies.top_german_customers AS companies_top_german_customers, companies.germany_presence AS companies_germany_presence, companies.company_type AS companies_company_type, companies.funding AS companies_funding, companies.estimated_revenue AS companies_estimated_revenue, companies.maturity AS companies_maturity, companies.deployment_evidence AS companies_deployment_evidence, companies.website AS companies_website, companies.source AS companies_source, companies.status AS companies_status, companies.news_last_refreshed AS companies_news_last_refreshed, companies.id AS companies_id, companies.created_at AS companies_created_at, companies.updated_at AS companies_updated_at, companies.is_deleted AS companies_is_deleted, companies.deleted_at AS companies_deleted_at 
FROM companies 
WHERE companies.name = ? AND companies.is_deleted = 0
 LIMIT ? OFFSET ?]
[parameters: ('Syrup Tech', 1, 0)]
(Background on this error at: https://sqlalche.me/e/20/e3q8)
2026-07-15 01:47:44,660 - ERROR - Error importing company at row 71: (sqlite3.OperationalError) no such column: companies.news_last_refreshed
[SQL: SELECT companies.slug AS companies_slug, companies.name AS companies_name, companies.country AS companies_country, companies.ai_category AS companies_ai_category, companies.segment_tags AS companies_segment_tags, companies.use_cases AS companies_use_cases, companies.top_german_customers AS companies_top_german_customers, companies.germany_presence AS companies_germany_presence, companies.company_type AS companies_company_type, companies.funding AS companies_funding, companies.estimated_revenue AS companies_estimated_revenue, companies.maturity AS companies_maturity, companies.deployment_evidence AS companies_deployment_evidence, companies.website AS companies_website, companies.source AS companies_source, companies.status AS companies_status, companies.news_last_refreshed AS companies_news_last_refreshed, companies.id AS companies_id, companies.created_at AS companies_created_at, companies.updated_at AS companies_updated_at, companies.is_deleted AS companies_is_deleted, companies.deleted_at AS companies_deleted_at 
FROM companies 
WHERE companies.name = ? AND companies.is_deleted = 0
 LIMIT ? OFFSET ?]
[parameters: ('Foodgeek (ex-Dataisgood)', 1, 0)]
(Background on this error at: https://sqlalche.me/e/20/e3q8)
2026-07-15 01:47:44,662 - ERROR - Error importing company at row 72: (sqlite3.OperationalError) no such column: companies.news_last_refreshed
[SQL: SELECT companies.slug AS companies_slug, companies.name AS companies_name, companies.country AS companies_country, companies.ai_category AS companies_ai_category, companies.segment_tags AS companies_segment_tags, companies.use_cases AS companies_use_cases, companies.top_german_customers AS companies_top_german_customers, companies.germany_presence AS companies_germany_presence, companies.company_type AS companies_company_type, companies.funding AS companies_funding, companies.estimated_revenue AS companies_estimated_revenue, companies.maturity AS companies_maturity, companies.deployment_evidence AS companies_deployment_evidence, companies.website AS companies_website, companies.source AS companies_source, companies.status AS companies_status, companies.news_last_refreshed AS companies_news_last_refreshed, companies.id AS companies_id, companies.created_at AS companies_created_at, companies.updated_at AS companies_updated_at, companies.is_deleted AS companies_is_deleted, companies.deleted_at AS companies_deleted_at 
FROM companies 
WHERE companies.name = ? AND companies.is_deleted = 0
 LIMIT ? OFFSET ?]
[parameters: ('Spectra AI (Spectralica)', 1, 0)]
(Background on this error at: https://sqlalche.me/e/20/e3q8)
2026-07-15 01:47:44,664 - ERROR - Error importing company at row 73: (sqlite3.OperationalError) no such column: companies.news_last_refreshed
[SQL: SELECT companies.slug AS companies_slug, companies.name AS companies_name, companies.country AS companies_country, companies.ai_category AS companies_ai_category, companies.segment_tags AS companies_segment_tags, companies.use_cases AS companies_use_cases, companies.top_german_customers AS companies_top_german_customers, companies.germany_presence AS companies_germany_presence, companies.company_type AS companies_company_type, companies.funding AS companies_funding, companies.estimated_revenue AS companies_estimated_revenue, companies.maturity AS companies_maturity, companies.deployment_evidence AS companies_deployment_evidence, companies.website AS companies_website, companies.source AS companies_source, companies.status AS companies_status, companies.news_last_refreshed AS companies_news_last_refreshed, companies.id AS companies_id, companies.created_at AS companies_created_at, companies.updated_at AS companies_updated_at, companies.is_deleted AS companies_is_deleted, companies.deleted_at AS companies_deleted_at 
FROM companies 
WHERE companies.name = ? AND companies.is_deleted = 0
 LIMIT ? OFFSET ?]
[parameters: ('Fermify', 1, 0)]
(Background on this error at: https://sqlalche.me/e/20/e3q8)
2026-07-15 01:47:44,667 - ERROR - Error importing company at row 74: (sqlite3.OperationalError) no such column: companies.news_last_refreshed
[SQL: SELECT companies.slug AS companies_slug, companies.name AS companies_name, companies.country AS companies_country, companies.ai_category AS companies_ai_category, companies.segment_tags AS companies_segment_tags, companies.use_cases AS companies_use_cases, companies.top_german_customers AS companies_top_german_customers, companies.germany_presence AS companies_germany_presence, companies.company_type AS companies_company_type, companies.funding AS companies_funding, companies.estimated_revenue AS companies_estimated_revenue, companies.maturity AS companies_maturity, companies.deployment_evidence AS companies_deployment_evidence, companies.website AS companies_website, companies.source AS companies_source, companies.status AS companies_status, companies.news_last_refreshed AS companies_news_last_refreshed, companies.id AS companies_id, companies.created_at AS companies_created_at, companies.updated_at AS companies_updated_at, companies.is_deleted AS companies_is_deleted, companies.deleted_at AS companies_deleted_at 
FROM companies 
WHERE companies.name = ? AND companies.is_deleted = 0
 LIMIT ? OFFSET ?]
[parameters: ('Nobell Foods', 1, 0)]
(Background on this error at: https://sqlalche.me/e/20/e3q8)
2026-07-15 01:47:44,669 - ERROR - Error importing company at row 75: (sqlite3.OperationalError) no such column: companies.news_last_refreshed
[SQL: SELECT companies.slug AS companies_slug, companies.name AS companies_name, companies.country AS companies_country, companies.ai_category AS companies_ai_category, companies.segment_tags AS companies_segment_tags, companies.use_cases AS companies_use_cases, companies.top_german_customers AS companies_top_german_customers, companies.germany_presence AS companies_germany_presence, companies.company_type AS companies_company_type, companies.funding AS companies_funding, companies.estimated_revenue AS companies_estimated_revenue, companies.maturity AS companies_maturity, companies.deployment_evidence AS companies_deployment_evidence, companies.website AS companies_website, companies.source AS companies_source, companies.status AS companies_status, companies.news_last_refreshed AS companies_news_last_refreshed, companies.id AS companies_id, companies.created_at AS companies_created_at, companies.updated_at AS companies_updated_at, companies.is_deleted AS companies_is_deleted, companies.deleted_at AS companies_deleted_at 
FROM companies 
WHERE companies.name = ? AND companies.is_deleted = 0
 LIMIT ? OFFSET ?]
[parameters: ('ACWA Robotics', 1, 0)]
(Background on this error at: https://sqlalche.me/e/20/e3q8)
2026-07-15 01:47:44,671 - ERROR - Error importing company at row 76: (sqlite3.OperationalError) no such column: companies.news_last_refreshed
[SQL: SELECT companies.slug AS companies_slug, companies.name AS companies_name, companies.country AS companies_country, companies.ai_category AS companies_ai_category, companies.segment_tags AS companies_segment_tags, companies.use_cases AS companies_use_cases, companies.top_german_customers AS companies_top_german_customers, companies.germany_presence AS companies_germany_presence, companies.company_type AS companies_company_type, companies.funding AS companies_funding, companies.estimated_revenue AS companies_estimated_revenue, companies.maturity AS companies_maturity, companies.deployment_evidence AS companies_deployment_evidence, companies.website AS companies_website, companies.source AS companies_source, companies.status AS companies_status, companies.news_last_refreshed AS companies_news_last_refreshed, companies.id AS companies_id, companies.created_at AS companies_created_at, companies.updated_at AS companies_updated_at, companies.is_deleted AS companies_is_deleted, companies.deleted_at AS companies_deleted_at 
FROM companies 
WHERE companies.name = ? AND companies.is_deleted = 0
 LIMIT ? OFFSET ?]
[parameters: ('Andritz AG', 1, 0)]
(Background on this error at: https://sqlalche.me/e/20/e3q8)
2026-07-15 01:47:44,673 - ERROR - Error importing company at row 77: (sqlite3.OperationalError) no such column: companies.news_last_refreshed
[SQL: SELECT companies.slug AS companies_slug, companies.name AS companies_name, companies.country AS companies_country, companies.ai_category AS companies_ai_category, companies.segment_tags AS companies_segment_tags, companies.use_cases AS companies_use_cases, companies.top_german_customers AS companies_top_german_customers, companies.germany_presence AS companies_germany_presence, companies.company_type AS companies_company_type, companies.funding AS companies_funding, companies.estimated_revenue AS companies_estimated_revenue, companies.maturity AS companies_maturity, companies.deployment_evidence AS companies_deployment_evidence, companies.website AS companies_website, companies.source AS companies_source, companies.status AS companies_status, companies.news_last_refreshed AS companies_news_last_refreshed, companies.id AS companies_id, companies.created_at AS companies_created_at, companies.updated_at AS companies_updated_at, companies.is_deleted AS companies_is_deleted, companies.deleted_at AS companies_deleted_at 
FROM companies 
WHERE companies.name = ? AND companies.is_deleted = 0
 LIMIT ? OFFSET ?]
[parameters: ('Brabender GmbH & Co KG', 1, 0)]
(Background on this error at: https://sqlalche.me/e/20/e3q8)
2026-07-15 01:47:44,674 - ERROR - Error importing company at row 78: (sqlite3.OperationalError) no such column: companies.news_last_refreshed
[SQL: SELECT companies.slug AS companies_slug, companies.name AS companies_name, companies.country AS companies_country, companies.ai_category AS companies_ai_category, companies.segment_tags AS companies_segment_tags, companies.use_cases AS companies_use_cases, companies.top_german_customers AS companies_top_german_customers, companies.germany_presence AS companies_germany_presence, companies.company_type AS companies_company_type, companies.funding AS companies_funding, companies.estimated_revenue AS companies_estimated_revenue, companies.maturity AS companies_maturity, companies.deployment_evidence AS companies_deployment_evidence, companies.website AS companies_website, companies.source AS companies_source, companies.status AS companies_status, companies.news_last_refreshed AS companies_news_last_refreshed, companies.id AS companies_id, companies.created_at AS companies_created_at, companies.updated_at AS companies_updated_at, companies.is_deleted AS companies_is_deleted, companies.deleted_at AS companies_deleted_at 
FROM companies 
WHERE companies.name = ? AND companies.is_deleted = 0
 LIMIT ? OFFSET ?]
[parameters: ('Netzsch Group', 1, 0)]
(Background on this error at: https://sqlalche.me/e/20/e3q8)
2026-07-15 01:47:44,676 - ERROR - Error importing company at row 79: (sqlite3.OperationalError) no such column: companies.news_last_refreshed
[SQL: SELECT companies.slug AS companies_slug, companies.name AS companies_name, companies.country AS companies_country, companies.ai_category AS companies_ai_category, companies.segment_tags AS companies_segment_tags, companies.use_cases AS companies_use_cases, companies.top_german_customers AS companies_top_german_customers, companies.germany_presence AS companies_germany_presence, companies.company_type AS companies_company_type, companies.funding AS companies_funding, companies.estimated_revenue AS companies_estimated_revenue, companies.maturity AS companies_maturity, companies.deployment_evidence AS companies_deployment_evidence, companies.website AS companies_website, companies.source AS companies_source, companies.status AS companies_status, companies.news_last_refreshed AS companies_news_last_refreshed, companies.id AS companies_id, companies.created_at AS companies_created_at, companies.updated_at AS companies_updated_at, companies.is_deleted AS companies_is_deleted, companies.deleted_at AS companies_deleted_at 
FROM companies 
WHERE companies.name = ? AND companies.is_deleted = 0
 LIMIT ? OFFSET ?]
[parameters: ('IMA Group', 1, 0)]
(Background on this error at: https://sqlalche.me/e/20/e3q8)
2026-07-15 01:47:44,678 - ERROR - Error importing company at row 80: (sqlite3.OperationalError) no such column: companies.news_last_refreshed
[SQL: SELECT companies.slug AS companies_slug, companies.name AS companies_name, companies.country AS companies_country, companies.ai_category AS companies_ai_category, companies.segment_tags AS companies_segment_tags, companies.use_cases AS companies_use_cases, companies.top_german_customers AS companies_top_german_customers, companies.germany_presence AS companies_germany_presence, companies.company_type AS companies_company_type, companies.funding AS companies_funding, companies.estimated_revenue AS companies_estimated_revenue, companies.maturity AS companies_maturity, companies.deployment_evidence AS companies_deployment_evidence, companies.website AS companies_website, companies.source AS companies_source, companies.status AS companies_status, companies.news_last_refreshed AS companies_news_last_refreshed, companies.id AS companies_id, companies.created_at AS companies_created_at, companies.updated_at AS companies_updated_at, companies.is_deleted AS companies_is_deleted, companies.deleted_at AS companies_deleted_at 
FROM companies 
WHERE companies.name = ? AND companies.is_deleted = 0
 LIMIT ? OFFSET ?]
[parameters: ('Optima Packaging Group', 1, 0)]
(Background on this error at: https://sqlalche.me/e/20/e3q8)
2026-07-15 01:47:44,680 - ERROR - Error importing company at row 81: (sqlite3.OperationalError) no such column: companies.news_last_refreshed
[SQL: SELECT companies.slug AS companies_slug, companies.name AS companies_name, companies.country AS companies_country, companies.ai_category AS companies_ai_category, companies.segment_tags AS companies_segment_tags, companies.use_cases AS companies_use_cases, companies.top_german_customers AS companies_top_german_customers, companies.germany_presence AS companies_germany_presence, companies.company_type AS companies_company_type, companies.funding AS companies_funding, companies.estimated_revenue AS companies_estimated_revenue, companies.maturity AS companies_maturity, companies.deployment_evidence AS companies_deployment_evidence, companies.website AS companies_website, companies.source AS companies_source, companies.status AS companies_status, companies.news_last_refreshed AS companies_news_last_refreshed, companies.id AS companies_id, companies.created_at AS companies_created_at, companies.updated_at AS companies_updated_at, companies.is_deleted AS companies_is_deleted, companies.deleted_at AS companies_deleted_at 
FROM companies 
WHERE companies.name = ? AND companies.is_deleted = 0
 LIMIT ? OFFSET ?]
[parameters: ('Marchesini Group', 1, 0)]
(Background on this error at: https://sqlalche.me/e/20/e3q8)
2026-07-15 01:47:44,682 - ERROR - Error importing company at row 82: (sqlite3.OperationalError) no such column: companies.news_last_refreshed
[SQL: SELECT companies.slug AS companies_slug, companies.name AS companies_name, companies.country AS companies_country, companies.ai_category AS companies_ai_category, companies.segment_tags AS companies_segment_tags, companies.use_cases AS companies_use_cases, companies.top_german_customers AS companies_top_german_customers, companies.germany_presence AS companies_germany_presence, companies.company_type AS companies_company_type, companies.funding AS companies_funding, companies.estimated_revenue AS companies_estimated_revenue, companies.maturity AS companies_maturity, companies.deployment_evidence AS companies_deployment_evidence, companies.website AS companies_website, companies.source AS companies_source, companies.status AS companies_status, companies.news_last_refreshed AS companies_news_last_refreshed, companies.id AS companies_id, companies.created_at AS companies_created_at, companies.updated_at AS companies_updated_at, companies.is_deleted AS companies_is_deleted, companies.deleted_at AS companies_deleted_at 
FROM companies 
WHERE companies.name = ? AND companies.is_deleted = 0
 LIMIT ? OFFSET ?]
[parameters: ('ProSonix LLC', 1, 0)]
(Background on this error at: https://sqlalche.me/e/20/e3q8)
2026-07-15 01:47:44,685 - ERROR - Error importing company at row 83: (sqlite3.OperationalError) no such column: companies.news_last_refreshed
[SQL: SELECT companies.slug AS companies_slug, companies.name AS companies_name, companies.country AS companies_country, companies.ai_category AS companies_ai_category, companies.segment_tags AS companies_segment_tags, companies.use_cases AS companies_use_cases, companies.top_german_customers AS companies_top_german_customers, companies.germany_presence AS companies_germany_presence, companies.company_type AS companies_company_type, companies.funding AS companies_funding, companies.estimated_revenue AS companies_estimated_revenue, companies.maturity AS companies_maturity, companies.deployment_evidence AS companies_deployment_evidence, companies.website AS companies_website, companies.source AS companies_source, companies.status AS companies_status, companies.news_last_refreshed AS companies_news_last_refreshed, companies.id AS companies_id, companies.created_at AS companies_created_at, companies.updated_at AS companies_updated_at, companies.is_deleted AS companies_is_deleted, companies.deleted_at AS companies_deleted_at 
FROM companies 
WHERE companies.name = ? AND companies.is_deleted = 0
 LIMIT ? OFFSET ?]
[parameters: ('Buhler Sortex', 1, 0)]
(Background on this error at: https://sqlalche.me/e/20/e3q8)
2026-07-15 01:47:44,687 - ERROR - Error importing company at row 84: (sqlite3.OperationalError) no such column: companies.news_last_refreshed
[SQL: SELECT companies.slug AS companies_slug, companies.name AS companies_name, companies.country AS companies_country, companies.ai_category AS companies_ai_category, companies.segment_tags AS companies_segment_tags, companies.use_cases AS companies_use_cases, companies.top_german_customers AS companies_top_german_customers, companies.germany_presence AS companies_germany_presence, companies.company_type AS companies_company_type, companies.funding AS companies_funding, companies.estimated_revenue AS companies_estimated_revenue, companies.maturity AS companies_maturity, companies.deployment_evidence AS companies_deployment_evidence, companies.website AS companies_website, companies.source AS companies_source, companies.status AS companies_status, companies.news_last_refreshed AS companies_news_last_refreshed, companies.id AS companies_id, companies.created_at AS companies_created_at, companies.updated_at AS companies_updated_at, companies.is_deleted AS companies_is_deleted, companies.deleted_at AS companies_deleted_at 
FROM companies 
WHERE companies.name = ? AND companies.is_deleted = 0
 LIMIT ? OFFSET ?]
[parameters: ('Tomra Sorting Solutions', 1, 0)]
(Background on this error at: https://sqlalche.me/e/20/e3q8)
2026-07-15 01:47:44,690 - ERROR - Error importing company at row 85: (sqlite3.OperationalError) no such column: companies.news_last_refreshed
[SQL: SELECT companies.slug AS companies_slug, companies.name AS companies_name, companies.country AS companies_country, companies.ai_category AS companies_ai_category, companies.segment_tags AS companies_segment_tags, companies.use_cases AS companies_use_cases, companies.top_german_customers AS companies_top_german_customers, companies.germany_presence AS companies_germany_presence, companies.company_type AS companies_company_type, companies.funding AS companies_funding, companies.estimated_revenue AS companies_estimated_revenue, companies.maturity AS companies_maturity, companies.deployment_evidence AS companies_deployment_evidence, companies.website AS companies_website, companies.source AS companies_source, companies.status AS companies_status, companies.news_last_refreshed AS companies_news_last_refreshed, companies.id AS companies_id, companies.created_at AS companies_created_at, companies.updated_at AS companies_updated_at, companies.is_deleted AS companies_is_deleted, companies.deleted_at AS companies_deleted_at 
FROM companies 
WHERE companies.name = ? AND companies.is_deleted = 0
 LIMIT ? OFFSET ?]
[parameters: ('Multivac Sepp Haggenmüller', 1, 0)]
(Background on this error at: https://sqlalche.me/e/20/e3q8)
2026-07-15 01:47:44,692 - ERROR - Error importing company at row 86: (sqlite3.OperationalError) no such column: companies.news_last_refreshed
[SQL: SELECT companies.slug AS companies_slug, companies.name AS companies_name, companies.country AS companies_country, companies.ai_category AS companies_ai_category, companies.segment_tags AS companies_segment_tags, companies.use_cases AS companies_use_cases, companies.top_german_customers AS companies_top_german_customers, companies.germany_presence AS companies_germany_presence, companies.company_type AS companies_company_type, companies.funding AS companies_funding, companies.estimated_revenue AS companies_estimated_revenue, companies.maturity AS companies_maturity, companies.deployment_evidence AS companies_deployment_evidence, companies.website AS companies_website, companies.source AS companies_source, companies.status AS companies_status, companies.news_last_refreshed AS companies_news_last_refreshed, companies.id AS companies_id, companies.created_at AS companies_created_at, companies.updated_at AS companies_updated_at, companies.is_deleted AS companies_is_deleted, companies.deleted_at AS companies_deleted_at 
FROM companies 
WHERE companies.name = ? AND companies.is_deleted = 0
 LIMIT ? OFFSET ?]
[parameters: ('Planetary AG', 1, 0)]
(Background on this error at: https://sqlalche.me/e/20/e3q8)
2026-07-15 01:47:44,695 - ERROR - Error importing company at row 87: (sqlite3.OperationalError) no such column: companies.news_last_refreshed
[SQL: SELECT companies.slug AS companies_slug, companies.name AS companies_name, companies.country AS companies_country, companies.ai_category AS companies_ai_category, companies.segment_tags AS companies_segment_tags, companies.use_cases AS companies_use_cases, companies.top_german_customers AS companies_top_german_customers, companies.germany_presence AS companies_germany_presence, companies.company_type AS companies_company_type, companies.funding AS companies_funding, companies.estimated_revenue AS companies_estimated_revenue, companies.maturity AS companies_maturity, companies.deployment_evidence AS companies_deployment_evidence, companies.website AS companies_website, companies.source AS companies_source, companies.status AS companies_status, companies.news_last_refreshed AS companies_news_last_refreshed, companies.id AS companies_id, companies.created_at AS companies_created_at, companies.updated_at AS companies_updated_at, companies.is_deleted AS companies_is_deleted, companies.deleted_at AS companies_deleted_at 
FROM companies 
WHERE companies.name = ? AND companies.is_deleted = 0
 LIMIT ? OFFSET ?]
[parameters: ('Pixelfield GmbH', 1, 0)]
(Background on this error at: https://sqlalche.me/e/20/e3q8)
2026-07-15 01:47:44,697 - ERROR - Error importing company at row 88: (sqlite3.OperationalError) no such column: companies.news_last_refreshed
[SQL: SELECT companies.slug AS companies_slug, companies.name AS companies_name, companies.country AS companies_country, companies.ai_category AS companies_ai_category, companies.segment_tags AS companies_segment_tags, companies.use_cases AS companies_use_cases, companies.top_german_customers AS companies_top_german_customers, companies.germany_presence AS companies_germany_presence, companies.company_type AS companies_company_type, companies.funding AS companies_funding, companies.estimated_revenue AS companies_estimated_revenue, companies.maturity AS companies_maturity, companies.deployment_evidence AS companies_deployment_evidence, companies.website AS companies_website, companies.source AS companies_source, companies.status AS companies_status, companies.news_last_refreshed AS companies_news_last_refreshed, companies.id AS companies_id, companies.created_at AS companies_created_at, companies.updated_at AS companies_updated_at, companies.is_deleted AS companies_is_deleted, companies.deleted_at AS companies_deleted_at 
FROM companies 
WHERE companies.name = ? AND companies.is_deleted = 0
 LIMIT ? OFFSET ?]
[parameters: ('Nobell Foods Inc', 1, 0)]
(Background on this error at: https://sqlalche.me/e/20/e3q8)
2026-07-15 01:47:44,699 - ERROR - Error importing company at row 89: (sqlite3.OperationalError) no such column: companies.news_last_refreshed
[SQL: SELECT companies.slug AS companies_slug, companies.name AS companies_name, companies.country AS companies_country, companies.ai_category AS companies_ai_category, companies.segment_tags AS companies_segment_tags, companies.use_cases AS companies_use_cases, companies.top_german_customers AS companies_top_german_customers, companies.germany_presence AS companies_germany_presence, companies.company_type AS companies_company_type, companies.funding AS companies_funding, companies.estimated_revenue AS companies_estimated_revenue, companies.maturity AS companies_maturity, companies.deployment_evidence AS companies_deployment_evidence, companies.website AS companies_website, companies.source AS companies_source, companies.status AS companies_status, companies.news_last_refreshed AS companies_news_last_refreshed, companies.id AS companies_id, companies.created_at AS companies_created_at, companies.updated_at AS companies_updated_at, companies.is_deleted AS companies_is_deleted, companies.deleted_at AS companies_deleted_at 
FROM companies 
WHERE companies.name = ? AND companies.is_deleted = 0
 LIMIT ? OFFSET ?]
[parameters: ('Zoetis Inc (Digital)', 1, 0)]
(Background on this error at: https://sqlalche.me/e/20/e3q8)
2026-07-15 01:47:44,701 - ERROR - Error importing company at row 90: (sqlite3.OperationalError) no such column: companies.news_last_refreshed
[SQL: SELECT companies.slug AS companies_slug, companies.name AS companies_name, companies.country AS companies_country, companies.ai_category AS companies_ai_category, companies.segment_tags AS companies_segment_tags, companies.use_cases AS companies_use_cases, companies.top_german_customers AS companies_top_german_customers, companies.germany_presence AS companies_germany_presence, companies.company_type AS companies_company_type, companies.funding AS companies_funding, companies.estimated_revenue AS companies_estimated_revenue, companies.maturity AS companies_maturity, companies.deployment_evidence AS companies_deployment_evidence, companies.website AS companies_website, companies.source AS companies_source, companies.status AS companies_status, companies.news_last_refreshed AS companies_news_last_refreshed, companies.id AS companies_id, companies.created_at AS companies_created_at, companies.updated_at AS companies_updated_at, companies.is_deleted AS companies_is_deleted, companies.deleted_at AS companies_deleted_at 
FROM companies 
WHERE companies.name = ? AND companies.is_deleted = 0
 LIMIT ? OFFSET ?]
[parameters: ('Merck Animal Health (DE)', 1, 0)]
(Background on this error at: https://sqlalche.me/e/20/e3q8)
2026-07-15 01:47:44,704 - ERROR - Error importing company at row 91: (sqlite3.OperationalError) no such column: companies.news_last_refreshed
[SQL: SELECT companies.slug AS companies_slug, companies.name AS companies_name, companies.country AS companies_country, companies.ai_category AS companies_ai_category, companies.segment_tags AS companies_segment_tags, companies.use_cases AS companies_use_cases, companies.top_german_customers AS companies_top_german_customers, companies.germany_presence AS companies_germany_presence, companies.company_type AS companies_company_type, companies.funding AS companies_funding, companies.estimated_revenue AS companies_estimated_revenue, companies.maturity AS companies_maturity, companies.deployment_evidence AS companies_deployment_evidence, companies.website AS companies_website, companies.source AS companies_source, companies.status AS companies_status, companies.news_last_refreshed AS companies_news_last_refreshed, companies.id AS companies_id, companies.created_at AS companies_created_at, companies.updated_at AS companies_updated_at, companies.is_deleted AS companies_is_deleted, companies.deleted_at AS companies_deleted_at 
FROM companies 
WHERE companies.name = ? AND companies.is_deleted = 0
 LIMIT ? OFFSET ?]
[parameters: ('SenseTime (AgriAI)', 1, 0)]
(Background on this error at: https://sqlalche.me/e/20/e3q8)
2026-07-15 01:47:44,705 - ERROR - Error importing company at row 92: (sqlite3.OperationalError) no such column: companies.news_last_refreshed
[SQL: SELECT companies.slug AS companies_slug, companies.name AS companies_name, companies.country AS companies_country, companies.ai_category AS companies_ai_category, companies.segment_tags AS companies_segment_tags, companies.use_cases AS companies_use_cases, companies.top_german_customers AS companies_top_german_customers, companies.germany_presence AS companies_germany_presence, companies.company_type AS companies_company_type, companies.funding AS companies_funding, companies.estimated_revenue AS companies_estimated_revenue, companies.maturity AS companies_maturity, companies.deployment_evidence AS companies_deployment_evidence, companies.website AS companies_website, companies.source AS companies_source, companies.status AS companies_status, companies.news_last_refreshed AS companies_news_last_refreshed, companies.id AS companies_id, companies.created_at AS companies_created_at, companies.updated_at AS companies_updated_at, companies.is_deleted AS companies_is_deleted, companies.deleted_at AS companies_deleted_at 
FROM companies 
WHERE companies.name = ? AND companies.is_deleted = 0
 LIMIT ? OFFSET ?]
[parameters: ('Halio Inc (AGC)', 1, 0)]
(Background on this error at: https://sqlalche.me/e/20/e3q8)
2026-07-15 01:47:44,707 - ERROR - Error importing company at row 93: (sqlite3.OperationalError) no such column: companies.news_last_refreshed
[SQL: SELECT companies.slug AS companies_slug, companies.name AS companies_name, companies.country AS companies_country, companies.ai_category AS companies_ai_category, companies.segment_tags AS companies_segment_tags, companies.use_cases AS companies_use_cases, companies.top_german_customers AS companies_top_german_customers, companies.germany_presence AS companies_germany_presence, companies.company_type AS companies_company_type, companies.funding AS companies_funding, companies.estimated_revenue AS companies_estimated_revenue, companies.maturity AS companies_maturity, companies.deployment_evidence AS companies_deployment_evidence, companies.website AS companies_website, companies.source AS companies_source, companies.status AS companies_status, companies.news_last_refreshed AS companies_news_last_refreshed, companies.id AS companies_id, companies.created_at AS companies_created_at, companies.updated_at AS companies_updated_at, companies.is_deleted AS companies_is_deleted, companies.deleted_at AS companies_deleted_at 
FROM companies 
WHERE companies.name = ? AND companies.is_deleted = 0
 LIMIT ? OFFSET ?]
[parameters: ('Royal DSM Digital (dsm-firmenich)', 1, 0)]
(Background on this error at: https://sqlalche.me/e/20/e3q8)
2026-07-15 01:47:44,709 - ERROR - Error importing company at row 94: (sqlite3.OperationalError) no such column: companies.news_last_refreshed
[SQL: SELECT companies.slug AS companies_slug, companies.name AS companies_name, companies.country AS companies_country, companies.ai_category AS companies_ai_category, companies.segment_tags AS companies_segment_tags, companies.use_cases AS companies_use_cases, companies.top_german_customers AS companies_top_german_customers, companies.germany_presence AS companies_germany_presence, companies.company_type AS companies_company_type, companies.funding AS companies_funding, companies.estimated_revenue AS companies_estimated_revenue, companies.maturity AS companies_maturity, companies.deployment_evidence AS companies_deployment_evidence, companies.website AS companies_website, companies.source AS companies_source, companies.status AS companies_status, companies.news_last_refreshed AS companies_news_last_refreshed, companies.id AS companies_id, companies.created_at AS companies_created_at, companies.updated_at AS companies_updated_at, companies.is_deleted AS companies_is_deleted, companies.deleted_at AS companies_deleted_at 
FROM companies 
WHERE companies.name = ? AND companies.is_deleted = 0
 LIMIT ? OFFSET ?]
[parameters: ('Barry Callebaut (Digital AI)', 1, 0)]
(Background on this error at: https://sqlalche.me/e/20/e3q8)
2026-07-15 01:47:44,713 - ERROR - Error importing company at row 95: (sqlite3.OperationalError) no such column: companies.news_last_refreshed
[SQL: SELECT companies.slug AS companies_slug, companies.name AS companies_name, companies.country AS companies_country, companies.ai_category AS companies_ai_category, companies.segment_tags AS companies_segment_tags, companies.use_cases AS companies_use_cases, companies.top_german_customers AS companies_top_german_customers, companies.germany_presence AS companies_germany_presence, companies.company_type AS companies_company_type, companies.funding AS companies_funding, companies.estimated_revenue AS companies_estimated_revenue, companies.maturity AS companies_maturity, companies.deployment_evidence AS companies_deployment_evidence, companies.website AS companies_website, companies.source AS companies_source, companies.status AS companies_status, companies.news_last_refreshed AS companies_news_last_refreshed, companies.id AS companies_id, companies.created_at AS companies_created_at, companies.updated_at AS companies_updated_at, companies.is_deleted AS companies_is_deleted, companies.deleted_at AS companies_deleted_at 
FROM companies 
WHERE companies.name = ? AND companies.is_deleted = 0
 LIMIT ? OFFSET ?]
[parameters: ('Olam International', 1, 0)]
(Background on this error at: https://sqlalche.me/e/20/e3q8)
2026-07-15 01:47:44,715 - ERROR - Error importing company at row 96: (sqlite3.OperationalError) no such column: companies.news_last_refreshed
[SQL: SELECT companies.slug AS companies_slug, companies.name AS companies_name, companies.country AS companies_country, companies.ai_category AS companies_ai_category, companies.segment_tags AS companies_segment_tags, companies.use_cases AS companies_use_cases, companies.top_german_customers AS companies_top_german_customers, companies.germany_presence AS companies_germany_presence, companies.company_type AS companies_company_type, companies.funding AS companies_funding, companies.estimated_revenue AS companies_estimated_revenue, companies.maturity AS companies_maturity, companies.deployment_evidence AS companies_deployment_evidence, companies.website AS companies_website, companies.source AS companies_source, companies.status AS companies_status, companies.news_last_refreshed AS companies_news_last_refreshed, companies.id AS companies_id, companies.created_at AS companies_created_at, companies.updated_at AS companies_updated_at, companies.is_deleted AS companies_is_deleted, companies.deleted_at AS companies_deleted_at 
FROM companies 
WHERE companies.name = ? AND companies.is_deleted = 0
 LIMIT ? OFFSET ?]
[parameters: ('Givaudan Digital (AI division)', 1, 0)]
(Background on this error at: https://sqlalche.me/e/20/e3q8)
2026-07-15 01:47:44,717 - ERROR - Error importing company at row 97: (sqlite3.OperationalError) no such column: companies.news_last_refreshed
[SQL: SELECT companies.slug AS companies_slug, companies.name AS companies_name, companies.country AS companies_country, companies.ai_category AS companies_ai_category, companies.segment_tags AS companies_segment_tags, companies.use_cases AS companies_use_cases, companies.top_german_customers AS companies_top_german_customers, companies.germany_presence AS companies_germany_presence, companies.company_type AS companies_company_type, companies.funding AS companies_funding, companies.estimated_revenue AS companies_estimated_revenue, companies.maturity AS companies_maturity, companies.deployment_evidence AS companies_deployment_evidence, companies.website AS companies_website, companies.source AS companies_source, companies.status AS companies_status, companies.news_last_refreshed AS companies_news_last_refreshed, companies.id AS companies_id, companies.created_at AS companies_created_at, companies.updated_at AS companies_updated_at, companies.is_deleted AS companies_is_deleted, companies.deleted_at AS companies_deleted_at 
FROM companies 
WHERE companies.name = ? AND companies.is_deleted = 0
 LIMIT ? OFFSET ?]
[parameters: ('IFF (International Flavors & Fragrances)', 1, 0)]
(Background on this error at: https://sqlalche.me/e/20/e3q8)
2026-07-15 01:47:44,719 - ERROR - Error importing company at row 98: (sqlite3.OperationalError) no such column: companies.news_last_refreshed
[SQL: SELECT companies.slug AS companies_slug, companies.name AS companies_name, companies.country AS companies_country, companies.ai_category AS companies_ai_category, companies.segment_tags AS companies_segment_tags, companies.use_cases AS companies_use_cases, companies.top_german_customers AS companies_top_german_customers, companies.germany_presence AS companies_germany_presence, companies.company_type AS companies_company_type, companies.funding AS companies_funding, companies.estimated_revenue AS companies_estimated_revenue, companies.maturity AS companies_maturity, companies.deployment_evidence AS companies_deployment_evidence, companies.website AS companies_website, companies.source AS companies_source, companies.status AS companies_status, companies.news_last_refreshed AS companies_news_last_refreshed, companies.id AS companies_id, companies.created_at AS companies_created_at, companies.updated_at AS companies_updated_at, companies.is_deleted AS companies_is_deleted, companies.deleted_at AS companies_deleted_at 
FROM companies 
WHERE companies.name = ? AND companies.is_deleted = 0
 LIMIT ? OFFSET ?]
[parameters: ('Kerry Group Digital', 1, 0)]
(Background on this error at: https://sqlalche.me/e/20/e3q8)
2026-07-15 01:47:44,720 - ERROR - Error importing company at row 99: (sqlite3.OperationalError) no such column: companies.news_last_refreshed
[SQL: SELECT companies.slug AS companies_slug, companies.name AS companies_name, companies.country AS companies_country, companies.ai_category AS companies_ai_category, companies.segment_tags AS companies_segment_tags, companies.use_cases AS companies_use_cases, companies.top_german_customers AS companies_top_german_customers, companies.germany_presence AS companies_germany_presence, companies.company_type AS companies_company_type, companies.funding AS companies_funding, companies.estimated_revenue AS companies_estimated_revenue, companies.maturity AS companies_maturity, companies.deployment_evidence AS companies_deployment_evidence, companies.website AS companies_website, companies.source AS companies_source, companies.status AS companies_status, companies.news_last_refreshed AS companies_news_last_refreshed, companies.id AS companies_id, companies.created_at AS companies_created_at, companies.updated_at AS companies_updated_at, companies.is_deleted AS companies_is_deleted, companies.deleted_at AS companies_deleted_at 
FROM companies 
WHERE companies.name = ? AND companies.is_deleted = 0
 LIMIT ? OFFSET ?]
[parameters: ('Corbion NV', 1, 0)]
(Background on this error at: https://sqlalche.me/e/20/e3q8)
2026-07-15 01:47:44,723 - ERROR - Error importing company at row 100: (sqlite3.OperationalError) no such column: companies.news_last_refreshed
[SQL: SELECT companies.slug AS companies_slug, companies.name AS companies_name, companies.country AS companies_country, companies.ai_category AS companies_ai_category, companies.segment_tags AS companies_segment_tags, companies.use_cases AS companies_use_cases, companies.top_german_customers AS companies_top_german_customers, companies.germany_presence AS companies_germany_presence, companies.company_type AS companies_company_type, companies.funding AS companies_funding, companies.estimated_revenue AS companies_estimated_revenue, companies.maturity AS companies_maturity, companies.deployment_evidence AS companies_deployment_evidence, companies.website AS companies_website, companies.source AS companies_source, companies.status AS companies_status, companies.news_last_refreshed AS companies_news_last_refreshed, companies.id AS companies_id, companies.created_at AS companies_created_at, companies.updated_at AS companies_updated_at, companies.is_deleted AS companies_is_deleted, companies.deleted_at AS companies_deleted_at 
FROM companies 
WHERE companies.name = ? AND companies.is_deleted = 0
 LIMIT ? OFFSET ?]
[parameters: ('Novozymes (Novo Nordisk Foundation)', 1, 0)]
(Background on this error at: https://sqlalche.me/e/20/e3q8)
2026-07-15 01:47:44,725 - ERROR - Error importing company at row 101: (sqlite3.OperationalError) no such column: companies.news_last_refreshed
[SQL: SELECT companies.slug AS companies_slug, companies.name AS companies_name, companies.country AS companies_country, companies.ai_category AS companies_ai_category, companies.segment_tags AS companies_segment_tags, companies.use_cases AS companies_use_cases, companies.top_german_customers AS companies_top_german_customers, companies.germany_presence AS companies_germany_presence, companies.company_type AS companies_company_type, companies.funding AS companies_funding, companies.estimated_revenue AS companies_estimated_revenue, companies.maturity AS companies_maturity, companies.deployment_evidence AS companies_deployment_evidence, companies.website AS companies_website, companies.source AS companies_source, companies.status AS companies_status, companies.news_last_refreshed AS companies_news_last_refreshed, companies.id AS companies_id, companies.created_at AS companies_created_at, companies.updated_at AS companies_updated_at, companies.is_deleted AS companies_is_deleted, companies.deleted_at AS companies_deleted_at 
FROM companies 
WHERE companies.name = ? AND companies.is_deleted = 0
 LIMIT ? OFFSET ?]
[parameters: ('ABF Ingredients (AB Foods)', 1, 0)]
(Background on this error at: https://sqlalche.me/e/20/e3q8)
2026-07-15 01:47:44,726 - ERROR - Error importing company at row 102: (sqlite3.OperationalError) no such column: companies.news_last_refreshed
[SQL: SELECT companies.slug AS companies_slug, companies.name AS companies_name, companies.country AS companies_country, companies.ai_category AS companies_ai_category, companies.segment_tags AS companies_segment_tags, companies.use_cases AS companies_use_cases, companies.top_german_customers AS companies_top_german_customers, companies.germany_presence AS companies_germany_presence, companies.company_type AS companies_company_type, companies.funding AS companies_funding, companies.estimated_revenue AS companies_estimated_revenue, companies.maturity AS companies_maturity, companies.deployment_evidence AS companies_deployment_evidence, companies.website AS companies_website, companies.source AS companies_source, companies.status AS companies_status, companies.news_last_refreshed AS companies_news_last_refreshed, companies.id AS companies_id, companies.created_at AS companies_created_at, companies.updated_at AS companies_updated_at, companies.is_deleted AS companies_is_deleted, companies.deleted_at AS companies_deleted_at 
FROM companies 
WHERE companies.name = ? AND companies.is_deleted = 0
 LIMIT ? OFFSET ?]
[parameters: ('Sensitech Inc (Carrier)', 1, 0)]
(Background on this error at: https://sqlalche.me/e/20/e3q8)
2026-07-15 01:47:44,728 - ERROR - Error importing company at row 103: (sqlite3.OperationalError) no such column: companies.news_last_refreshed
[SQL: SELECT companies.slug AS companies_slug, companies.name AS companies_name, companies.country AS companies_country, companies.ai_category AS companies_ai_category, companies.segment_tags AS companies_segment_tags, companies.use_cases AS companies_use_cases, companies.top_german_customers AS companies_top_german_customers, companies.germany_presence AS companies_germany_presence, companies.company_type AS companies_company_type, companies.funding AS companies_funding, companies.estimated_revenue AS companies_estimated_revenue, companies.maturity AS companies_maturity, companies.deployment_evidence AS companies_deployment_evidence, companies.website AS companies_website, companies.source AS companies_source, companies.status AS companies_status, companies.news_last_refreshed AS companies_news_last_refreshed, companies.id AS companies_id, companies.created_at AS companies_created_at, companies.updated_at AS companies_updated_at, companies.is_deleted AS companies_is_deleted, companies.deleted_at AS companies_deleted_at 
FROM companies 
WHERE companies.name = ? AND companies.is_deleted = 0
 LIMIT ? OFFSET ?]
[parameters: ('Emerson (Cargo Solutions)', 1, 0)]
(Background on this error at: https://sqlalche.me/e/20/e3q8)
2026-07-15 01:47:44,730 - ERROR - Error importing company at row 104: (sqlite3.OperationalError) no such column: companies.news_last_refreshed
[SQL: SELECT companies.slug AS companies_slug, companies.name AS companies_name, companies.country AS companies_country, companies.ai_category AS companies_ai_category, companies.segment_tags AS companies_segment_tags, companies.use_cases AS companies_use_cases, companies.top_german_customers AS companies_top_german_customers, companies.germany_presence AS companies_germany_presence, companies.company_type AS companies_company_type, companies.funding AS companies_funding, companies.estimated_revenue AS companies_estimated_revenue, companies.maturity AS companies_maturity, companies.deployment_evidence AS companies_deployment_evidence, companies.website AS companies_website, companies.source AS companies_source, companies.status AS companies_status, companies.news_last_refreshed AS companies_news_last_refreshed, companies.id AS companies_id, companies.created_at AS companies_created_at, companies.updated_at AS companies_updated_at, companies.is_deleted AS companies_is_deleted, companies.deleted_at AS companies_deleted_at 
FROM companies 
WHERE companies.name = ? AND companies.is_deleted = 0
 LIMIT ? OFFSET ?]
[parameters: ('Roambee Corporation', 1, 0)]
(Background on this error at: https://sqlalche.me/e/20/e3q8)
2026-07-15 01:47:44,733 - ERROR - Error importing company at row 105: (sqlite3.OperationalError) no such column: companies.news_last_refreshed
[SQL: SELECT companies.slug AS companies_slug, companies.name AS companies_name, companies.country AS companies_country, companies.ai_category AS companies_ai_category, companies.segment_tags AS companies_segment_tags, companies.use_cases AS companies_use_cases, companies.top_german_customers AS companies_top_german_customers, companies.germany_presence AS companies_germany_presence, companies.company_type AS companies_company_type, companies.funding AS companies_funding, companies.estimated_revenue AS companies_estimated_revenue, companies.maturity AS companies_maturity, companies.deployment_evidence AS companies_deployment_evidence, companies.website AS companies_website, companies.source AS companies_source, companies.status AS companies_status, companies.news_last_refreshed AS companies_news_last_refreshed, companies.id AS companies_id, companies.created_at AS companies_created_at, companies.updated_at AS companies_updated_at, companies.is_deleted AS companies_is_deleted, companies.deleted_at AS companies_deleted_at 
FROM companies 
WHERE companies.name = ? AND companies.is_deleted = 0
 LIMIT ? OFFSET ?]
[parameters: ('Foodlogix (by Aptean)', 1, 0)]
(Background on this error at: https://sqlalche.me/e/20/e3q8)
2026-07-15 01:47:44,735 - ERROR - Error importing company at row 106: (sqlite3.OperationalError) no such column: companies.news_last_refreshed
[SQL: SELECT companies.slug AS companies_slug, companies.name AS companies_name, companies.country AS companies_country, companies.ai_category AS companies_ai_category, companies.segment_tags AS companies_segment_tags, companies.use_cases AS companies_use_cases, companies.top_german_customers AS companies_top_german_customers, companies.germany_presence AS companies_germany_presence, companies.company_type AS companies_company_type, companies.funding AS companies_funding, companies.estimated_revenue AS companies_estimated_revenue, companies.maturity AS companies_maturity, companies.deployment_evidence AS companies_deployment_evidence, companies.website AS companies_website, companies.source AS companies_source, companies.status AS companies_status, companies.news_last_refreshed AS companies_news_last_refreshed, companies.id AS companies_id, companies.created_at AS companies_created_at, companies.updated_at AS companies_updated_at, companies.is_deleted AS companies_is_deleted, companies.deleted_at AS companies_deleted_at 
FROM companies 
WHERE companies.name = ? AND companies.is_deleted = 0
 LIMIT ? OFFSET ?]
[parameters: ('Siemens AG', 1, 0)]
(Background on this error at: https://sqlalche.me/e/20/e3q8)
2026-07-15 01:47:44,736 - ERROR - Error importing company at row 107: (sqlite3.OperationalError) no such column: companies.news_last_refreshed
[SQL: SELECT companies.slug AS companies_slug, companies.name AS companies_name, companies.country AS companies_country, companies.ai_category AS companies_ai_category, companies.segment_tags AS companies_segment_tags, companies.use_cases AS companies_use_cases, companies.top_german_customers AS companies_top_german_customers, companies.germany_presence AS companies_germany_presence, companies.company_type AS companies_company_type, companies.funding AS companies_funding, companies.estimated_revenue AS companies_estimated_revenue, companies.maturity AS companies_maturity, companies.deployment_evidence AS companies_deployment_evidence, companies.website AS companies_website, companies.source AS companies_source, companies.status AS companies_status, companies.news_last_refreshed AS companies_news_last_refreshed, companies.id AS companies_id, companies.created_at AS companies_created_at, companies.updated_at AS companies_updated_at, companies.is_deleted AS companies_is_deleted, companies.deleted_at AS companies_deleted_at 
FROM companies 
WHERE companies.name = ? AND companies.is_deleted = 0
 LIMIT ? OFFSET ?]
[parameters: ('SAP SE', 1, 0)]
(Background on this error at: https://sqlalche.me/e/20/e3q8)
2026-07-15 01:47:44,739 - ERROR - Error importing company at row 108: (sqlite3.OperationalError) no such column: companies.news_last_refreshed
[SQL: SELECT companies.slug AS companies_slug, companies.name AS companies_name, companies.country AS companies_country, companies.ai_category AS companies_ai_category, companies.segment_tags AS companies_segment_tags, companies.use_cases AS companies_use_cases, companies.top_german_customers AS companies_top_german_customers, companies.germany_presence AS companies_germany_presence, companies.company_type AS companies_company_type, companies.funding AS companies_funding, companies.estimated_revenue AS companies_estimated_revenue, companies.maturity AS companies_maturity, companies.deployment_evidence AS companies_deployment_evidence, companies.website AS companies_website, companies.source AS companies_source, companies.status AS companies_status, companies.news_last_refreshed AS companies_news_last_refreshed, companies.id AS companies_id, companies.created_at AS companies_created_at, companies.updated_at AS companies_updated_at, companies.is_deleted AS companies_is_deleted, companies.deleted_at AS companies_deleted_at 
FROM companies 
WHERE companies.name = ? AND companies.is_deleted = 0
 LIMIT ? OFFSET ?]
[parameters: ('Blue Yonder (Panasonic)', 1, 0)]
(Background on this error at: https://sqlalche.me/e/20/e3q8)
2026-07-15 01:47:44,741 - ERROR - Error importing company at row 109: (sqlite3.OperationalError) no such column: companies.news_last_refreshed
[SQL: SELECT companies.slug AS companies_slug, companies.name AS companies_name, companies.country AS companies_country, companies.ai_category AS companies_ai_category, companies.segment_tags AS companies_segment_tags, companies.use_cases AS companies_use_cases, companies.top_german_customers AS companies_top_german_customers, companies.germany_presence AS companies_germany_presence, companies.company_type AS companies_company_type, companies.funding AS companies_funding, companies.estimated_revenue AS companies_estimated_revenue, companies.maturity AS companies_maturity, companies.deployment_evidence AS companies_deployment_evidence, companies.website AS companies_website, companies.source AS companies_source, companies.status AS companies_status, companies.news_last_refreshed AS companies_news_last_refreshed, companies.id AS companies_id, companies.created_at AS companies_created_at, companies.updated_at AS companies_updated_at, companies.is_deleted AS companies_is_deleted, companies.deleted_at AS companies_deleted_at 
FROM companies 
WHERE companies.name = ? AND companies.is_deleted = 0
 LIMIT ? OFFSET ?]
[parameters: ('Augury', 1, 0)]
(Background on this error at: https://sqlalche.me/e/20/e3q8)
2026-07-15 01:47:44,743 - ERROR - Error importing company at row 110: (sqlite3.OperationalError) no such column: companies.news_last_refreshed
[SQL: SELECT companies.slug AS companies_slug, companies.name AS companies_name, companies.country AS companies_country, companies.ai_category AS companies_ai_category, companies.segment_tags AS companies_segment_tags, companies.use_cases AS companies_use_cases, companies.top_german_customers AS companies_top_german_customers, companies.germany_presence AS companies_germany_presence, companies.company_type AS companies_company_type, companies.funding AS companies_funding, companies.estimated_revenue AS companies_estimated_revenue, companies.maturity AS companies_maturity, companies.deployment_evidence AS companies_deployment_evidence, companies.website AS companies_website, companies.source AS companies_source, companies.status AS companies_status, companies.news_last_refreshed AS companies_news_last_refreshed, companies.id AS companies_id, companies.created_at AS companies_created_at, companies.updated_at AS companies_updated_at, companies.is_deleted AS companies_is_deleted, companies.deleted_at AS companies_deleted_at 
FROM companies 
WHERE companies.name = ? AND companies.is_deleted = 0
 LIMIT ? OFFSET ?]
[parameters: ('IBM (Watson/Consulting)', 1, 0)]
(Background on this error at: https://sqlalche.me/e/20/e3q8)
2026-07-15 01:47:44,745 - ERROR - Error importing company at row 111: (sqlite3.OperationalError) no such column: companies.news_last_refreshed
[SQL: SELECT companies.slug AS companies_slug, companies.name AS companies_name, companies.country AS companies_country, companies.ai_category AS companies_ai_category, companies.segment_tags AS companies_segment_tags, companies.use_cases AS companies_use_cases, companies.top_german_customers AS companies_top_german_customers, companies.germany_presence AS companies_germany_presence, companies.company_type AS companies_company_type, companies.funding AS companies_funding, companies.estimated_revenue AS companies_estimated_revenue, companies.maturity AS companies_maturity, companies.deployment_evidence AS companies_deployment_evidence, companies.website AS companies_website, companies.source AS companies_source, companies.status AS companies_status, companies.news_last_refreshed AS companies_news_last_refreshed, companies.id AS companies_id, companies.created_at AS companies_created_at, companies.updated_at AS companies_updated_at, companies.is_deleted AS companies_is_deleted, companies.deleted_at AS companies_deleted_at 
FROM companies 
WHERE companies.name = ? AND companies.is_deleted = 0
 LIMIT ? OFFSET ?]
[parameters: ('Rockwell Automation', 1, 0)]
(Background on this error at: https://sqlalche.me/e/20/e3q8)
2026-07-15 01:47:44,748 - ERROR - Error importing company at row 112: (sqlite3.OperationalError) no such column: companies.news_last_refreshed
[SQL: SELECT companies.slug AS companies_slug, companies.name AS companies_name, companies.country AS companies_country, companies.ai_category AS companies_ai_category, companies.segment_tags AS companies_segment_tags, companies.use_cases AS companies_use_cases, companies.top_german_customers AS companies_top_german_customers, companies.germany_presence AS companies_germany_presence, companies.company_type AS companies_company_type, companies.funding AS companies_funding, companies.estimated_revenue AS companies_estimated_revenue, companies.maturity AS companies_maturity, companies.deployment_evidence AS companies_deployment_evidence, companies.website AS companies_website, companies.source AS companies_source, companies.status AS companies_status, companies.news_last_refreshed AS companies_news_last_refreshed, companies.id AS companies_id, companies.created_at AS companies_created_at, companies.updated_at AS companies_updated_at, companies.is_deleted AS companies_is_deleted, companies.deleted_at AS companies_deleted_at 
FROM companies 
WHERE companies.name = ? AND companies.is_deleted = 0
 LIMIT ? OFFSET ?]
[parameters: ('Amazon Web Services (AWS)', 1, 0)]
(Background on this error at: https://sqlalche.me/e/20/e3q8)
2026-07-15 01:47:44,751 - ERROR - Error importing company at row 113: (sqlite3.OperationalError) no such column: companies.news_last_refreshed
[SQL: SELECT companies.slug AS companies_slug, companies.name AS companies_name, companies.country AS companies_country, companies.ai_category AS companies_ai_category, companies.segment_tags AS companies_segment_tags, companies.use_cases AS companies_use_cases, companies.top_german_customers AS companies_top_german_customers, companies.germany_presence AS companies_germany_presence, companies.company_type AS companies_company_type, companies.funding AS companies_funding, companies.estimated_revenue AS companies_estimated_revenue, companies.maturity AS companies_maturity, companies.deployment_evidence AS companies_deployment_evidence, companies.website AS companies_website, companies.source AS companies_source, companies.status AS companies_status, companies.news_last_refreshed AS companies_news_last_refreshed, companies.id AS companies_id, companies.created_at AS companies_created_at, companies.updated_at AS companies_updated_at, companies.is_deleted AS companies_is_deleted, companies.deleted_at AS companies_deleted_at 
FROM companies 
WHERE companies.name = ? AND companies.is_deleted = 0
 LIMIT ? OFFSET ?]
[parameters: ('Google Cloud (Vertex AI)', 1, 0)]
(Background on this error at: https://sqlalche.me/e/20/e3q8)
2026-07-15 01:47:44,753 - ERROR - Error importing company at row 114: (sqlite3.OperationalError) no such column: companies.news_last_refreshed
[SQL: SELECT companies.slug AS companies_slug, companies.name AS companies_name, companies.country AS companies_country, companies.ai_category AS companies_ai_category, companies.segment_tags AS companies_segment_tags, companies.use_cases AS companies_use_cases, companies.top_german_customers AS companies_top_german_customers, companies.germany_presence AS companies_germany_presence, companies.company_type AS companies_company_type, companies.funding AS companies_funding, companies.estimated_revenue AS companies_estimated_revenue, companies.maturity AS companies_maturity, companies.deployment_evidence AS companies_deployment_evidence, companies.website AS companies_website, companies.source AS companies_source, companies.status AS companies_status, companies.news_last_refreshed AS companies_news_last_refreshed, companies.id AS companies_id, companies.created_at AS companies_created_at, companies.updated_at AS companies_updated_at, companies.is_deleted AS companies_is_deleted, companies.deleted_at AS companies_deleted_at 
FROM companies 
WHERE companies.name = ? AND companies.is_deleted = 0
 LIMIT ? OFFSET ?]
[parameters: ('Fiix Software (Rockwell Automation)', 1, 0)]
(Background on this error at: https://sqlalche.me/e/20/e3q8)
2026-07-15 01:47:44,756 - ERROR - Error importing company at row 115: (sqlite3.OperationalError) no such column: companies.news_last_refreshed
[SQL: SELECT companies.slug AS companies_slug, companies.name AS companies_name, companies.country AS companies_country, companies.ai_category AS companies_ai_category, companies.segment_tags AS companies_segment_tags, companies.use_cases AS companies_use_cases, companies.top_german_customers AS companies_top_german_customers, companies.germany_presence AS companies_germany_presence, companies.company_type AS companies_company_type, companies.funding AS companies_funding, companies.estimated_revenue AS companies_estimated_revenue, companies.maturity AS companies_maturity, companies.deployment_evidence AS companies_deployment_evidence, companies.website AS companies_website, companies.source AS companies_source, companies.status AS companies_status, companies.news_last_refreshed AS companies_news_last_refreshed, companies.id AS companies_id, companies.created_at AS companies_created_at, companies.updated_at AS companies_updated_at, companies.is_deleted AS companies_is_deleted, companies.deleted_at AS companies_deleted_at 
FROM companies 
WHERE companies.name = ? AND companies.is_deleted = 0
 LIMIT ? OFFSET ?]
[parameters: ('Red Hat (IBM) AI for Manufacturing', 1, 0)]
(Background on this error at: https://sqlalche.me/e/20/e3q8)
2026-07-15 01:47:44,756 - INFO - Importing Problems...
2026-07-15 01:47:45,319 - INFO - Importing Mappings...
2026-07-15 01:47:45,320 - WARNING - Row 0 (Mapping): Missing company_name or problem_category
2026-07-15 01:47:45,321 - WARNING - Row 1 (Mapping): Missing company_name or problem_category
2026-07-15 01:47:45,322 - WARNING - Row 2 (Mapping): Missing company_name or problem_category
2026-07-15 01:47:45,322 - WARNING - Row 3 (Mapping): Missing company_name or problem_category
2026-07-15 01:47:45,323 - WARNING - Row 4 (Mapping): Missing company_name or problem_category
2026-07-15 01:47:45,323 - WARNING - Row 5 (Mapping): Missing company_name or problem_category
2026-07-15 01:47:45,324 - WARNING - Row 6 (Mapping): Missing company_name or problem_category
2026-07-15 01:47:45,325 - WARNING - Row 7 (Mapping): Missing company_name or problem_category
2026-07-15 01:47:45,326 - WARNING - Row 8 (Mapping): Missing company_name or problem_category
2026-07-15 01:47:45,327 - WARNING - Row 9 (Mapping): Missing company_name or problem_category
2026-07-15 01:47:45,327 - WARNING - Row 10 (Mapping): Missing company_name or problem_category
2026-07-15 01:47:45,328 - WARNING - Row 11 (Mapping): Missing company_name or problem_category
2026-07-15 01:47:45,329 - WARNING - Row 12 (Mapping): Missing company_name or problem_category
2026-07-15 01:47:45,330 - WARNING - Row 13 (Mapping): Missing company_name or problem_category
2026-07-15 01:47:45,331 - WARNING - Row 14 (Mapping): Missing company_name or problem_category
2026-07-15 01:47:45,332 - WARNING - Row 15 (Mapping): Missing company_name or problem_category
2026-07-15 01:47:45,333 - WARNING - Row 16 (Mapping): Missing company_name or problem_category
2026-07-15 01:47:45,334 - WARNING - Row 17 (Mapping): Missing company_name or problem_category
2026-07-15 01:47:45,334 - WARNING - Row 18 (Mapping): Missing company_name or problem_category
2026-07-15 01:47:45,335 - WARNING - Row 19 (Mapping): Missing company_name or problem_category
2026-07-15 01:47:45,336 - WARNING - Row 20 (Mapping): Missing company_name or problem_category
2026-07-15 01:47:45,337 - WARNING - Row 21 (Mapping): Missing company_name or problem_category
2026-07-15 01:47:45,338 - WARNING - Row 22 (Mapping): Missing company_name or problem_category
2026-07-15 01:47:45,338 - WARNING - Row 23 (Mapping): Missing company_name or problem_category
2026-07-15 01:47:45,339 - INFO - Transaction committed successfully.
2026-07-15 01:47:45,341 - INFO - Wrote import summary JSON to C:\Users\BISON TECH\Desktop\AIML\Proj\AI-Atlas\logs\import_summary.json
2026-07-15 01:47:45,349 - ERROR - Ingestion failed: (sqlite3.OperationalError) no such column: companies.news_last_refreshed
[SQL: SELECT count(*) AS count_1 
FROM (SELECT companies.slug AS companies_slug, companies.name AS companies_name, companies.country AS companies_country, companies.ai_category AS companies_ai_category, companies.segment_tags AS companies_segment_tags, companies.use_cases AS companies_use_cases, companies.top_german_customers AS companies_top_german_customers, companies.germany_presence AS companies_germany_presence, companies.company_type AS companies_company_type, companies.funding AS companies_funding, companies.estimated_revenue AS companies_estimated_revenue, companies.maturity AS companies_maturity, companies.deployment_evidence AS companies_deployment_evidence, companies.website AS companies_website, companies.source AS companies_source, companies.status AS companies_status, companies.news_last_refreshed AS companies_news_last_refreshed, companies.id AS companies_id, companies.created_at AS companies_created_at, companies.updated_at AS companies_updated_at, companies.is_deleted AS companies_is_deleted, companies.deleted_at AS companies_deleted_at 
FROM companies) AS anon_1]
(Background on this error at: https://sqlalche.me/e/20/e3q8)
2026-07-15 01:48:19,540 - INFO - Starting Dataset Ingestion Pipeline
2026-07-15 01:48:19,547 - INFO - Loaded 15 rows from sectors_reference.csv
2026-07-15 01:48:19,553 - INFO - Loaded 116 rows from companies_germany.csv
2026-07-15 01:48:19,556 - INFO - Loaded 71 rows from problems_germany.csv
2026-07-15 01:48:19,560 - INFO - Loaded 24 rows from problem_company_mapping.csv
2026-07-15 01:48:19,560 - INFO - Importing Sectors...
2026-07-15 01:48:19,620 - INFO - Importing Companies...
2026-07-15 01:48:20,232 - ERROR - Error importing company at row 58: (sqlite3.IntegrityError) UNIQUE constraint failed: companies.website
[SQL: INSERT INTO companies (slug, name, country, ai_category, segment_tags, use_cases, top_german_customers, germany_presence, company_type, funding, estimated_revenue, maturity, deployment_evidence, website, source, status, news_last_refreshed, created_at, updated_at, is_deleted, deleted_at) VALUES (?, ?, ?, ?, ?, ?, ?, ?, ?, ?, ?, ?, ?, ?, ?, ?, ?, ?, ?, ?, ?)]
[parameters: ('burkert-fluid-control-advanced-ai', 'Bürkert Fluid Control (Advanced AI)', 'Germany', 'Fluid Process AI for Beverages', '["1", "9", "10"]', '["Process control AI for beverage CIP", "mixing AI", "filling AI integration"]', '["German dairy", "brewery and soft drink processors (advanced B\\u00fcrkert AI module)"]', 'LOCAL HQ — Ingelfingen (Baden-Württemberg)', 'Incumbent (Private, family)', None, None, 3, 'German food fluid process AI (advanced Bürkert Flow+ AI at dairy and beverage plants)', 'https://burkert.com/', 'dataset', 'APPROVED', None, '2026-07-14 20:18:20.231853', '2026-07-14 20:18:20.231853', 0, None)]
(Background on this error at: https://sqlalche.me/e/20/gkpj)
2026-07-15 01:48:20,234 - ERROR - Error importing company at row 59: This Session's transaction has been rolled back due to a previous exception during flush. To begin a new transaction with this Session, first issue Session.rollback(). Original exception was: (sqlite3.IntegrityError) UNIQUE constraint failed: companies.website
[SQL: INSERT INTO companies (slug, name, country, ai_category, segment_tags, use_cases, top_german_customers, germany_presence, company_type, funding, estimated_revenue, maturity, deployment_evidence, website, source, status, news_last_refreshed, created_at, updated_at, is_deleted, deleted_at) VALUES (?, ?, ?, ?, ?, ?, ?, ?, ?, ?, ?, ?, ?, ?, ?, ?, ?, ?, ?, ?, ?)]
[parameters: ('burkert-fluid-control-advanced-ai', 'Bürkert Fluid Control (Advanced AI)', 'Germany', 'Fluid Process AI for Beverages', '["1", "9", "10"]', '["Process control AI for beverage CIP", "mixing AI", "filling AI integration"]', '["German dairy", "brewery and soft drink processors (advanced B\\u00fcrkert AI module)"]', 'LOCAL HQ — Ingelfingen (Baden-Württemberg)', 'Incumbent (Private, family)', None, None, 3, 'German food fluid process AI (advanced Bürkert Flow+ AI at dairy and beverage plants)', 'https://burkert.com/', 'dataset', 'APPROVED', None, '2026-07-14 20:18:20.231853', '2026-07-14 20:18:20.231853', 0, None)]
(Background on this error at: https://sqlalche.me/e/20/gkpj) (Background on this error at: https://sqlalche.me/e/20/7s2a)
2026-07-15 01:48:20,236 - ERROR - Error importing company at row 60: This Session's transaction has been rolled back due to a previous exception during flush. To begin a new transaction with this Session, first issue Session.rollback(). Original exception was: (sqlite3.IntegrityError) UNIQUE constraint failed: companies.website
[SQL: INSERT INTO companies (slug, name, country, ai_category, segment_tags, use_cases, top_german_customers, germany_presence, company_type, funding, estimated_revenue, maturity, deployment_evidence, website, source, status, news_last_refreshed, created_at, updated_at, is_deleted, deleted_at) VALUES (?, ?, ?, ?, ?, ?, ?, ?, ?, ?, ?, ?, ?, ?, ?, ?, ?, ?, ?, ?, ?)]
[parameters: ('burkert-fluid-control-advanced-ai', 'Bürkert Fluid Control (Advanced AI)', 'Germany', 'Fluid Process AI for Beverages', '["1", "9", "10"]', '["Process control AI for beverage CIP", "mixing AI", "filling AI integration"]', '["German dairy", "brewery and soft drink processors (advanced B\\u00fcrkert AI module)"]', 'LOCAL HQ — Ingelfingen (Baden-Württemberg)', 'Incumbent (Private, family)', None, None, 3, 'German food fluid process AI (advanced Bürkert Flow+ AI at dairy and beverage plants)', 'https://burkert.com/', 'dataset', 'APPROVED', None, '2026-07-14 20:18:20.231853', '2026-07-14 20:18:20.231853', 0, None)]
(Background on this error at: https://sqlalche.me/e/20/gkpj) (Background on this error at: https://sqlalche.me/e/20/7s2a)
2026-07-15 01:48:20,237 - ERROR - Error importing company at row 61: This Session's transaction has been rolled back due to a previous exception during flush. To begin a new transaction with this Session, first issue Session.rollback(). Original exception was: (sqlite3.IntegrityError) UNIQUE constraint failed: companies.website
[SQL: INSERT INTO companies (slug, name, country, ai_category, segment_tags, use_cases, top_german_customers, germany_presence, company_type, funding, estimated_revenue, maturity, deployment_evidence, website, source, status, news_last_refreshed, created_at, updated_at, is_deleted, deleted_at) VALUES (?, ?, ?, ?, ?, ?, ?, ?, ?, ?, ?, ?, ?, ?, ?, ?, ?, ?, ?, ?, ?)]
[parameters: ('burkert-fluid-control-advanced-ai', 'Bürkert Fluid Control (Advanced AI)', 'Germany', 'Fluid Process AI for Beverages', '["1", "9", "10"]', '["Process control AI for beverage CIP", "mixing AI", "filling AI integration"]', '["German dairy", "brewery and soft drink processors (advanced B\\u00fcrkert AI module)"]', 'LOCAL HQ — Ingelfingen (Baden-Württemberg)', 'Incumbent (Private, family)', None, None, 3, 'German food fluid process AI (advanced Bürkert Flow+ AI at dairy and beverage plants)', 'https://burkert.com/', 'dataset', 'APPROVED', None, '2026-07-14 20:18:20.231853', '2026-07-14 20:18:20.231853', 0, None)]
(Background on this error at: https://sqlalche.me/e/20/gkpj) (Background on this error at: https://sqlalche.me/e/20/7s2a)
2026-07-15 01:48:20,253 - ERROR - Error importing company at row 62: This Session's transaction has been rolled back due to a previous exception during flush. To begin a new transaction with this Session, first issue Session.rollback(). Original exception was: (sqlite3.IntegrityError) UNIQUE constraint failed: companies.website
[SQL: INSERT INTO companies (slug, name, country, ai_category, segment_tags, use_cases, top_german_customers, germany_presence, company_type, funding, estimated_revenue, maturity, deployment_evidence, website, source, status, news_last_refreshed, created_at, updated_at, is_deleted, deleted_at) VALUES (?, ?, ?, ?, ?, ?, ?, ?, ?, ?, ?, ?, ?, ?, ?, ?, ?, ?, ?, ?, ?)]
[parameters: ('burkert-fluid-control-advanced-ai', 'Bürkert Fluid Control (Advanced AI)', 'Germany', 'Fluid Process AI for Beverages', '["1", "9", "10"]', '["Process control AI for beverage CIP", "mixing AI", "filling AI integration"]', '["German dairy", "brewery and soft drink processors (advanced B\\u00fcrkert AI module)"]', 'LOCAL HQ — Ingelfingen (Baden-Württemberg)', 'Incumbent (Private, family)', None, None, 3, 'German food fluid process AI (advanced Bürkert Flow+ AI at dairy and beverage plants)', 'https://burkert.com/', 'dataset', 'APPROVED', None, '2026-07-14 20:18:20.231853', '2026-07-14 20:18:20.231853', 0, None)]
(Background on this error at: https://sqlalche.me/e/20/gkpj) (Background on this error at: https://sqlalche.me/e/20/7s2a)
2026-07-15 01:48:20,255 - ERROR - Error importing company at row 63: This Session's transaction has been rolled back due to a previous exception during flush. To begin a new transaction with this Session, first issue Session.rollback(). Original exception was: (sqlite3.IntegrityError) UNIQUE constraint failed: companies.website
[SQL: INSERT INTO companies (slug, name, country, ai_category, segment_tags, use_cases, top_german_customers, germany_presence, company_type, funding, estimated_revenue, maturity, deployment_evidence, website, source, status, news_last_refreshed, created_at, updated_at, is_deleted, deleted_at) VALUES (?, ?, ?, ?, ?, ?, ?, ?, ?, ?, ?, ?, ?, ?, ?, ?, ?, ?, ?, ?, ?)]
[parameters: ('burkert-fluid-control-advanced-ai', 'Bürkert Fluid Control (Advanced AI)', 'Germany', 'Fluid Process AI for Beverages', '["1", "9", "10"]', '["Process control AI for beverage CIP", "mixing AI", "filling AI integration"]', '["German dairy", "brewery and soft drink processors (advanced B\\u00fcrkert AI module)"]', 'LOCAL HQ — Ingelfingen (Baden-Württemberg)', 'Incumbent (Private, family)', None, None, 3, 'German food fluid process AI (advanced Bürkert Flow+ AI at dairy and beverage plants)', 'https://burkert.com/', 'dataset', 'APPROVED', None, '2026-07-14 20:18:20.231853', '2026-07-14 20:18:20.231853', 0, None)]
(Background on this error at: https://sqlalche.me/e/20/gkpj) (Background on this error at: https://sqlalche.me/e/20/7s2a)
2026-07-15 01:48:20,258 - ERROR - Error importing company at row 64: This Session's transaction has been rolled back due to a previous exception during flush. To begin a new transaction with this Session, first issue Session.rollback(). Original exception was: (sqlite3.IntegrityError) UNIQUE constraint failed: companies.website
[SQL: INSERT INTO companies (slug, name, country, ai_category, segment_tags, use_cases, top_german_customers, germany_presence, company_type, funding, estimated_revenue, maturity, deployment_evidence, website, source, status, news_last_refreshed, created_at, updated_at, is_deleted, deleted_at) VALUES (?, ?, ?, ?, ?, ?, ?, ?, ?, ?, ?, ?, ?, ?, ?, ?, ?, ?, ?, ?, ?)]
[parameters: ('burkert-fluid-control-advanced-ai', 'Bürkert Fluid Control (Advanced AI)', 'Germany', 'Fluid Process AI for Beverages', '["1", "9", "10"]', '["Process control AI for beverage CIP", "mixing AI", "filling AI integration"]', '["German dairy", "brewery and soft drink processors (advanced B\\u00fcrkert AI module)"]', 'LOCAL HQ — Ingelfingen (Baden-Württemberg)', 'Incumbent (Private, family)', None, None, 3, 'German food fluid process AI (advanced Bürkert Flow+ AI at dairy and beverage plants)', 'https://burkert.com/', 'dataset', 'APPROVED', None, '2026-07-14 20:18:20.231853', '2026-07-14 20:18:20.231853', 0, None)]
(Background on this error at: https://sqlalche.me/e/20/gkpj) (Background on this error at: https://sqlalche.me/e/20/7s2a)
2026-07-15 01:48:20,260 - ERROR - Error importing company at row 65: This Session's transaction has been rolled back due to a previous exception during flush. To begin a new transaction with this Session, first issue Session.rollback(). Original exception was: (sqlite3.IntegrityError) UNIQUE constraint failed: companies.website
[SQL: INSERT INTO companies (slug, name, country, ai_category, segment_tags, use_cases, top_german_customers, germany_presence, company_type, funding, estimated_revenue, maturity, deployment_evidence, website, source, status, news_last_refreshed, created_at, updated_at, is_deleted, deleted_at) VALUES (?, ?, ?, ?, ?, ?, ?, ?, ?, ?, ?, ?, ?, ?, ?, ?, ?, ?, ?, ?, ?)]
[parameters: ('burkert-fluid-control-advanced-ai', 'Bürkert Fluid Control (Advanced AI)', 'Germany', 'Fluid Process AI for Beverages', '["1", "9", "10"]', '["Process control AI for beverage CIP", "mixing AI", "filling AI integration"]', '["German dairy", "brewery and soft drink processors (advanced B\\u00fcrkert AI module)"]', 'LOCAL HQ — Ingelfingen (Baden-Württemberg)', 'Incumbent (Private, family)', None, None, 3, 'German food fluid process AI (advanced Bürkert Flow+ AI at dairy and beverage plants)', 'https://burkert.com/', 'dataset', 'APPROVED', None, '2026-07-14 20:18:20.231853', '2026-07-14 20:18:20.231853', 0, None)]
(Background on this error at: https://sqlalche.me/e/20/gkpj) (Background on this error at: https://sqlalche.me/e/20/7s2a)
2026-07-15 01:48:20,304 - ERROR - Error importing company at row 66: This Session's transaction has been rolled back due to a previous exception during flush. To begin a new transaction with this Session, first issue Session.rollback(). Original exception was: (sqlite3.IntegrityError) UNIQUE constraint failed: companies.website
[SQL: INSERT INTO companies (slug, name, country, ai_category, segment_tags, use_cases, top_german_customers, germany_presence, company_type, funding, estimated_revenue, maturity, deployment_evidence, website, source, status, news_last_refreshed, created_at, updated_at, is_deleted, deleted_at) VALUES (?, ?, ?, ?, ?, ?, ?, ?, ?, ?, ?, ?, ?, ?, ?, ?, ?, ?, ?, ?, ?)]
[parameters: ('burkert-fluid-control-advanced-ai', 'Bürkert Fluid Control (Advanced AI)', 'Germany', 'Fluid Process AI for Beverages', '["1", "9", "10"]', '["Process control AI for beverage CIP", "mixing AI", "filling AI integration"]', '["German dairy", "brewery and soft drink processors (advanced B\\u00fcrkert AI module)"]', 'LOCAL HQ — Ingelfingen (Baden-Württemberg)', 'Incumbent (Private, family)', None, None, 3, 'German food fluid process AI (advanced Bürkert Flow+ AI at dairy and beverage plants)', 'https://burkert.com/', 'dataset', 'APPROVED', None, '2026-07-14 20:18:20.231853', '2026-07-14 20:18:20.231853', 0, None)]
(Background on this error at: https://sqlalche.me/e/20/gkpj) (Background on this error at: https://sqlalche.me/e/20/7s2a)
2026-07-15 01:48:20,305 - ERROR - Error importing company at row 67: This Session's transaction has been rolled back due to a previous exception during flush. To begin a new transaction with this Session, first issue Session.rollback(). Original exception was: (sqlite3.IntegrityError) UNIQUE constraint failed: companies.website
[SQL: INSERT INTO companies (slug, name, country, ai_category, segment_tags, use_cases, top_german_customers, germany_presence, company_type, funding, estimated_revenue, maturity, deployment_evidence, website, source, status, news_last_refreshed, created_at, updated_at, is_deleted, deleted_at) VALUES (?, ?, ?, ?, ?, ?, ?, ?, ?, ?, ?, ?, ?, ?, ?, ?, ?, ?, ?, ?, ?)]
[parameters: ('burkert-fluid-control-advanced-ai', 'Bürkert Fluid Control (Advanced AI)', 'Germany', 'Fluid Process AI for Beverages', '["1", "9", "10"]', '["Process control AI for beverage CIP", "mixing AI", "filling AI integration"]', '["German dairy", "brewery and soft drink processors (advanced B\\u00fcrkert AI module)"]', 'LOCAL HQ — Ingelfingen (Baden-Württemberg)', 'Incumbent (Private, family)', None, None, 3, 'German food fluid process AI (advanced Bürkert Flow+ AI at dairy and beverage plants)', 'https://burkert.com/', 'dataset', 'APPROVED', None, '2026-07-14 20:18:20.231853', '2026-07-14 20:18:20.231853', 0, None)]
(Background on this error at: https://sqlalche.me/e/20/gkpj) (Background on this error at: https://sqlalche.me/e/20/7s2a)
2026-07-15 01:48:20,308 - ERROR - Error importing company at row 68: This Session's transaction has been rolled back due to a previous exception during flush. To begin a new transaction with this Session, first issue Session.rollback(). Original exception was: (sqlite3.IntegrityError) UNIQUE constraint failed: companies.website
[SQL: INSERT INTO companies (slug, name, country, ai_category, segment_tags, use_cases, top_german_customers, germany_presence, company_type, funding, estimated_revenue, maturity, deployment_evidence, website, source, status, news_last_refreshed, created_at, updated_at, is_deleted, deleted_at) VALUES (?, ?, ?, ?, ?, ?, ?, ?, ?, ?, ?, ?, ?, ?, ?, ?, ?, ?, ?, ?, ?)]
[parameters: ('burkert-fluid-control-advanced-ai', 'Bürkert Fluid Control (Advanced AI)', 'Germany', 'Fluid Process AI for Beverages', '["1", "9", "10"]', '["Process control AI for beverage CIP", "mixing AI", "filling AI integration"]', '["German dairy", "brewery and soft drink processors (advanced B\\u00fcrkert AI module)"]', 'LOCAL HQ — Ingelfingen (Baden-Württemberg)', 'Incumbent (Private, family)', None, None, 3, 'German food fluid process AI (advanced Bürkert Flow+ AI at dairy and beverage plants)', 'https://burkert.com/', 'dataset', 'APPROVED', None, '2026-07-14 20:18:20.231853', '2026-07-14 20:18:20.231853', 0, None)]
(Background on this error at: https://sqlalche.me/e/20/gkpj) (Background on this error at: https://sqlalche.me/e/20/7s2a)
2026-07-15 01:48:20,310 - ERROR - Error importing company at row 69: This Session's transaction has been rolled back due to a previous exception during flush. To begin a new transaction with this Session, first issue Session.rollback(). Original exception was: (sqlite3.IntegrityError) UNIQUE constraint failed: companies.website
[SQL: INSERT INTO companies (slug, name, country, ai_category, segment_tags, use_cases, top_german_customers, germany_presence, company_type, funding, estimated_revenue, maturity, deployment_evidence, website, source, status, news_last_refreshed, created_at, updated_at, is_deleted, deleted_at) VALUES (?, ?, ?, ?, ?, ?, ?, ?, ?, ?, ?, ?, ?, ?, ?, ?, ?, ?, ?, ?, ?)]
[parameters: ('burkert-fluid-control-advanced-ai', 'Bürkert Fluid Control (Advanced AI)', 'Germany', 'Fluid Process AI for Beverages', '["1", "9", "10"]', '["Process control AI for beverage CIP", "mixing AI", "filling AI integration"]', '["German dairy", "brewery and soft drink processors (advanced B\\u00fcrkert AI module)"]', 'LOCAL HQ — Ingelfingen (Baden-Württemberg)', 'Incumbent (Private, family)', None, None, 3, 'German food fluid process AI (advanced Bürkert Flow+ AI at dairy and beverage plants)', 'https://burkert.com/', 'dataset', 'APPROVED', None, '2026-07-14 20:18:20.231853', '2026-07-14 20:18:20.231853', 0, None)]
(Background on this error at: https://sqlalche.me/e/20/gkpj) (Background on this error at: https://sqlalche.me/e/20/7s2a)
2026-07-15 01:48:20,313 - ERROR - Error importing company at row 70: This Session's transaction has been rolled back due to a previous exception during flush. To begin a new transaction with this Session, first issue Session.rollback(). Original exception was: (sqlite3.IntegrityError) UNIQUE constraint failed: companies.website
[SQL: INSERT INTO companies (slug, name, country, ai_category, segment_tags, use_cases, top_german_customers, germany_presence, company_type, funding, estimated_revenue, maturity, deployment_evidence, website, source, status, news_last_refreshed, created_at, updated_at, is_deleted, deleted_at) VALUES (?, ?, ?, ?, ?, ?, ?, ?, ?, ?, ?, ?, ?, ?, ?, ?, ?, ?, ?, ?, ?)]
[parameters: ('burkert-fluid-control-advanced-ai', 'Bürkert Fluid Control (Advanced AI)', 'Germany', 'Fluid Process AI for Beverages', '["1", "9", "10"]', '["Process control AI for beverage CIP", "mixing AI", "filling AI integration"]', '["German dairy", "brewery and soft drink processors (advanced B\\u00fcrkert AI module)"]', 'LOCAL HQ — Ingelfingen (Baden-Württemberg)', 'Incumbent (Private, family)', None, None, 3, 'German food fluid process AI (advanced Bürkert Flow+ AI at dairy and beverage plants)', 'https://burkert.com/', 'dataset', 'APPROVED', None, '2026-07-14 20:18:20.231853', '2026-07-14 20:18:20.231853', 0, None)]
(Background on this error at: https://sqlalche.me/e/20/gkpj) (Background on this error at: https://sqlalche.me/e/20/7s2a)
2026-07-15 01:48:20,315 - ERROR - Error importing company at row 71: This Session's transaction has been rolled back due to a previous exception during flush. To begin a new transaction with this Session, first issue Session.rollback(). Original exception was: (sqlite3.IntegrityError) UNIQUE constraint failed: companies.website
[SQL: INSERT INTO companies (slug, name, country, ai_category, segment_tags, use_cases, top_german_customers, germany_presence, company_type, funding, estimated_revenue, maturity, deployment_evidence, website, source, status, news_last_refreshed, created_at, updated_at, is_deleted, deleted_at) VALUES (?, ?, ?, ?, ?, ?, ?, ?, ?, ?, ?, ?, ?, ?, ?, ?, ?, ?, ?, ?, ?)]
[parameters: ('burkert-fluid-control-advanced-ai', 'Bürkert Fluid Control (Advanced AI)', 'Germany', 'Fluid Process AI for Beverages', '["1", "9", "10"]', '["Process control AI for beverage CIP", "mixing AI", "filling AI integration"]', '["German dairy", "brewery and soft drink processors (advanced B\\u00fcrkert AI module)"]', 'LOCAL HQ — Ingelfingen (Baden-Württemberg)', 'Incumbent (Private, family)', None, None, 3, 'German food fluid process AI (advanced Bürkert Flow+ AI at dairy and beverage plants)', 'https://burkert.com/', 'dataset', 'APPROVED', None, '2026-07-14 20:18:20.231853', '2026-07-14 20:18:20.231853', 0, None)]
(Background on this error at: https://sqlalche.me/e/20/gkpj) (Background on this error at: https://sqlalche.me/e/20/7s2a)
2026-07-15 01:48:20,317 - ERROR - Error importing company at row 72: This Session's transaction has been rolled back due to a previous exception during flush. To begin a new transaction with this Session, first issue Session.rollback(). Original exception was: (sqlite3.IntegrityError) UNIQUE constraint failed: companies.website
[SQL: INSERT INTO companies (slug, name, country, ai_category, segment_tags, use_cases, top_german_customers, germany_presence, company_type, funding, estimated_revenue, maturity, deployment_evidence, website, source, status, news_last_refreshed, created_at, updated_at, is_deleted, deleted_at) VALUES (?, ?, ?, ?, ?, ?, ?, ?, ?, ?, ?, ?, ?, ?, ?, ?, ?, ?, ?, ?, ?)]
[parameters: ('burkert-fluid-control-advanced-ai', 'Bürkert Fluid Control (Advanced AI)', 'Germany', 'Fluid Process AI for Beverages', '["1", "9", "10"]', '["Process control AI for beverage CIP", "mixing AI", "filling AI integration"]', '["German dairy", "brewery and soft drink processors (advanced B\\u00fcrkert AI module)"]', 'LOCAL HQ — Ingelfingen (Baden-Württemberg)', 'Incumbent (Private, family)', None, None, 3, 'German food fluid process AI (advanced Bürkert Flow+ AI at dairy and beverage plants)', 'https://burkert.com/', 'dataset', 'APPROVED', None, '2026-07-14 20:18:20.231853', '2026-07-14 20:18:20.231853', 0, None)]
(Background on this error at: https://sqlalche.me/e/20/gkpj) (Background on this error at: https://sqlalche.me/e/20/7s2a)
2026-07-15 01:48:20,319 - ERROR - Error importing company at row 73: This Session's transaction has been rolled back due to a previous exception during flush. To begin a new transaction with this Session, first issue Session.rollback(). Original exception was: (sqlite3.IntegrityError) UNIQUE constraint failed: companies.website
[SQL: INSERT INTO companies (slug, name, country, ai_category, segment_tags, use_cases, top_german_customers, germany_presence, company_type, funding, estimated_revenue, maturity, deployment_evidence, website, source, status, news_last_refreshed, created_at, updated_at, is_deleted, deleted_at) VALUES (?, ?, ?, ?, ?, ?, ?, ?, ?, ?, ?, ?, ?, ?, ?, ?, ?, ?, ?, ?, ?)]
[parameters: ('burkert-fluid-control-advanced-ai', 'Bürkert Fluid Control (Advanced AI)', 'Germany', 'Fluid Process AI for Beverages', '["1", "9", "10"]', '["Process control AI for beverage CIP", "mixing AI", "filling AI integration"]', '["German dairy", "brewery and soft drink processors (advanced B\\u00fcrkert AI module)"]', 'LOCAL HQ — Ingelfingen (Baden-Württemberg)', 'Incumbent (Private, family)', None, None, 3, 'German food fluid process AI (advanced Bürkert Flow+ AI at dairy and beverage plants)', 'https://burkert.com/', 'dataset', 'APPROVED', None, '2026-07-14 20:18:20.231853', '2026-07-14 20:18:20.231853', 0, None)]
(Background on this error at: https://sqlalche.me/e/20/gkpj) (Background on this error at: https://sqlalche.me/e/20/7s2a)
2026-07-15 01:48:20,324 - ERROR - Error importing company at row 74: This Session's transaction has been rolled back due to a previous exception during flush. To begin a new transaction with this Session, first issue Session.rollback(). Original exception was: (sqlite3.IntegrityError) UNIQUE constraint failed: companies.website
[SQL: INSERT INTO companies (slug, name, country, ai_category, segment_tags, use_cases, top_german_customers, germany_presence, company_type, funding, estimated_revenue, maturity, deployment_evidence, website, source, status, news_last_refreshed, created_at, updated_at, is_deleted, deleted_at) VALUES (?, ?, ?, ?, ?, ?, ?, ?, ?, ?, ?, ?, ?, ?, ?, ?, ?, ?, ?, ?, ?)]
[parameters: ('burkert-fluid-control-advanced-ai', 'Bürkert Fluid Control (Advanced AI)', 'Germany', 'Fluid Process AI for Beverages', '["1", "9", "10"]', '["Process control AI for beverage CIP", "mixing AI", "filling AI integration"]', '["German dairy", "brewery and soft drink processors (advanced B\\u00fcrkert AI module)"]', 'LOCAL HQ — Ingelfingen (Baden-Württemberg)', 'Incumbent (Private, family)', None, None, 3, 'German food fluid process AI (advanced Bürkert Flow+ AI at dairy and beverage plants)', 'https://burkert.com/', 'dataset', 'APPROVED', None, '2026-07-14 20:18:20.231853', '2026-07-14 20:18:20.231853', 0, None)]
(Background on this error at: https://sqlalche.me/e/20/gkpj) (Background on this error at: https://sqlalche.me/e/20/7s2a)
2026-07-15 01:48:20,326 - ERROR - Error importing company at row 75: This Session's transaction has been rolled back due to a previous exception during flush. To begin a new transaction with this Session, first issue Session.rollback(). Original exception was: (sqlite3.IntegrityError) UNIQUE constraint failed: companies.website
[SQL: INSERT INTO companies (slug, name, country, ai_category, segment_tags, use_cases, top_german_customers, germany_presence, company_type, funding, estimated_revenue, maturity, deployment_evidence, website, source, status, news_last_refreshed, created_at, updated_at, is_deleted, deleted_at) VALUES (?, ?, ?, ?, ?, ?, ?, ?, ?, ?, ?, ?, ?, ?, ?, ?, ?, ?, ?, ?, ?)]
[parameters: ('burkert-fluid-control-advanced-ai', 'Bürkert Fluid Control (Advanced AI)', 'Germany', 'Fluid Process AI for Beverages', '["1", "9", "10"]', '["Process control AI for beverage CIP", "mixing AI", "filling AI integration"]', '["German dairy", "brewery and soft drink processors (advanced B\\u00fcrkert AI module)"]', 'LOCAL HQ — Ingelfingen (Baden-Württemberg)', 'Incumbent (Private, family)', None, None, 3, 'German food fluid process AI (advanced Bürkert Flow+ AI at dairy and beverage plants)', 'https://burkert.com/', 'dataset', 'APPROVED', None, '2026-07-14 20:18:20.231853', '2026-07-14 20:18:20.231853', 0, None)]
(Background on this error at: https://sqlalche.me/e/20/gkpj) (Background on this error at: https://sqlalche.me/e/20/7s2a)
2026-07-15 01:48:20,327 - ERROR - Error importing company at row 76: This Session's transaction has been rolled back due to a previous exception during flush. To begin a new transaction with this Session, first issue Session.rollback(). Original exception was: (sqlite3.IntegrityError) UNIQUE constraint failed: companies.website
[SQL: INSERT INTO companies (slug, name, country, ai_category, segment_tags, use_cases, top_german_customers, germany_presence, company_type, funding, estimated_revenue, maturity, deployment_evidence, website, source, status, news_last_refreshed, created_at, updated_at, is_deleted, deleted_at) VALUES (?, ?, ?, ?, ?, ?, ?, ?, ?, ?, ?, ?, ?, ?, ?, ?, ?, ?, ?, ?, ?)]
[parameters: ('burkert-fluid-control-advanced-ai', 'Bürkert Fluid Control (Advanced AI)', 'Germany', 'Fluid Process AI for Beverages', '["1", "9", "10"]', '["Process control AI for beverage CIP", "mixing AI", "filling AI integration"]', '["German dairy", "brewery and soft drink processors (advanced B\\u00fcrkert AI module)"]', 'LOCAL HQ — Ingelfingen (Baden-Württemberg)', 'Incumbent (Private, family)', None, None, 3, 'German food fluid process AI (advanced Bürkert Flow+ AI at dairy and beverage plants)', 'https://burkert.com/', 'dataset', 'APPROVED', None, '2026-07-14 20:18:20.231853', '2026-07-14 20:18:20.231853', 0, None)]
(Background on this error at: https://sqlalche.me/e/20/gkpj) (Background on this error at: https://sqlalche.me/e/20/7s2a)
2026-07-15 01:48:20,329 - ERROR - Error importing company at row 77: This Session's transaction has been rolled back due to a previous exception during flush. To begin a new transaction with this Session, first issue Session.rollback(). Original exception was: (sqlite3.IntegrityError) UNIQUE constraint failed: companies.website
[SQL: INSERT INTO companies (slug, name, country, ai_category, segment_tags, use_cases, top_german_customers, germany_presence, company_type, funding, estimated_revenue, maturity, deployment_evidence, website, source, status, news_last_refreshed, created_at, updated_at, is_deleted, deleted_at) VALUES (?, ?, ?, ?, ?, ?, ?, ?, ?, ?, ?, ?, ?, ?, ?, ?, ?, ?, ?, ?, ?)]
[parameters: ('burkert-fluid-control-advanced-ai', 'Bürkert Fluid Control (Advanced AI)', 'Germany', 'Fluid Process AI for Beverages', '["1", "9", "10"]', '["Process control AI for beverage CIP", "mixing AI", "filling AI integration"]', '["German dairy", "brewery and soft drink processors (advanced B\\u00fcrkert AI module)"]', 'LOCAL HQ — Ingelfingen (Baden-Württemberg)', 'Incumbent (Private, family)', None, None, 3, 'German food fluid process AI (advanced Bürkert Flow+ AI at dairy and beverage plants)', 'https://burkert.com/', 'dataset', 'APPROVED', None, '2026-07-14 20:18:20.231853', '2026-07-14 20:18:20.231853', 0, None)]
(Background on this error at: https://sqlalche.me/e/20/gkpj) (Background on this error at: https://sqlalche.me/e/20/7s2a)
2026-07-15 01:48:20,348 - ERROR - Error importing company at row 78: This Session's transaction has been rolled back due to a previous exception during flush. To begin a new transaction with this Session, first issue Session.rollback(). Original exception was: (sqlite3.IntegrityError) UNIQUE constraint failed: companies.website
[SQL: INSERT INTO companies (slug, name, country, ai_category, segment_tags, use_cases, top_german_customers, germany_presence, company_type, funding, estimated_revenue, maturity, deployment_evidence, website, source, status, news_last_refreshed, created_at, updated_at, is_deleted, deleted_at) VALUES (?, ?, ?, ?, ?, ?, ?, ?, ?, ?, ?, ?, ?, ?, ?, ?, ?, ?, ?, ?, ?)]
[parameters: ('burkert-fluid-control-advanced-ai', 'Bürkert Fluid Control (Advanced AI)', 'Germany', 'Fluid Process AI for Beverages', '["1", "9", "10"]', '["Process control AI for beverage CIP", "mixing AI", "filling AI integration"]', '["German dairy", "brewery and soft drink processors (advanced B\\u00fcrkert AI module)"]', 'LOCAL HQ — Ingelfingen (Baden-Württemberg)', 'Incumbent (Private, family)', None, None, 3, 'German food fluid process AI (advanced Bürkert Flow+ AI at dairy and beverage plants)', 'https://burkert.com/', 'dataset', 'APPROVED', None, '2026-07-14 20:18:20.231853', '2026-07-14 20:18:20.231853', 0, None)]
(Background on this error at: https://sqlalche.me/e/20/gkpj) (Background on this error at: https://sqlalche.me/e/20/7s2a)
2026-07-15 01:48:20,349 - ERROR - Error importing company at row 79: This Session's transaction has been rolled back due to a previous exception during flush. To begin a new transaction with this Session, first issue Session.rollback(). Original exception was: (sqlite3.IntegrityError) UNIQUE constraint failed: companies.website
[SQL: INSERT INTO companies (slug, name, country, ai_category, segment_tags, use_cases, top_german_customers, germany_presence, company_type, funding, estimated_revenue, maturity, deployment_evidence, website, source, status, news_last_refreshed, created_at, updated_at, is_deleted, deleted_at) VALUES (?, ?, ?, ?, ?, ?, ?, ?, ?, ?, ?, ?, ?, ?, ?, ?, ?, ?, ?, ?, ?)]
[parameters: ('burkert-fluid-control-advanced-ai', 'Bürkert Fluid Control (Advanced AI)', 'Germany', 'Fluid Process AI for Beverages', '["1", "9", "10"]', '["Process control AI for beverage CIP", "mixing AI", "filling AI integration"]', '["German dairy", "brewery and soft drink processors (advanced B\\u00fcrkert AI module)"]', 'LOCAL HQ — Ingelfingen (Baden-Württemberg)', 'Incumbent (Private, family)', None, None, 3, 'German food fluid process AI (advanced Bürkert Flow+ AI at dairy and beverage plants)', 'https://burkert.com/', 'dataset', 'APPROVED', None, '2026-07-14 20:18:20.231853', '2026-07-14 20:18:20.231853', 0, None)]
(Background on this error at: https://sqlalche.me/e/20/gkpj) (Background on this error at: https://sqlalche.me/e/20/7s2a)
2026-07-15 01:48:20,351 - ERROR - Error importing company at row 80: This Session's transaction has been rolled back due to a previous exception during flush. To begin a new transaction with this Session, first issue Session.rollback(). Original exception was: (sqlite3.IntegrityError) UNIQUE constraint failed: companies.website
[SQL: INSERT INTO companies (slug, name, country, ai_category, segment_tags, use_cases, top_german_customers, germany_presence, company_type, funding, estimated_revenue, maturity, deployment_evidence, website, source, status, news_last_refreshed, created_at, updated_at, is_deleted, deleted_at) VALUES (?, ?, ?, ?, ?, ?, ?, ?, ?, ?, ?, ?, ?, ?, ?, ?, ?, ?, ?, ?, ?)]
[parameters: ('burkert-fluid-control-advanced-ai', 'Bürkert Fluid Control (Advanced AI)', 'Germany', 'Fluid Process AI for Beverages', '["1", "9", "10"]', '["Process control AI for beverage CIP", "mixing AI", "filling AI integration"]', '["German dairy", "brewery and soft drink processors (advanced B\\u00fcrkert AI module)"]', 'LOCAL HQ — Ingelfingen (Baden-Württemberg)', 'Incumbent (Private, family)', None, None, 3, 'German food fluid process AI (advanced Bürkert Flow+ AI at dairy and beverage plants)', 'https://burkert.com/', 'dataset', 'APPROVED', None, '2026-07-14 20:18:20.231853', '2026-07-14 20:18:20.231853', 0, None)]
(Background on this error at: https://sqlalche.me/e/20/gkpj) (Background on this error at: https://sqlalche.me/e/20/7s2a)
2026-07-15 01:48:20,353 - ERROR - Error importing company at row 81: This Session's transaction has been rolled back due to a previous exception during flush. To begin a new transaction with this Session, first issue Session.rollback(). Original exception was: (sqlite3.IntegrityError) UNIQUE constraint failed: companies.website
[SQL: INSERT INTO companies (slug, name, country, ai_category, segment_tags, use_cases, top_german_customers, germany_presence, company_type, funding, estimated_revenue, maturity, deployment_evidence, website, source, status, news_last_refreshed, created_at, updated_at, is_deleted, deleted_at) VALUES (?, ?, ?, ?, ?, ?, ?, ?, ?, ?, ?, ?, ?, ?, ?, ?, ?, ?, ?, ?, ?)]
[parameters: ('burkert-fluid-control-advanced-ai', 'Bürkert Fluid Control (Advanced AI)', 'Germany', 'Fluid Process AI for Beverages', '["1", "9", "10"]', '["Process control AI for beverage CIP", "mixing AI", "filling AI integration"]', '["German dairy", "brewery and soft drink processors (advanced B\\u00fcrkert AI module)"]', 'LOCAL HQ — Ingelfingen (Baden-Württemberg)', 'Incumbent (Private, family)', None, None, 3, 'German food fluid process AI (advanced Bürkert Flow+ AI at dairy and beverage plants)', 'https://burkert.com/', 'dataset', 'APPROVED', None, '2026-07-14 20:18:20.231853', '2026-07-14 20:18:20.231853', 0, None)]
(Background on this error at: https://sqlalche.me/e/20/gkpj) (Background on this error at: https://sqlalche.me/e/20/7s2a)
2026-07-15 01:48:20,355 - ERROR - Error importing company at row 82: This Session's transaction has been rolled back due to a previous exception during flush. To begin a new transaction with this Session, first issue Session.rollback(). Original exception was: (sqlite3.IntegrityError) UNIQUE constraint failed: companies.website
[SQL: INSERT INTO companies (slug, name, country, ai_category, segment_tags, use_cases, top_german_customers, germany_presence, company_type, funding, estimated_revenue, maturity, deployment_evidence, website, source, status, news_last_refreshed, created_at, updated_at, is_deleted, deleted_at) VALUES (?, ?, ?, ?, ?, ?, ?, ?, ?, ?, ?, ?, ?, ?, ?, ?, ?, ?, ?, ?, ?)]
[parameters: ('burkert-fluid-control-advanced-ai', 'Bürkert Fluid Control (Advanced AI)', 'Germany', 'Fluid Process AI for Beverages', '["1", "9", "10"]', '["Process control AI for beverage CIP", "mixing AI", "filling AI integration"]', '["German dairy", "brewery and soft drink processors (advanced B\\u00fcrkert AI module)"]', 'LOCAL HQ — Ingelfingen (Baden-Württemberg)', 'Incumbent (Private, family)', None, None, 3, 'German food fluid process AI (advanced Bürkert Flow+ AI at dairy and beverage plants)', 'https://burkert.com/', 'dataset', 'APPROVED', None, '2026-07-14 20:18:20.231853', '2026-07-14 20:18:20.231853', 0, None)]
(Background on this error at: https://sqlalche.me/e/20/gkpj) (Background on this error at: https://sqlalche.me/e/20/7s2a)
2026-07-15 01:48:20,364 - ERROR - Error importing company at row 83: This Session's transaction has been rolled back due to a previous exception during flush. To begin a new transaction with this Session, first issue Session.rollback(). Original exception was: (sqlite3.IntegrityError) UNIQUE constraint failed: companies.website
[SQL: INSERT INTO companies (slug, name, country, ai_category, segment_tags, use_cases, top_german_customers, germany_presence, company_type, funding, estimated_revenue, maturity, deployment_evidence, website, source, status, news_last_refreshed, created_at, updated_at, is_deleted, deleted_at) VALUES (?, ?, ?, ?, ?, ?, ?, ?, ?, ?, ?, ?, ?, ?, ?, ?, ?, ?, ?, ?, ?)]
[parameters: ('burkert-fluid-control-advanced-ai', 'Bürkert Fluid Control (Advanced AI)', 'Germany', 'Fluid Process AI for Beverages', '["1", "9", "10"]', '["Process control AI for beverage CIP", "mixing AI", "filling AI integration"]', '["German dairy", "brewery and soft drink processors (advanced B\\u00fcrkert AI module)"]', 'LOCAL HQ — Ingelfingen (Baden-Württemberg)', 'Incumbent (Private, family)', None, None, 3, 'German food fluid process AI (advanced Bürkert Flow+ AI at dairy and beverage plants)', 'https://burkert.com/', 'dataset', 'APPROVED', None, '2026-07-14 20:18:20.231853', '2026-07-14 20:18:20.231853', 0, None)]
(Background on this error at: https://sqlalche.me/e/20/gkpj) (Background on this error at: https://sqlalche.me/e/20/7s2a)
2026-07-15 01:48:20,366 - ERROR - Error importing company at row 84: This Session's transaction has been rolled back due to a previous exception during flush. To begin a new transaction with this Session, first issue Session.rollback(). Original exception was: (sqlite3.IntegrityError) UNIQUE constraint failed: companies.website
[SQL: INSERT INTO companies (slug, name, country, ai_category, segment_tags, use_cases, top_german_customers, germany_presence, company_type, funding, estimated_revenue, maturity, deployment_evidence, website, source, status, news_last_refreshed, created_at, updated_at, is_deleted, deleted_at) VALUES (?, ?, ?, ?, ?, ?, ?, ?, ?, ?, ?, ?, ?, ?, ?, ?, ?, ?, ?, ?, ?)]
[parameters: ('burkert-fluid-control-advanced-ai', 'Bürkert Fluid Control (Advanced AI)', 'Germany', 'Fluid Process AI for Beverages', '["1", "9", "10"]', '["Process control AI for beverage CIP", "mixing AI", "filling AI integration"]', '["German dairy", "brewery and soft drink processors (advanced B\\u00fcrkert AI module)"]', 'LOCAL HQ — Ingelfingen (Baden-Württemberg)', 'Incumbent (Private, family)', None, None, 3, 'German food fluid process AI (advanced Bürkert Flow+ AI at dairy and beverage plants)', 'https://burkert.com/', 'dataset', 'APPROVED', None, '2026-07-14 20:18:20.231853', '2026-07-14 20:18:20.231853', 0, None)]
(Background on this error at: https://sqlalche.me/e/20/gkpj) (Background on this error at: https://sqlalche.me/e/20/7s2a)
2026-07-15 01:48:20,368 - ERROR - Error importing company at row 85: This Session's transaction has been rolled back due to a previous exception during flush. To begin a new transaction with this Session, first issue Session.rollback(). Original exception was: (sqlite3.IntegrityError) UNIQUE constraint failed: companies.website
[SQL: INSERT INTO companies (slug, name, country, ai_category, segment_tags, use_cases, top_german_customers, germany_presence, company_type, funding, estimated_revenue, maturity, deployment_evidence, website, source, status, news_last_refreshed, created_at, updated_at, is_deleted, deleted_at) VALUES (?, ?, ?, ?, ?, ?, ?, ?, ?, ?, ?, ?, ?, ?, ?, ?, ?, ?, ?, ?, ?)]
[parameters: ('burkert-fluid-control-advanced-ai', 'Bürkert Fluid Control (Advanced AI)', 'Germany', 'Fluid Process AI for Beverages', '["1", "9", "10"]', '["Process control AI for beverage CIP", "mixing AI", "filling AI integration"]', '["German dairy", "brewery and soft drink processors (advanced B\\u00fcrkert AI module)"]', 'LOCAL HQ — Ingelfingen (Baden-Württemberg)', 'Incumbent (Private, family)', None, None, 3, 'German food fluid process AI (advanced Bürkert Flow+ AI at dairy and beverage plants)', 'https://burkert.com/', 'dataset', 'APPROVED', None, '2026-07-14 20:18:20.231853', '2026-07-14 20:18:20.231853', 0, None)]
(Background on this error at: https://sqlalche.me/e/20/gkpj) (Background on this error at: https://sqlalche.me/e/20/7s2a)
2026-07-15 01:48:20,369 - ERROR - Error importing company at row 86: This Session's transaction has been rolled back due to a previous exception during flush. To begin a new transaction with this Session, first issue Session.rollback(). Original exception was: (sqlite3.IntegrityError) UNIQUE constraint failed: companies.website
[SQL: INSERT INTO companies (slug, name, country, ai_category, segment_tags, use_cases, top_german_customers, germany_presence, company_type, funding, estimated_revenue, maturity, deployment_evidence, website, source, status, news_last_refreshed, created_at, updated_at, is_deleted, deleted_at) VALUES (?, ?, ?, ?, ?, ?, ?, ?, ?, ?, ?, ?, ?, ?, ?, ?, ?, ?, ?, ?, ?)]
[parameters: ('burkert-fluid-control-advanced-ai', 'Bürkert Fluid Control (Advanced AI)', 'Germany', 'Fluid Process AI for Beverages', '["1", "9", "10"]', '["Process control AI for beverage CIP", "mixing AI", "filling AI integration"]', '["German dairy", "brewery and soft drink processors (advanced B\\u00fcrkert AI module)"]', 'LOCAL HQ — Ingelfingen (Baden-Württemberg)', 'Incumbent (Private, family)', None, None, 3, 'German food fluid process AI (advanced Bürkert Flow+ AI at dairy and beverage plants)', 'https://burkert.com/', 'dataset', 'APPROVED', None, '2026-07-14 20:18:20.231853', '2026-07-14 20:18:20.231853', 0, None)]
(Background on this error at: https://sqlalche.me/e/20/gkpj) (Background on this error at: https://sqlalche.me/e/20/7s2a)
2026-07-15 01:48:20,386 - ERROR - Error importing company at row 87: This Session's transaction has been rolled back due to a previous exception during flush. To begin a new transaction with this Session, first issue Session.rollback(). Original exception was: (sqlite3.IntegrityError) UNIQUE constraint failed: companies.website
[SQL: INSERT INTO companies (slug, name, country, ai_category, segment_tags, use_cases, top_german_customers, germany_presence, company_type, funding, estimated_revenue, maturity, deployment_evidence, website, source, status, news_last_refreshed, created_at, updated_at, is_deleted, deleted_at) VALUES (?, ?, ?, ?, ?, ?, ?, ?, ?, ?, ?, ?, ?, ?, ?, ?, ?, ?, ?, ?, ?)]
[parameters: ('burkert-fluid-control-advanced-ai', 'Bürkert Fluid Control (Advanced AI)', 'Germany', 'Fluid Process AI for Beverages', '["1", "9", "10"]', '["Process control AI for beverage CIP", "mixing AI", "filling AI integration"]', '["German dairy", "brewery and soft drink processors (advanced B\\u00fcrkert AI module)"]', 'LOCAL HQ — Ingelfingen (Baden-Württemberg)', 'Incumbent (Private, family)', None, None, 3, 'German food fluid process AI (advanced Bürkert Flow+ AI at dairy and beverage plants)', 'https://burkert.com/', 'dataset', 'APPROVED', None, '2026-07-14 20:18:20.231853', '2026-07-14 20:18:20.231853', 0, None)]
(Background on this error at: https://sqlalche.me/e/20/gkpj) (Background on this error at: https://sqlalche.me/e/20/7s2a)
2026-07-15 01:48:20,388 - ERROR - Error importing company at row 88: This Session's transaction has been rolled back due to a previous exception during flush. To begin a new transaction with this Session, first issue Session.rollback(). Original exception was: (sqlite3.IntegrityError) UNIQUE constraint failed: companies.website
[SQL: INSERT INTO companies (slug, name, country, ai_category, segment_tags, use_cases, top_german_customers, germany_presence, company_type, funding, estimated_revenue, maturity, deployment_evidence, website, source, status, news_last_refreshed, created_at, updated_at, is_deleted, deleted_at) VALUES (?, ?, ?, ?, ?, ?, ?, ?, ?, ?, ?, ?, ?, ?, ?, ?, ?, ?, ?, ?, ?)]
[parameters: ('burkert-fluid-control-advanced-ai', 'Bürkert Fluid Control (Advanced AI)', 'Germany', 'Fluid Process AI for Beverages', '["1", "9", "10"]', '["Process control AI for beverage CIP", "mixing AI", "filling AI integration"]', '["German dairy", "brewery and soft drink processors (advanced B\\u00fcrkert AI module)"]', 'LOCAL HQ — Ingelfingen (Baden-Württemberg)', 'Incumbent (Private, family)', None, None, 3, 'German food fluid process AI (advanced Bürkert Flow+ AI at dairy and beverage plants)', 'https://burkert.com/', 'dataset', 'APPROVED', None, '2026-07-14 20:18:20.231853', '2026-07-14 20:18:20.231853', 0, None)]
(Background on this error at: https://sqlalche.me/e/20/gkpj) (Background on this error at: https://sqlalche.me/e/20/7s2a)
2026-07-15 01:48:20,390 - ERROR - Error importing company at row 89: This Session's transaction has been rolled back due to a previous exception during flush. To begin a new transaction with this Session, first issue Session.rollback(). Original exception was: (sqlite3.IntegrityError) UNIQUE constraint failed: companies.website
[SQL: INSERT INTO companies (slug, name, country, ai_category, segment_tags, use_cases, top_german_customers, germany_presence, company_type, funding, estimated_revenue, maturity, deployment_evidence, website, source, status, news_last_refreshed, created_at, updated_at, is_deleted, deleted_at) VALUES (?, ?, ?, ?, ?, ?, ?, ?, ?, ?, ?, ?, ?, ?, ?, ?, ?, ?, ?, ?, ?)]
[parameters: ('burkert-fluid-control-advanced-ai', 'Bürkert Fluid Control (Advanced AI)', 'Germany', 'Fluid Process AI for Beverages', '["1", "9", "10"]', '["Process control AI for beverage CIP", "mixing AI", "filling AI integration"]', '["German dairy", "brewery and soft drink processors (advanced B\\u00fcrkert AI module)"]', 'LOCAL HQ — Ingelfingen (Baden-Württemberg)', 'Incumbent (Private, family)', None, None, 3, 'German food fluid process AI (advanced Bürkert Flow+ AI at dairy and beverage plants)', 'https://burkert.com/', 'dataset', 'APPROVED', None, '2026-07-14 20:18:20.231853', '2026-07-14 20:18:20.231853', 0, None)]
(Background on this error at: https://sqlalche.me/e/20/gkpj) (Background on this error at: https://sqlalche.me/e/20/7s2a)
2026-07-15 01:48:20,393 - ERROR - Error importing company at row 90: This Session's transaction has been rolled back due to a previous exception during flush. To begin a new transaction with this Session, first issue Session.rollback(). Original exception was: (sqlite3.IntegrityError) UNIQUE constraint failed: companies.website
[SQL: INSERT INTO companies (slug, name, country, ai_category, segment_tags, use_cases, top_german_customers, germany_presence, company_type, funding, estimated_revenue, maturity, deployment_evidence, website, source, status, news_last_refreshed, created_at, updated_at, is_deleted, deleted_at) VALUES (?, ?, ?, ?, ?, ?, ?, ?, ?, ?, ?, ?, ?, ?, ?, ?, ?, ?, ?, ?, ?)]
[parameters: ('burkert-fluid-control-advanced-ai', 'Bürkert Fluid Control (Advanced AI)', 'Germany', 'Fluid Process AI for Beverages', '["1", "9", "10"]', '["Process control AI for beverage CIP", "mixing AI", "filling AI integration"]', '["German dairy", "brewery and soft drink processors (advanced B\\u00fcrkert AI module)"]', 'LOCAL HQ — Ingelfingen (Baden-Württemberg)', 'Incumbent (Private, family)', None, None, 3, 'German food fluid process AI (advanced Bürkert Flow+ AI at dairy and beverage plants)', 'https://burkert.com/', 'dataset', 'APPROVED', None, '2026-07-14 20:18:20.231853', '2026-07-14 20:18:20.231853', 0, None)]
(Background on this error at: https://sqlalche.me/e/20/gkpj) (Background on this error at: https://sqlalche.me/e/20/7s2a)
2026-07-15 01:48:20,398 - ERROR - Error importing company at row 91: This Session's transaction has been rolled back due to a previous exception during flush. To begin a new transaction with this Session, first issue Session.rollback(). Original exception was: (sqlite3.IntegrityError) UNIQUE constraint failed: companies.website
[SQL: INSERT INTO companies (slug, name, country, ai_category, segment_tags, use_cases, top_german_customers, germany_presence, company_type, funding, estimated_revenue, maturity, deployment_evidence, website, source, status, news_last_refreshed, created_at, updated_at, is_deleted, deleted_at) VALUES (?, ?, ?, ?, ?, ?, ?, ?, ?, ?, ?, ?, ?, ?, ?, ?, ?, ?, ?, ?, ?)]
[parameters: ('burkert-fluid-control-advanced-ai', 'Bürkert Fluid Control (Advanced AI)', 'Germany', 'Fluid Process AI for Beverages', '["1", "9", "10"]', '["Process control AI for beverage CIP", "mixing AI", "filling AI integration"]', '["German dairy", "brewery and soft drink processors (advanced B\\u00fcrkert AI module)"]', 'LOCAL HQ — Ingelfingen (Baden-Württemberg)', 'Incumbent (Private, family)', None, None, 3, 'German food fluid process AI (advanced Bürkert Flow+ AI at dairy and beverage plants)', 'https://burkert.com/', 'dataset', 'APPROVED', None, '2026-07-14 20:18:20.231853', '2026-07-14 20:18:20.231853', 0, None)]
(Background on this error at: https://sqlalche.me/e/20/gkpj) (Background on this error at: https://sqlalche.me/e/20/7s2a)
2026-07-15 01:48:20,400 - ERROR - Error importing company at row 92: This Session's transaction has been rolled back due to a previous exception during flush. To begin a new transaction with this Session, first issue Session.rollback(). Original exception was: (sqlite3.IntegrityError) UNIQUE constraint failed: companies.website
[SQL: INSERT INTO companies (slug, name, country, ai_category, segment_tags, use_cases, top_german_customers, germany_presence, company_type, funding, estimated_revenue, maturity, deployment_evidence, website, source, status, news_last_refreshed, created_at, updated_at, is_deleted, deleted_at) VALUES (?, ?, ?, ?, ?, ?, ?, ?, ?, ?, ?, ?, ?, ?, ?, ?, ?, ?, ?, ?, ?)]
[parameters: ('burkert-fluid-control-advanced-ai', 'Bürkert Fluid Control (Advanced AI)', 'Germany', 'Fluid Process AI for Beverages', '["1", "9", "10"]', '["Process control AI for beverage CIP", "mixing AI", "filling AI integration"]', '["German dairy", "brewery and soft drink processors (advanced B\\u00fcrkert AI module)"]', 'LOCAL HQ — Ingelfingen (Baden-Württemberg)', 'Incumbent (Private, family)', None, None, 3, 'German food fluid process AI (advanced Bürkert Flow+ AI at dairy and beverage plants)', 'https://burkert.com/', 'dataset', 'APPROVED', None, '2026-07-14 20:18:20.231853', '2026-07-14 20:18:20.231853', 0, None)]
(Background on this error at: https://sqlalche.me/e/20/gkpj) (Background on this error at: https://sqlalche.me/e/20/7s2a)
2026-07-15 01:48:20,403 - ERROR - Error importing company at row 93: This Session's transaction has been rolled back due to a previous exception during flush. To begin a new transaction with this Session, first issue Session.rollback(). Original exception was: (sqlite3.IntegrityError) UNIQUE constraint failed: companies.website
[SQL: INSERT INTO companies (slug, name, country, ai_category, segment_tags, use_cases, top_german_customers, germany_presence, company_type, funding, estimated_revenue, maturity, deployment_evidence, website, source, status, news_last_refreshed, created_at, updated_at, is_deleted, deleted_at) VALUES (?, ?, ?, ?, ?, ?, ?, ?, ?, ?, ?, ?, ?, ?, ?, ?, ?, ?, ?, ?, ?)]
[parameters: ('burkert-fluid-control-advanced-ai', 'Bürkert Fluid Control (Advanced AI)', 'Germany', 'Fluid Process AI for Beverages', '["1", "9", "10"]', '["Process control AI for beverage CIP", "mixing AI", "filling AI integration"]', '["German dairy", "brewery and soft drink processors (advanced B\\u00fcrkert AI module)"]', 'LOCAL HQ — Ingelfingen (Baden-Württemberg)', 'Incumbent (Private, family)', None, None, 3, 'German food fluid process AI (advanced Bürkert Flow+ AI at dairy and beverage plants)', 'https://burkert.com/', 'dataset', 'APPROVED', None, '2026-07-14 20:18:20.231853', '2026-07-14 20:18:20.231853', 0, None)]
(Background on this error at: https://sqlalche.me/e/20/gkpj) (Background on this error at: https://sqlalche.me/e/20/7s2a)
2026-07-15 01:48:20,405 - ERROR - Error importing company at row 94: This Session's transaction has been rolled back due to a previous exception during flush. To begin a new transaction with this Session, first issue Session.rollback(). Original exception was: (sqlite3.IntegrityError) UNIQUE constraint failed: companies.website
[SQL: INSERT INTO companies (slug, name, country, ai_category, segment_tags, use_cases, top_german_customers, germany_presence, company_type, funding, estimated_revenue, maturity, deployment_evidence, website, source, status, news_last_refreshed, created_at, updated_at, is_deleted, deleted_at) VALUES (?, ?, ?, ?, ?, ?, ?, ?, ?, ?, ?, ?, ?, ?, ?, ?, ?, ?, ?, ?, ?)]
[parameters: ('burkert-fluid-control-advanced-ai', 'Bürkert Fluid Control (Advanced AI)', 'Germany', 'Fluid Process AI for Beverages', '["1", "9", "10"]', '["Process control AI for beverage CIP", "mixing AI", "filling AI integration"]', '["German dairy", "brewery and soft drink processors (advanced B\\u00fcrkert AI module)"]', 'LOCAL HQ — Ingelfingen (Baden-Württemberg)', 'Incumbent (Private, family)', None, None, 3, 'German food fluid process AI (advanced Bürkert Flow+ AI at dairy and beverage plants)', 'https://burkert.com/', 'dataset', 'APPROVED', None, '2026-07-14 20:18:20.231853', '2026-07-14 20:18:20.231853', 0, None)]
(Background on this error at: https://sqlalche.me/e/20/gkpj) (Background on this error at: https://sqlalche.me/e/20/7s2a)
2026-07-15 01:48:20,407 - ERROR - Error importing company at row 95: This Session's transaction has been rolled back due to a previous exception during flush. To begin a new transaction with this Session, first issue Session.rollback(). Original exception was: (sqlite3.IntegrityError) UNIQUE constraint failed: companies.website
[SQL: INSERT INTO companies (slug, name, country, ai_category, segment_tags, use_cases, top_german_customers, germany_presence, company_type, funding, estimated_revenue, maturity, deployment_evidence, website, source, status, news_last_refreshed, created_at, updated_at, is_deleted, deleted_at) VALUES (?, ?, ?, ?, ?, ?, ?, ?, ?, ?, ?, ?, ?, ?, ?, ?, ?, ?, ?, ?, ?)]
[parameters: ('burkert-fluid-control-advanced-ai', 'Bürkert Fluid Control (Advanced AI)', 'Germany', 'Fluid Process AI for Beverages', '["1", "9", "10"]', '["Process control AI for beverage CIP", "mixing AI", "filling AI integration"]', '["German dairy", "brewery and soft drink processors (advanced B\\u00fcrkert AI module)"]', 'LOCAL HQ — Ingelfingen (Baden-Württemberg)', 'Incumbent (Private, family)', None, None, 3, 'German food fluid process AI (advanced Bürkert Flow+ AI at dairy and beverage plants)', 'https://burkert.com/', 'dataset', 'APPROVED', None, '2026-07-14 20:18:20.231853', '2026-07-14 20:18:20.231853', 0, None)]
(Background on this error at: https://sqlalche.me/e/20/gkpj) (Background on this error at: https://sqlalche.me/e/20/7s2a)
2026-07-15 01:48:20,409 - ERROR - Error importing company at row 96: This Session's transaction has been rolled back due to a previous exception during flush. To begin a new transaction with this Session, first issue Session.rollback(). Original exception was: (sqlite3.IntegrityError) UNIQUE constraint failed: companies.website
[SQL: INSERT INTO companies (slug, name, country, ai_category, segment_tags, use_cases, top_german_customers, germany_presence, company_type, funding, estimated_revenue, maturity, deployment_evidence, website, source, status, news_last_refreshed, created_at, updated_at, is_deleted, deleted_at) VALUES (?, ?, ?, ?, ?, ?, ?, ?, ?, ?, ?, ?, ?, ?, ?, ?, ?, ?, ?, ?, ?)]
[parameters: ('burkert-fluid-control-advanced-ai', 'Bürkert Fluid Control (Advanced AI)', 'Germany', 'Fluid Process AI for Beverages', '["1", "9", "10"]', '["Process control AI for beverage CIP", "mixing AI", "filling AI integration"]', '["German dairy", "brewery and soft drink processors (advanced B\\u00fcrkert AI module)"]', 'LOCAL HQ — Ingelfingen (Baden-Württemberg)', 'Incumbent (Private, family)', None, None, 3, 'German food fluid process AI (advanced Bürkert Flow+ AI at dairy and beverage plants)', 'https://burkert.com/', 'dataset', 'APPROVED', None, '2026-07-14 20:18:20.231853', '2026-07-14 20:18:20.231853', 0, None)]
(Background on this error at: https://sqlalche.me/e/20/gkpj) (Background on this error at: https://sqlalche.me/e/20/7s2a)
2026-07-15 01:48:20,411 - ERROR - Error importing company at row 97: This Session's transaction has been rolled back due to a previous exception during flush. To begin a new transaction with this Session, first issue Session.rollback(). Original exception was: (sqlite3.IntegrityError) UNIQUE constraint failed: companies.website
[SQL: INSERT INTO companies (slug, name, country, ai_category, segment_tags, use_cases, top_german_customers, germany_presence, company_type, funding, estimated_revenue, maturity, deployment_evidence, website, source, status, news_last_refreshed, created_at, updated_at, is_deleted, deleted_at) VALUES (?, ?, ?, ?, ?, ?, ?, ?, ?, ?, ?, ?, ?, ?, ?, ?, ?, ?, ?, ?, ?)]
[parameters: ('burkert-fluid-control-advanced-ai', 'Bürkert Fluid Control (Advanced AI)', 'Germany', 'Fluid Process AI for Beverages', '["1", "9", "10"]', '["Process control AI for beverage CIP", "mixing AI", "filling AI integration"]', '["German dairy", "brewery and soft drink processors (advanced B\\u00fcrkert AI module)"]', 'LOCAL HQ — Ingelfingen (Baden-Württemberg)', 'Incumbent (Private, family)', None, None, 3, 'German food fluid process AI (advanced Bürkert Flow+ AI at dairy and beverage plants)', 'https://burkert.com/', 'dataset', 'APPROVED', None, '2026-07-14 20:18:20.231853', '2026-07-14 20:18:20.231853', 0, None)]
(Background on this error at: https://sqlalche.me/e/20/gkpj) (Background on this error at: https://sqlalche.me/e/20/7s2a)
2026-07-15 01:48:20,421 - ERROR - Error importing company at row 98: This Session's transaction has been rolled back due to a previous exception during flush. To begin a new transaction with this Session, first issue Session.rollback(). Original exception was: (sqlite3.IntegrityError) UNIQUE constraint failed: companies.website
[SQL: INSERT INTO companies (slug, name, country, ai_category, segment_tags, use_cases, top_german_customers, germany_presence, company_type, funding, estimated_revenue, maturity, deployment_evidence, website, source, status, news_last_refreshed, created_at, updated_at, is_deleted, deleted_at) VALUES (?, ?, ?, ?, ?, ?, ?, ?, ?, ?, ?, ?, ?, ?, ?, ?, ?, ?, ?, ?, ?)]
[parameters: ('burkert-fluid-control-advanced-ai', 'Bürkert Fluid Control (Advanced AI)', 'Germany', 'Fluid Process AI for Beverages', '["1", "9", "10"]', '["Process control AI for beverage CIP", "mixing AI", "filling AI integration"]', '["German dairy", "brewery and soft drink processors (advanced B\\u00fcrkert AI module)"]', 'LOCAL HQ — Ingelfingen (Baden-Württemberg)', 'Incumbent (Private, family)', None, None, 3, 'German food fluid process AI (advanced Bürkert Flow+ AI at dairy and beverage plants)', 'https://burkert.com/', 'dataset', 'APPROVED', None, '2026-07-14 20:18:20.231853', '2026-07-14 20:18:20.231853', 0, None)]
(Background on this error at: https://sqlalche.me/e/20/gkpj) (Background on this error at: https://sqlalche.me/e/20/7s2a)
2026-07-15 01:48:20,423 - ERROR - Error importing company at row 99: This Session's transaction has been rolled back due to a previous exception during flush. To begin a new transaction with this Session, first issue Session.rollback(). Original exception was: (sqlite3.IntegrityError) UNIQUE constraint failed: companies.website
[SQL: INSERT INTO companies (slug, name, country, ai_category, segment_tags, use_cases, top_german_customers, germany_presence, company_type, funding, estimated_revenue, maturity, deployment_evidence, website, source, status, news_last_refreshed, created_at, updated_at, is_deleted, deleted_at) VALUES (?, ?, ?, ?, ?, ?, ?, ?, ?, ?, ?, ?, ?, ?, ?, ?, ?, ?, ?, ?, ?)]
[parameters: ('burkert-fluid-control-advanced-ai', 'Bürkert Fluid Control (Advanced AI)', 'Germany', 'Fluid Process AI for Beverages', '["1", "9", "10"]', '["Process control AI for beverage CIP", "mixing AI", "filling AI integration"]', '["German dairy", "brewery and soft drink processors (advanced B\\u00fcrkert AI module)"]', 'LOCAL HQ — Ingelfingen (Baden-Württemberg)', 'Incumbent (Private, family)', None, None, 3, 'German food fluid process AI (advanced Bürkert Flow+ AI at dairy and beverage plants)', 'https://burkert.com/', 'dataset', 'APPROVED', None, '2026-07-14 20:18:20.231853', '2026-07-14 20:18:20.231853', 0, None)]
(Background on this error at: https://sqlalche.me/e/20/gkpj) (Background on this error at: https://sqlalche.me/e/20/7s2a)
2026-07-15 01:48:20,425 - ERROR - Error importing company at row 100: This Session's transaction has been rolled back due to a previous exception during flush. To begin a new transaction with this Session, first issue Session.rollback(). Original exception was: (sqlite3.IntegrityError) UNIQUE constraint failed: companies.website
[SQL: INSERT INTO companies (slug, name, country, ai_category, segment_tags, use_cases, top_german_customers, germany_presence, company_type, funding, estimated_revenue, maturity, deployment_evidence, website, source, status, news_last_refreshed, created_at, updated_at, is_deleted, deleted_at) VALUES (?, ?, ?, ?, ?, ?, ?, ?, ?, ?, ?, ?, ?, ?, ?, ?, ?, ?, ?, ?, ?)]
[parameters: ('burkert-fluid-control-advanced-ai', 'Bürkert Fluid Control (Advanced AI)', 'Germany', 'Fluid Process AI for Beverages', '["1", "9", "10"]', '["Process control AI for beverage CIP", "mixing AI", "filling AI integration"]', '["German dairy", "brewery and soft drink processors (advanced B\\u00fcrkert AI module)"]', 'LOCAL HQ — Ingelfingen (Baden-Württemberg)', 'Incumbent (Private, family)', None, None, 3, 'German food fluid process AI (advanced Bürkert Flow+ AI at dairy and beverage plants)', 'https://burkert.com/', 'dataset', 'APPROVED', None, '2026-07-14 20:18:20.231853', '2026-07-14 20:18:20.231853', 0, None)]
(Background on this error at: https://sqlalche.me/e/20/gkpj) (Background on this error at: https://sqlalche.me/e/20/7s2a)
2026-07-15 01:48:20,427 - ERROR - Error importing company at row 101: This Session's transaction has been rolled back due to a previous exception during flush. To begin a new transaction with this Session, first issue Session.rollback(). Original exception was: (sqlite3.IntegrityError) UNIQUE constraint failed: companies.website
[SQL: INSERT INTO companies (slug, name, country, ai_category, segment_tags, use_cases, top_german_customers, germany_presence, company_type, funding, estimated_revenue, maturity, deployment_evidence, website, source, status, news_last_refreshed, created_at, updated_at, is_deleted, deleted_at) VALUES (?, ?, ?, ?, ?, ?, ?, ?, ?, ?, ?, ?, ?, ?, ?, ?, ?, ?, ?, ?, ?)]
[parameters: ('burkert-fluid-control-advanced-ai', 'Bürkert Fluid Control (Advanced AI)', 'Germany', 'Fluid Process AI for Beverages', '["1", "9", "10"]', '["Process control AI for beverage CIP", "mixing AI", "filling AI integration"]', '["German dairy", "brewery and soft drink processors (advanced B\\u00fcrkert AI module)"]', 'LOCAL HQ — Ingelfingen (Baden-Württemberg)', 'Incumbent (Private, family)', None, None, 3, 'German food fluid process AI (advanced Bürkert Flow+ AI at dairy and beverage plants)', 'https://burkert.com/', 'dataset', 'APPROVED', None, '2026-07-14 20:18:20.231853', '2026-07-14 20:18:20.231853', 0, None)]
(Background on this error at: https://sqlalche.me/e/20/gkpj) (Background on this error at: https://sqlalche.me/e/20/7s2a)
2026-07-15 01:48:20,438 - ERROR - Error importing company at row 102: This Session's transaction has been rolled back due to a previous exception during flush. To begin a new transaction with this Session, first issue Session.rollback(). Original exception was: (sqlite3.IntegrityError) UNIQUE constraint failed: companies.website
[SQL: INSERT INTO companies (slug, name, country, ai_category, segment_tags, use_cases, top_german_customers, germany_presence, company_type, funding, estimated_revenue, maturity, deployment_evidence, website, source, status, news_last_refreshed, created_at, updated_at, is_deleted, deleted_at) VALUES (?, ?, ?, ?, ?, ?, ?, ?, ?, ?, ?, ?, ?, ?, ?, ?, ?, ?, ?, ?, ?)]
[parameters: ('burkert-fluid-control-advanced-ai', 'Bürkert Fluid Control (Advanced AI)', 'Germany', 'Fluid Process AI for Beverages', '["1", "9", "10"]', '["Process control AI for beverage CIP", "mixing AI", "filling AI integration"]', '["German dairy", "brewery and soft drink processors (advanced B\\u00fcrkert AI module)"]', 'LOCAL HQ — Ingelfingen (Baden-Württemberg)', 'Incumbent (Private, family)', None, None, 3, 'German food fluid process AI (advanced Bürkert Flow+ AI at dairy and beverage plants)', 'https://burkert.com/', 'dataset', 'APPROVED', None, '2026-07-14 20:18:20.231853', '2026-07-14 20:18:20.231853', 0, None)]
(Background on this error at: https://sqlalche.me/e/20/gkpj) (Background on this error at: https://sqlalche.me/e/20/7s2a)
2026-07-15 01:48:20,440 - ERROR - Error importing company at row 103: This Session's transaction has been rolled back due to a previous exception during flush. To begin a new transaction with this Session, first issue Session.rollback(). Original exception was: (sqlite3.IntegrityError) UNIQUE constraint failed: companies.website
[SQL: INSERT INTO companies (slug, name, country, ai_category, segment_tags, use_cases, top_german_customers, germany_presence, company_type, funding, estimated_revenue, maturity, deployment_evidence, website, source, status, news_last_refreshed, created_at, updated_at, is_deleted, deleted_at) VALUES (?, ?, ?, ?, ?, ?, ?, ?, ?, ?, ?, ?, ?, ?, ?, ?, ?, ?, ?, ?, ?)]
[parameters: ('burkert-fluid-control-advanced-ai', 'Bürkert Fluid Control (Advanced AI)', 'Germany', 'Fluid Process AI for Beverages', '["1", "9", "10"]', '["Process control AI for beverage CIP", "mixing AI", "filling AI integration"]', '["German dairy", "brewery and soft drink processors (advanced B\\u00fcrkert AI module)"]', 'LOCAL HQ — Ingelfingen (Baden-Württemberg)', 'Incumbent (Private, family)', None, None, 3, 'German food fluid process AI (advanced Bürkert Flow+ AI at dairy and beverage plants)', 'https://burkert.com/', 'dataset', 'APPROVED', None, '2026-07-14 20:18:20.231853', '2026-07-14 20:18:20.231853', 0, None)]
(Background on this error at: https://sqlalche.me/e/20/gkpj) (Background on this error at: https://sqlalche.me/e/20/7s2a)
2026-07-15 01:48:20,443 - ERROR - Error importing company at row 104: This Session's transaction has been rolled back due to a previous exception during flush. To begin a new transaction with this Session, first issue Session.rollback(). Original exception was: (sqlite3.IntegrityError) UNIQUE constraint failed: companies.website
[SQL: INSERT INTO companies (slug, name, country, ai_category, segment_tags, use_cases, top_german_customers, germany_presence, company_type, funding, estimated_revenue, maturity, deployment_evidence, website, source, status, news_last_refreshed, created_at, updated_at, is_deleted, deleted_at) VALUES (?, ?, ?, ?, ?, ?, ?, ?, ?, ?, ?, ?, ?, ?, ?, ?, ?, ?, ?, ?, ?)]
[parameters: ('burkert-fluid-control-advanced-ai', 'Bürkert Fluid Control (Advanced AI)', 'Germany', 'Fluid Process AI for Beverages', '["1", "9", "10"]', '["Process control AI for beverage CIP", "mixing AI", "filling AI integration"]', '["German dairy", "brewery and soft drink processors (advanced B\\u00fcrkert AI module)"]', 'LOCAL HQ — Ingelfingen (Baden-Württemberg)', 'Incumbent (Private, family)', None, None, 3, 'German food fluid process AI (advanced Bürkert Flow+ AI at dairy and beverage plants)', 'https://burkert.com/', 'dataset', 'APPROVED', None, '2026-07-14 20:18:20.231853', '2026-07-14 20:18:20.231853', 0, None)]
(Background on this error at: https://sqlalche.me/e/20/gkpj) (Background on this error at: https://sqlalche.me/e/20/7s2a)
2026-07-15 01:48:20,444 - ERROR - Error importing company at row 105: This Session's transaction has been rolled back due to a previous exception during flush. To begin a new transaction with this Session, first issue Session.rollback(). Original exception was: (sqlite3.IntegrityError) UNIQUE constraint failed: companies.website
[SQL: INSERT INTO companies (slug, name, country, ai_category, segment_tags, use_cases, top_german_customers, germany_presence, company_type, funding, estimated_revenue, maturity, deployment_evidence, website, source, status, news_last_refreshed, created_at, updated_at, is_deleted, deleted_at) VALUES (?, ?, ?, ?, ?, ?, ?, ?, ?, ?, ?, ?, ?, ?, ?, ?, ?, ?, ?, ?, ?)]
[parameters: ('burkert-fluid-control-advanced-ai', 'Bürkert Fluid Control (Advanced AI)', 'Germany', 'Fluid Process AI for Beverages', '["1", "9", "10"]', '["Process control AI for beverage CIP", "mixing AI", "filling AI integration"]', '["German dairy", "brewery and soft drink processors (advanced B\\u00fcrkert AI module)"]', 'LOCAL HQ — Ingelfingen (Baden-Württemberg)', 'Incumbent (Private, family)', None, None, 3, 'German food fluid process AI (advanced Bürkert Flow+ AI at dairy and beverage plants)', 'https://burkert.com/', 'dataset', 'APPROVED', None, '2026-07-14 20:18:20.231853', '2026-07-14 20:18:20.231853', 0, None)]
(Background on this error at: https://sqlalche.me/e/20/gkpj) (Background on this error at: https://sqlalche.me/e/20/7s2a)
2026-07-15 01:48:20,446 - ERROR - Error importing company at row 106: This Session's transaction has been rolled back due to a previous exception during flush. To begin a new transaction with this Session, first issue Session.rollback(). Original exception was: (sqlite3.IntegrityError) UNIQUE constraint failed: companies.website
[SQL: INSERT INTO companies (slug, name, country, ai_category, segment_tags, use_cases, top_german_customers, germany_presence, company_type, funding, estimated_revenue, maturity, deployment_evidence, website, source, status, news_last_refreshed, created_at, updated_at, is_deleted, deleted_at) VALUES (?, ?, ?, ?, ?, ?, ?, ?, ?, ?, ?, ?, ?, ?, ?, ?, ?, ?, ?, ?, ?)]
[parameters: ('burkert-fluid-control-advanced-ai', 'Bürkert Fluid Control (Advanced AI)', 'Germany', 'Fluid Process AI for Beverages', '["1", "9", "10"]', '["Process control AI for beverage CIP", "mixing AI", "filling AI integration"]', '["German dairy", "brewery and soft drink processors (advanced B\\u00fcrkert AI module)"]', 'LOCAL HQ — Ingelfingen (Baden-Württemberg)', 'Incumbent (Private, family)', None, None, 3, 'German food fluid process AI (advanced Bürkert Flow+ AI at dairy and beverage plants)', 'https://burkert.com/', 'dataset', 'APPROVED', None, '2026-07-14 20:18:20.231853', '2026-07-14 20:18:20.231853', 0, None)]
(Background on this error at: https://sqlalche.me/e/20/gkpj) (Background on this error at: https://sqlalche.me/e/20/7s2a)
2026-07-15 01:48:20,448 - ERROR - Error importing company at row 107: This Session's transaction has been rolled back due to a previous exception during flush. To begin a new transaction with this Session, first issue Session.rollback(). Original exception was: (sqlite3.IntegrityError) UNIQUE constraint failed: companies.website
[SQL: INSERT INTO companies (slug, name, country, ai_category, segment_tags, use_cases, top_german_customers, germany_presence, company_type, funding, estimated_revenue, maturity, deployment_evidence, website, source, status, news_last_refreshed, created_at, updated_at, is_deleted, deleted_at) VALUES (?, ?, ?, ?, ?, ?, ?, ?, ?, ?, ?, ?, ?, ?, ?, ?, ?, ?, ?, ?, ?)]
[parameters: ('burkert-fluid-control-advanced-ai', 'Bürkert Fluid Control (Advanced AI)', 'Germany', 'Fluid Process AI for Beverages', '["1", "9", "10"]', '["Process control AI for beverage CIP", "mixing AI", "filling AI integration"]', '["German dairy", "brewery and soft drink processors (advanced B\\u00fcrkert AI module)"]', 'LOCAL HQ — Ingelfingen (Baden-Württemberg)', 'Incumbent (Private, family)', None, None, 3, 'German food fluid process AI (advanced Bürkert Flow+ AI at dairy and beverage plants)', 'https://burkert.com/', 'dataset', 'APPROVED', None, '2026-07-14 20:18:20.231853', '2026-07-14 20:18:20.231853', 0, None)]
(Background on this error at: https://sqlalche.me/e/20/gkpj) (Background on this error at: https://sqlalche.me/e/20/7s2a)
2026-07-15 01:48:20,450 - ERROR - Error importing company at row 108: This Session's transaction has been rolled back due to a previous exception during flush. To begin a new transaction with this Session, first issue Session.rollback(). Original exception was: (sqlite3.IntegrityError) UNIQUE constraint failed: companies.website
[SQL: INSERT INTO companies (slug, name, country, ai_category, segment_tags, use_cases, top_german_customers, germany_presence, company_type, funding, estimated_revenue, maturity, deployment_evidence, website, source, status, news_last_refreshed, created_at, updated_at, is_deleted, deleted_at) VALUES (?, ?, ?, ?, ?, ?, ?, ?, ?, ?, ?, ?, ?, ?, ?, ?, ?, ?, ?, ?, ?)]
[parameters: ('burkert-fluid-control-advanced-ai', 'Bürkert Fluid Control (Advanced AI)', 'Germany', 'Fluid Process AI for Beverages', '["1", "9", "10"]', '["Process control AI for beverage CIP", "mixing AI", "filling AI integration"]', '["German dairy", "brewery and soft drink processors (advanced B\\u00fcrkert AI module)"]', 'LOCAL HQ — Ingelfingen (Baden-Württemberg)', 'Incumbent (Private, family)', None, None, 3, 'German food fluid process AI (advanced Bürkert Flow+ AI at dairy and beverage plants)', 'https://burkert.com/', 'dataset', 'APPROVED', None, '2026-07-14 20:18:20.231853', '2026-07-14 20:18:20.231853', 0, None)]
(Background on this error at: https://sqlalche.me/e/20/gkpj) (Background on this error at: https://sqlalche.me/e/20/7s2a)
2026-07-15 01:48:20,452 - ERROR - Error importing company at row 109: This Session's transaction has been rolled back due to a previous exception during flush. To begin a new transaction with this Session, first issue Session.rollback(). Original exception was: (sqlite3.IntegrityError) UNIQUE constraint failed: companies.website
[SQL: INSERT INTO companies (slug, name, country, ai_category, segment_tags, use_cases, top_german_customers, germany_presence, company_type, funding, estimated_revenue, maturity, deployment_evidence, website, source, status, news_last_refreshed, created_at, updated_at, is_deleted, deleted_at) VALUES (?, ?, ?, ?, ?, ?, ?, ?, ?, ?, ?, ?, ?, ?, ?, ?, ?, ?, ?, ?, ?)]
[parameters: ('burkert-fluid-control-advanced-ai', 'Bürkert Fluid Control (Advanced AI)', 'Germany', 'Fluid Process AI for Beverages', '["1", "9", "10"]', '["Process control AI for beverage CIP", "mixing AI", "filling AI integration"]', '["German dairy", "brewery and soft drink processors (advanced B\\u00fcrkert AI module)"]', 'LOCAL HQ — Ingelfingen (Baden-Württemberg)', 'Incumbent (Private, family)', None, None, 3, 'German food fluid process AI (advanced Bürkert Flow+ AI at dairy and beverage plants)', 'https://burkert.com/', 'dataset', 'APPROVED', None, '2026-07-14 20:18:20.231853', '2026-07-14 20:18:20.231853', 0, None)]
(Background on this error at: https://sqlalche.me/e/20/gkpj) (Background on this error at: https://sqlalche.me/e/20/7s2a)
2026-07-15 01:48:20,454 - ERROR - Error importing company at row 110: This Session's transaction has been rolled back due to a previous exception during flush. To begin a new transaction with this Session, first issue Session.rollback(). Original exception was: (sqlite3.IntegrityError) UNIQUE constraint failed: companies.website
[SQL: INSERT INTO companies (slug, name, country, ai_category, segment_tags, use_cases, top_german_customers, germany_presence, company_type, funding, estimated_revenue, maturity, deployment_evidence, website, source, status, news_last_refreshed, created_at, updated_at, is_deleted, deleted_at) VALUES (?, ?, ?, ?, ?, ?, ?, ?, ?, ?, ?, ?, ?, ?, ?, ?, ?, ?, ?, ?, ?)]
[parameters: ('burkert-fluid-control-advanced-ai', 'Bürkert Fluid Control (Advanced AI)', 'Germany', 'Fluid Process AI for Beverages', '["1", "9", "10"]', '["Process control AI for beverage CIP", "mixing AI", "filling AI integration"]', '["German dairy", "brewery and soft drink processors (advanced B\\u00fcrkert AI module)"]', 'LOCAL HQ — Ingelfingen (Baden-Württemberg)', 'Incumbent (Private, family)', None, None, 3, 'German food fluid process AI (advanced Bürkert Flow+ AI at dairy and beverage plants)', 'https://burkert.com/', 'dataset', 'APPROVED', None, '2026-07-14 20:18:20.231853', '2026-07-14 20:18:20.231853', 0, None)]
(Background on this error at: https://sqlalche.me/e/20/gkpj) (Background on this error at: https://sqlalche.me/e/20/7s2a)
2026-07-15 01:48:20,455 - ERROR - Error importing company at row 111: This Session's transaction has been rolled back due to a previous exception during flush. To begin a new transaction with this Session, first issue Session.rollback(). Original exception was: (sqlite3.IntegrityError) UNIQUE constraint failed: companies.website
[SQL: INSERT INTO companies (slug, name, country, ai_category, segment_tags, use_cases, top_german_customers, germany_presence, company_type, funding, estimated_revenue, maturity, deployment_evidence, website, source, status, news_last_refreshed, created_at, updated_at, is_deleted, deleted_at) VALUES (?, ?, ?, ?, ?, ?, ?, ?, ?, ?, ?, ?, ?, ?, ?, ?, ?, ?, ?, ?, ?)]
[parameters: ('burkert-fluid-control-advanced-ai', 'Bürkert Fluid Control (Advanced AI)', 'Germany', 'Fluid Process AI for Beverages', '["1", "9", "10"]', '["Process control AI for beverage CIP", "mixing AI", "filling AI integration"]', '["German dairy", "brewery and soft drink processors (advanced B\\u00fcrkert AI module)"]', 'LOCAL HQ — Ingelfingen (Baden-Württemberg)', 'Incumbent (Private, family)', None, None, 3, 'German food fluid process AI (advanced Bürkert Flow+ AI at dairy and beverage plants)', 'https://burkert.com/', 'dataset', 'APPROVED', None, '2026-07-14 20:18:20.231853', '2026-07-14 20:18:20.231853', 0, None)]
(Background on this error at: https://sqlalche.me/e/20/gkpj) (Background on this error at: https://sqlalche.me/e/20/7s2a)
2026-07-15 01:48:20,457 - ERROR - Error importing company at row 112: This Session's transaction has been rolled back due to a previous exception during flush. To begin a new transaction with this Session, first issue Session.rollback(). Original exception was: (sqlite3.IntegrityError) UNIQUE constraint failed: companies.website
[SQL: INSERT INTO companies (slug, name, country, ai_category, segment_tags, use_cases, top_german_customers, germany_presence, company_type, funding, estimated_revenue, maturity, deployment_evidence, website, source, status, news_last_refreshed, created_at, updated_at, is_deleted, deleted_at) VALUES (?, ?, ?, ?, ?, ?, ?, ?, ?, ?, ?, ?, ?, ?, ?, ?, ?, ?, ?, ?, ?)]
[parameters: ('burkert-fluid-control-advanced-ai', 'Bürkert Fluid Control (Advanced AI)', 'Germany', 'Fluid Process AI for Beverages', '["1", "9", "10"]', '["Process control AI for beverage CIP", "mixing AI", "filling AI integration"]', '["German dairy", "brewery and soft drink processors (advanced B\\u00fcrkert AI module)"]', 'LOCAL HQ — Ingelfingen (Baden-Württemberg)', 'Incumbent (Private, family)', None, None, 3, 'German food fluid process AI (advanced Bürkert Flow+ AI at dairy and beverage plants)', 'https://burkert.com/', 'dataset', 'APPROVED', None, '2026-07-14 20:18:20.231853', '2026-07-14 20:18:20.231853', 0, None)]
(Background on this error at: https://sqlalche.me/e/20/gkpj) (Background on this error at: https://sqlalche.me/e/20/7s2a)
2026-07-15 01:48:20,459 - ERROR - Error importing company at row 113: This Session's transaction has been rolled back due to a previous exception during flush. To begin a new transaction with this Session, first issue Session.rollback(). Original exception was: (sqlite3.IntegrityError) UNIQUE constraint failed: companies.website
[SQL: INSERT INTO companies (slug, name, country, ai_category, segment_tags, use_cases, top_german_customers, germany_presence, company_type, funding, estimated_revenue, maturity, deployment_evidence, website, source, status, news_last_refreshed, created_at, updated_at, is_deleted, deleted_at) VALUES (?, ?, ?, ?, ?, ?, ?, ?, ?, ?, ?, ?, ?, ?, ?, ?, ?, ?, ?, ?, ?)]
[parameters: ('burkert-fluid-control-advanced-ai', 'Bürkert Fluid Control (Advanced AI)', 'Germany', 'Fluid Process AI for Beverages', '["1", "9", "10"]', '["Process control AI for beverage CIP", "mixing AI", "filling AI integration"]', '["German dairy", "brewery and soft drink processors (advanced B\\u00fcrkert AI module)"]', 'LOCAL HQ — Ingelfingen (Baden-Württemberg)', 'Incumbent (Private, family)', None, None, 3, 'German food fluid process AI (advanced Bürkert Flow+ AI at dairy and beverage plants)', 'https://burkert.com/', 'dataset', 'APPROVED', None, '2026-07-14 20:18:20.231853', '2026-07-14 20:18:20.231853', 0, None)]
(Background on this error at: https://sqlalche.me/e/20/gkpj) (Background on this error at: https://sqlalche.me/e/20/7s2a)
2026-07-15 01:48:20,461 - ERROR - Error importing company at row 114: This Session's transaction has been rolled back due to a previous exception during flush. To begin a new transaction with this Session, first issue Session.rollback(). Original exception was: (sqlite3.IntegrityError) UNIQUE constraint failed: companies.website
[SQL: INSERT INTO companies (slug, name, country, ai_category, segment_tags, use_cases, top_german_customers, germany_presence, company_type, funding, estimated_revenue, maturity, deployment_evidence, website, source, status, news_last_refreshed, created_at, updated_at, is_deleted, deleted_at) VALUES (?, ?, ?, ?, ?, ?, ?, ?, ?, ?, ?, ?, ?, ?, ?, ?, ?, ?, ?, ?, ?)]
[parameters: ('burkert-fluid-control-advanced-ai', 'Bürkert Fluid Control (Advanced AI)', 'Germany', 'Fluid Process AI for Beverages', '["1", "9", "10"]', '["Process control AI for beverage CIP", "mixing AI", "filling AI integration"]', '["German dairy", "brewery and soft drink processors (advanced B\\u00fcrkert AI module)"]', 'LOCAL HQ — Ingelfingen (Baden-Württemberg)', 'Incumbent (Private, family)', None, None, 3, 'German food fluid process AI (advanced Bürkert Flow+ AI at dairy and beverage plants)', 'https://burkert.com/', 'dataset', 'APPROVED', None, '2026-07-14 20:18:20.231853', '2026-07-14 20:18:20.231853', 0, None)]
(Background on this error at: https://sqlalche.me/e/20/gkpj) (Background on this error at: https://sqlalche.me/e/20/7s2a)
2026-07-15 01:48:20,463 - ERROR - Error importing company at row 115: This Session's transaction has been rolled back due to a previous exception during flush. To begin a new transaction with this Session, first issue Session.rollback(). Original exception was: (sqlite3.IntegrityError) UNIQUE constraint failed: companies.website
[SQL: INSERT INTO companies (slug, name, country, ai_category, segment_tags, use_cases, top_german_customers, germany_presence, company_type, funding, estimated_revenue, maturity, deployment_evidence, website, source, status, news_last_refreshed, created_at, updated_at, is_deleted, deleted_at) VALUES (?, ?, ?, ?, ?, ?, ?, ?, ?, ?, ?, ?, ?, ?, ?, ?, ?, ?, ?, ?, ?)]
[parameters: ('burkert-fluid-control-advanced-ai', 'Bürkert Fluid Control (Advanced AI)', 'Germany', 'Fluid Process AI for Beverages', '["1", "9", "10"]', '["Process control AI for beverage CIP", "mixing AI", "filling AI integration"]', '["German dairy", "brewery and soft drink processors (advanced B\\u00fcrkert AI module)"]', 'LOCAL HQ — Ingelfingen (Baden-Württemberg)', 'Incumbent (Private, family)', None, None, 3, 'German food fluid process AI (advanced Bürkert Flow+ AI at dairy and beverage plants)', 'https://burkert.com/', 'dataset', 'APPROVED', None, '2026-07-14 20:18:20.231853', '2026-07-14 20:18:20.231853', 0, None)]
(Background on this error at: https://sqlalche.me/e/20/gkpj) (Background on this error at: https://sqlalche.me/e/20/7s2a)
2026-07-15 01:48:20,464 - INFO - Importing Problems...
2026-07-15 01:48:20,466 - ERROR - Error importing problem at row 0: This Session's transaction has been rolled back due to a previous exception during flush. To begin a new transaction with this Session, first issue Session.rollback(). Original exception was: (sqlite3.IntegrityError) UNIQUE constraint failed: companies.website
[SQL: INSERT INTO companies (slug, name, country, ai_category, segment_tags, use_cases, top_german_customers, germany_presence, company_type, funding, estimated_revenue, maturity, deployment_evidence, website, source, status, news_last_refreshed, created_at, updated_at, is_deleted, deleted_at) VALUES (?, ?, ?, ?, ?, ?, ?, ?, ?, ?, ?, ?, ?, ?, ?, ?, ?, ?, ?, ?, ?)]
[parameters: ('burkert-fluid-control-advanced-ai', 'Bürkert Fluid Control (Advanced AI)', 'Germany', 'Fluid Process AI for Beverages', '["1", "9", "10"]', '["Process control AI for beverage CIP", "mixing AI", "filling AI integration"]', '["German dairy", "brewery and soft drink processors (advanced B\\u00fcrkert AI module)"]', 'LOCAL HQ — Ingelfingen (Baden-Württemberg)', 'Incumbent (Private, family)', None, None, 3, 'German food fluid process AI (advanced Bürkert Flow+ AI at dairy and beverage plants)', 'https://burkert.com/', 'dataset', 'APPROVED', None, '2026-07-14 20:18:20.231853', '2026-07-14 20:18:20.231853', 0, None)]
(Background on this error at: https://sqlalche.me/e/20/gkpj) (Background on this error at: https://sqlalche.me/e/20/7s2a)
2026-07-15 01:48:20,468 - ERROR - Error importing problem at row 1: This Session's transaction has been rolled back due to a previous exception during flush. To begin a new transaction with this Session, first issue Session.rollback(). Original exception was: (sqlite3.IntegrityError) UNIQUE constraint failed: companies.website
[SQL: INSERT INTO companies (slug, name, country, ai_category, segment_tags, use_cases, top_german_customers, germany_presence, company_type, funding, estimated_revenue, maturity, deployment_evidence, website, source, status, news_last_refreshed, created_at, updated_at, is_deleted, deleted_at) VALUES (?, ?, ?, ?, ?, ?, ?, ?, ?, ?, ?, ?, ?, ?, ?, ?, ?, ?, ?, ?, ?)]
[parameters: ('burkert-fluid-control-advanced-ai', 'Bürkert Fluid Control (Advanced AI)', 'Germany', 'Fluid Process AI for Beverages', '["1", "9", "10"]', '["Process control AI for beverage CIP", "mixing AI", "filling AI integration"]', '["German dairy", "brewery and soft drink processors (advanced B\\u00fcrkert AI module)"]', 'LOCAL HQ — Ingelfingen (Baden-Württemberg)', 'Incumbent (Private, family)', None, None, 3, 'German food fluid process AI (advanced Bürkert Flow+ AI at dairy and beverage plants)', 'https://burkert.com/', 'dataset', 'APPROVED', None, '2026-07-14 20:18:20.231853', '2026-07-14 20:18:20.231853', 0, None)]
(Background on this error at: https://sqlalche.me/e/20/gkpj) (Background on this error at: https://sqlalche.me/e/20/7s2a)
2026-07-15 01:48:20,470 - ERROR - Error importing problem at row 2: This Session's transaction has been rolled back due to a previous exception during flush. To begin a new transaction with this Session, first issue Session.rollback(). Original exception was: (sqlite3.IntegrityError) UNIQUE constraint failed: companies.website
[SQL: INSERT INTO companies (slug, name, country, ai_category, segment_tags, use_cases, top_german_customers, germany_presence, company_type, funding, estimated_revenue, maturity, deployment_evidence, website, source, status, news_last_refreshed, created_at, updated_at, is_deleted, deleted_at) VALUES (?, ?, ?, ?, ?, ?, ?, ?, ?, ?, ?, ?, ?, ?, ?, ?, ?, ?, ?, ?, ?)]
[parameters: ('burkert-fluid-control-advanced-ai', 'Bürkert Fluid Control (Advanced AI)', 'Germany', 'Fluid Process AI for Beverages', '["1", "9", "10"]', '["Process control AI for beverage CIP", "mixing AI", "filling AI integration"]', '["German dairy", "brewery and soft drink processors (advanced B\\u00fcrkert AI module)"]', 'LOCAL HQ — Ingelfingen (Baden-Württemberg)', 'Incumbent (Private, family)', None, None, 3, 'German food fluid process AI (advanced Bürkert Flow+ AI at dairy and beverage plants)', 'https://burkert.com/', 'dataset', 'APPROVED', None, '2026-07-14 20:18:20.231853', '2026-07-14 20:18:20.231853', 0, None)]
(Background on this error at: https://sqlalche.me/e/20/gkpj) (Background on this error at: https://sqlalche.me/e/20/7s2a)
2026-07-15 01:48:20,472 - ERROR - Error importing problem at row 3: This Session's transaction has been rolled back due to a previous exception during flush. To begin a new transaction with this Session, first issue Session.rollback(). Original exception was: (sqlite3.IntegrityError) UNIQUE constraint failed: companies.website
[SQL: INSERT INTO companies (slug, name, country, ai_category, segment_tags, use_cases, top_german_customers, germany_presence, company_type, funding, estimated_revenue, maturity, deployment_evidence, website, source, status, news_last_refreshed, created_at, updated_at, is_deleted, deleted_at) VALUES (?, ?, ?, ?, ?, ?, ?, ?, ?, ?, ?, ?, ?, ?, ?, ?, ?, ?, ?, ?, ?)]
[parameters: ('burkert-fluid-control-advanced-ai', 'Bürkert Fluid Control (Advanced AI)', 'Germany', 'Fluid Process AI for Beverages', '["1", "9", "10"]', '["Process control AI for beverage CIP", "mixing AI", "filling AI integration"]', '["German dairy", "brewery and soft drink processors (advanced B\\u00fcrkert AI module)"]', 'LOCAL HQ — Ingelfingen (Baden-Württemberg)', 'Incumbent (Private, family)', None, None, 3, 'German food fluid process AI (advanced Bürkert Flow+ AI at dairy and beverage plants)', 'https://burkert.com/', 'dataset', 'APPROVED', None, '2026-07-14 20:18:20.231853', '2026-07-14 20:18:20.231853', 0, None)]
(Background on this error at: https://sqlalche.me/e/20/gkpj) (Background on this error at: https://sqlalche.me/e/20/7s2a)
2026-07-15 01:48:20,476 - ERROR - Error importing problem at row 4: This Session's transaction has been rolled back due to a previous exception during flush. To begin a new transaction with this Session, first issue Session.rollback(). Original exception was: (sqlite3.IntegrityError) UNIQUE constraint failed: companies.website
[SQL: INSERT INTO companies (slug, name, country, ai_category, segment_tags, use_cases, top_german_customers, germany_presence, company_type, funding, estimated_revenue, maturity, deployment_evidence, website, source, status, news_last_refreshed, created_at, updated_at, is_deleted, deleted_at) VALUES (?, ?, ?, ?, ?, ?, ?, ?, ?, ?, ?, ?, ?, ?, ?, ?, ?, ?, ?, ?, ?)]
[parameters: ('burkert-fluid-control-advanced-ai', 'Bürkert Fluid Control (Advanced AI)', 'Germany', 'Fluid Process AI for Beverages', '["1", "9", "10"]', '["Process control AI for beverage CIP", "mixing AI", "filling AI integration"]', '["German dairy", "brewery and soft drink processors (advanced B\\u00fcrkert AI module)"]', 'LOCAL HQ — Ingelfingen (Baden-Württemberg)', 'Incumbent (Private, family)', None, None, 3, 'German food fluid process AI (advanced Bürkert Flow+ AI at dairy and beverage plants)', 'https://burkert.com/', 'dataset', 'APPROVED', None, '2026-07-14 20:18:20.231853', '2026-07-14 20:18:20.231853', 0, None)]
(Background on this error at: https://sqlalche.me/e/20/gkpj) (Background on this error at: https://sqlalche.me/e/20/7s2a)
2026-07-15 01:48:20,478 - ERROR - Error importing problem at row 5: This Session's transaction has been rolled back due to a previous exception during flush. To begin a new transaction with this Session, first issue Session.rollback(). Original exception was: (sqlite3.IntegrityError) UNIQUE constraint failed: companies.website
[SQL: INSERT INTO companies (slug, name, country, ai_category, segment_tags, use_cases, top_german_customers, germany_presence, company_type, funding, estimated_revenue, maturity, deployment_evidence, website, source, status, news_last_refreshed, created_at, updated_at, is_deleted, deleted_at) VALUES (?, ?, ?, ?, ?, ?, ?, ?, ?, ?, ?, ?, ?, ?, ?, ?, ?, ?, ?, ?, ?)]
[parameters: ('burkert-fluid-control-advanced-ai', 'Bürkert Fluid Control (Advanced AI)', 'Germany', 'Fluid Process AI for Beverages', '["1", "9", "10"]', '["Process control AI for beverage CIP", "mixing AI", "filling AI integration"]', '["German dairy", "brewery and soft drink processors (advanced B\\u00fcrkert AI module)"]', 'LOCAL HQ — Ingelfingen (Baden-Württemberg)', 'Incumbent (Private, family)', None, None, 3, 'German food fluid process AI (advanced Bürkert Flow+ AI at dairy and beverage plants)', 'https://burkert.com/', 'dataset', 'APPROVED', None, '2026-07-14 20:18:20.231853', '2026-07-14 20:18:20.231853', 0, None)]
(Background on this error at: https://sqlalche.me/e/20/gkpj) (Background on this error at: https://sqlalche.me/e/20/7s2a)
2026-07-15 01:48:20,480 - ERROR - Error importing problem at row 6: This Session's transaction has been rolled back due to a previous exception during flush. To begin a new transaction with this Session, first issue Session.rollback(). Original exception was: (sqlite3.IntegrityError) UNIQUE constraint failed: companies.website
[SQL: INSERT INTO companies (slug, name, country, ai_category, segment_tags, use_cases, top_german_customers, germany_presence, company_type, funding, estimated_revenue, maturity, deployment_evidence, website, source, status, news_last_refreshed, created_at, updated_at, is_deleted, deleted_at) VALUES (?, ?, ?, ?, ?, ?, ?, ?, ?, ?, ?, ?, ?, ?, ?, ?, ?, ?, ?, ?, ?)]
[parameters: ('burkert-fluid-control-advanced-ai', 'Bürkert Fluid Control (Advanced AI)', 'Germany', 'Fluid Process AI for Beverages', '["1", "9", "10"]', '["Process control AI for beverage CIP", "mixing AI", "filling AI integration"]', '["German dairy", "brewery and soft drink processors (advanced B\\u00fcrkert AI module)"]', 'LOCAL HQ — Ingelfingen (Baden-Württemberg)', 'Incumbent (Private, family)', None, None, 3, 'German food fluid process AI (advanced Bürkert Flow+ AI at dairy and beverage plants)', 'https://burkert.com/', 'dataset', 'APPROVED', None, '2026-07-14 20:18:20.231853', '2026-07-14 20:18:20.231853', 0, None)]
(Background on this error at: https://sqlalche.me/e/20/gkpj) (Background on this error at: https://sqlalche.me/e/20/7s2a)
2026-07-15 01:48:20,483 - ERROR - Error importing problem at row 7: This Session's transaction has been rolled back due to a previous exception during flush. To begin a new transaction with this Session, first issue Session.rollback(). Original exception was: (sqlite3.IntegrityError) UNIQUE constraint failed: companies.website
[SQL: INSERT INTO companies (slug, name, country, ai_category, segment_tags, use_cases, top_german_customers, germany_presence, company_type, funding, estimated_revenue, maturity, deployment_evidence, website, source, status, news_last_refreshed, created_at, updated_at, is_deleted, deleted_at) VALUES (?, ?, ?, ?, ?, ?, ?, ?, ?, ?, ?, ?, ?, ?, ?, ?, ?, ?, ?, ?, ?)]
[parameters: ('burkert-fluid-control-advanced-ai', 'Bürkert Fluid Control (Advanced AI)', 'Germany', 'Fluid Process AI for Beverages', '["1", "9", "10"]', '["Process control AI for beverage CIP", "mixing AI", "filling AI integration"]', '["German dairy", "brewery and soft drink processors (advanced B\\u00fcrkert AI module)"]', 'LOCAL HQ — Ingelfingen (Baden-Württemberg)', 'Incumbent (Private, family)', None, None, 3, 'German food fluid process AI (advanced Bürkert Flow+ AI at dairy and beverage plants)', 'https://burkert.com/', 'dataset', 'APPROVED', None, '2026-07-14 20:18:20.231853', '2026-07-14 20:18:20.231853', 0, None)]
(Background on this error at: https://sqlalche.me/e/20/gkpj) (Background on this error at: https://sqlalche.me/e/20/7s2a)
2026-07-15 01:48:20,484 - ERROR - Error importing problem at row 8: This Session's transaction has been rolled back due to a previous exception during flush. To begin a new transaction with this Session, first issue Session.rollback(). Original exception was: (sqlite3.IntegrityError) UNIQUE constraint failed: companies.website
[SQL: INSERT INTO companies (slug, name, country, ai_category, segment_tags, use_cases, top_german_customers, germany_presence, company_type, funding, estimated_revenue, maturity, deployment_evidence, website, source, status, news_last_refreshed, created_at, updated_at, is_deleted, deleted_at) VALUES (?, ?, ?, ?, ?, ?, ?, ?, ?, ?, ?, ?, ?, ?, ?, ?, ?, ?, ?, ?, ?)]
[parameters: ('burkert-fluid-control-advanced-ai', 'Bürkert Fluid Control (Advanced AI)', 'Germany', 'Fluid Process AI for Beverages', '["1", "9", "10"]', '["Process control AI for beverage CIP", "mixing AI", "filling AI integration"]', '["German dairy", "brewery and soft drink processors (advanced B\\u00fcrkert AI module)"]', 'LOCAL HQ — Ingelfingen (Baden-Württemberg)', 'Incumbent (Private, family)', None, None, 3, 'German food fluid process AI (advanced Bürkert Flow+ AI at dairy and beverage plants)', 'https://burkert.com/', 'dataset', 'APPROVED', None, '2026-07-14 20:18:20.231853', '2026-07-14 20:18:20.231853', 0, None)]
(Background on this error at: https://sqlalche.me/e/20/gkpj) (Background on this error at: https://sqlalche.me/e/20/7s2a)
2026-07-15 01:48:20,486 - ERROR - Error importing problem at row 9: This Session's transaction has been rolled back due to a previous exception during flush. To begin a new transaction with this Session, first issue Session.rollback(). Original exception was: (sqlite3.IntegrityError) UNIQUE constraint failed: companies.website
[SQL: INSERT INTO companies (slug, name, country, ai_category, segment_tags, use_cases, top_german_customers, germany_presence, company_type, funding, estimated_revenue, maturity, deployment_evidence, website, source, status, news_last_refreshed, created_at, updated_at, is_deleted, deleted_at) VALUES (?, ?, ?, ?, ?, ?, ?, ?, ?, ?, ?, ?, ?, ?, ?, ?, ?, ?, ?, ?, ?)]
[parameters: ('burkert-fluid-control-advanced-ai', 'Bürkert Fluid Control (Advanced AI)', 'Germany', 'Fluid Process AI for Beverages', '["1", "9", "10"]', '["Process control AI for beverage CIP", "mixing AI", "filling AI integration"]', '["German dairy", "brewery and soft drink processors (advanced B\\u00fcrkert AI module)"]', 'LOCAL HQ — Ingelfingen (Baden-Württemberg)', 'Incumbent (Private, family)', None, None, 3, 'German food fluid process AI (advanced Bürkert Flow+ AI at dairy and beverage plants)', 'https://burkert.com/', 'dataset', 'APPROVED', None, '2026-07-14 20:18:20.231853', '2026-07-14 20:18:20.231853', 0, None)]
(Background on this error at: https://sqlalche.me/e/20/gkpj) (Background on this error at: https://sqlalche.me/e/20/7s2a)
2026-07-15 01:48:20,488 - ERROR - Error importing problem at row 10: This Session's transaction has been rolled back due to a previous exception during flush. To begin a new transaction with this Session, first issue Session.rollback(). Original exception was: (sqlite3.IntegrityError) UNIQUE constraint failed: companies.website
[SQL: INSERT INTO companies (slug, name, country, ai_category, segment_tags, use_cases, top_german_customers, germany_presence, company_type, funding, estimated_revenue, maturity, deployment_evidence, website, source, status, news_last_refreshed, created_at, updated_at, is_deleted, deleted_at) VALUES (?, ?, ?, ?, ?, ?, ?, ?, ?, ?, ?, ?, ?, ?, ?, ?, ?, ?, ?, ?, ?)]
[parameters: ('burkert-fluid-control-advanced-ai', 'Bürkert Fluid Control (Advanced AI)', 'Germany', 'Fluid Process AI for Beverages', '["1", "9", "10"]', '["Process control AI for beverage CIP", "mixing AI", "filling AI integration"]', '["German dairy", "brewery and soft drink processors (advanced B\\u00fcrkert AI module)"]', 'LOCAL HQ — Ingelfingen (Baden-Württemberg)', 'Incumbent (Private, family)', None, None, 3, 'German food fluid process AI (advanced Bürkert Flow+ AI at dairy and beverage plants)', 'https://burkert.com/', 'dataset', 'APPROVED', None, '2026-07-14 20:18:20.231853', '2026-07-14 20:18:20.231853', 0, None)]
(Background on this error at: https://sqlalche.me/e/20/gkpj) (Background on this error at: https://sqlalche.me/e/20/7s2a)
2026-07-15 01:48:20,490 - ERROR - Error importing problem at row 11: This Session's transaction has been rolled back due to a previous exception during flush. To begin a new transaction with this Session, first issue Session.rollback(). Original exception was: (sqlite3.IntegrityError) UNIQUE constraint failed: companies.website
[SQL: INSERT INTO companies (slug, name, country, ai_category, segment_tags, use_cases, top_german_customers, germany_presence, company_type, funding, estimated_revenue, maturity, deployment_evidence, website, source, status, news_last_refreshed, created_at, updated_at, is_deleted, deleted_at) VALUES (?, ?, ?, ?, ?, ?, ?, ?, ?, ?, ?, ?, ?, ?, ?, ?, ?, ?, ?, ?, ?)]
[parameters: ('burkert-fluid-control-advanced-ai', 'Bürkert Fluid Control (Advanced AI)', 'Germany', 'Fluid Process AI for Beverages', '["1", "9", "10"]', '["Process control AI for beverage CIP", "mixing AI", "filling AI integration"]', '["German dairy", "brewery and soft drink processors (advanced B\\u00fcrkert AI module)"]', 'LOCAL HQ — Ingelfingen (Baden-Württemberg)', 'Incumbent (Private, family)', None, None, 3, 'German food fluid process AI (advanced Bürkert Flow+ AI at dairy and beverage plants)', 'https://burkert.com/', 'dataset', 'APPROVED', None, '2026-07-14 20:18:20.231853', '2026-07-14 20:18:20.231853', 0, None)]
(Background on this error at: https://sqlalche.me/e/20/gkpj) (Background on this error at: https://sqlalche.me/e/20/7s2a)
2026-07-15 01:48:20,493 - ERROR - Error importing problem at row 12: This Session's transaction has been rolled back due to a previous exception during flush. To begin a new transaction with this Session, first issue Session.rollback(). Original exception was: (sqlite3.IntegrityError) UNIQUE constraint failed: companies.website
[SQL: INSERT INTO companies (slug, name, country, ai_category, segment_tags, use_cases, top_german_customers, germany_presence, company_type, funding, estimated_revenue, maturity, deployment_evidence, website, source, status, news_last_refreshed, created_at, updated_at, is_deleted, deleted_at) VALUES (?, ?, ?, ?, ?, ?, ?, ?, ?, ?, ?, ?, ?, ?, ?, ?, ?, ?, ?, ?, ?)]
[parameters: ('burkert-fluid-control-advanced-ai', 'Bürkert Fluid Control (Advanced AI)', 'Germany', 'Fluid Process AI for Beverages', '["1", "9", "10"]', '["Process control AI for beverage CIP", "mixing AI", "filling AI integration"]', '["German dairy", "brewery and soft drink processors (advanced B\\u00fcrkert AI module)"]', 'LOCAL HQ — Ingelfingen (Baden-Württemberg)', 'Incumbent (Private, family)', None, None, 3, 'German food fluid process AI (advanced Bürkert Flow+ AI at dairy and beverage plants)', 'https://burkert.com/', 'dataset', 'APPROVED', None, '2026-07-14 20:18:20.231853', '2026-07-14 20:18:20.231853', 0, None)]
(Background on this error at: https://sqlalche.me/e/20/gkpj) (Background on this error at: https://sqlalche.me/e/20/7s2a)
2026-07-15 01:48:20,495 - ERROR - Error importing problem at row 13: This Session's transaction has been rolled back due to a previous exception during flush. To begin a new transaction with this Session, first issue Session.rollback(). Original exception was: (sqlite3.IntegrityError) UNIQUE constraint failed: companies.website
[SQL: INSERT INTO companies (slug, name, country, ai_category, segment_tags, use_cases, top_german_customers, germany_presence, company_type, funding, estimated_revenue, maturity, deployment_evidence, website, source, status, news_last_refreshed, created_at, updated_at, is_deleted, deleted_at) VALUES (?, ?, ?, ?, ?, ?, ?, ?, ?, ?, ?, ?, ?, ?, ?, ?, ?, ?, ?, ?, ?)]
[parameters: ('burkert-fluid-control-advanced-ai', 'Bürkert Fluid Control (Advanced AI)', 'Germany', 'Fluid Process AI for Beverages', '["1", "9", "10"]', '["Process control AI for beverage CIP", "mixing AI", "filling AI integration"]', '["German dairy", "brewery and soft drink processors (advanced B\\u00fcrkert AI module)"]', 'LOCAL HQ — Ingelfingen (Baden-Württemberg)', 'Incumbent (Private, family)', None, None, 3, 'German food fluid process AI (advanced Bürkert Flow+ AI at dairy and beverage plants)', 'https://burkert.com/', 'dataset', 'APPROVED', None, '2026-07-14 20:18:20.231853', '2026-07-14 20:18:20.231853', 0, None)]
(Background on this error at: https://sqlalche.me/e/20/gkpj) (Background on this error at: https://sqlalche.me/e/20/7s2a)
2026-07-15 01:48:20,497 - ERROR - Error importing problem at row 14: This Session's transaction has been rolled back due to a previous exception during flush. To begin a new transaction with this Session, first issue Session.rollback(). Original exception was: (sqlite3.IntegrityError) UNIQUE constraint failed: companies.website
[SQL: INSERT INTO companies (slug, name, country, ai_category, segment_tags, use_cases, top_german_customers, germany_presence, company_type, funding, estimated_revenue, maturity, deployment_evidence, website, source, status, news_last_refreshed, created_at, updated_at, is_deleted, deleted_at) VALUES (?, ?, ?, ?, ?, ?, ?, ?, ?, ?, ?, ?, ?, ?, ?, ?, ?, ?, ?, ?, ?)]
[parameters: ('burkert-fluid-control-advanced-ai', 'Bürkert Fluid Control (Advanced AI)', 'Germany', 'Fluid Process AI for Beverages', '["1", "9", "10"]', '["Process control AI for beverage CIP", "mixing AI", "filling AI integration"]', '["German dairy", "brewery and soft drink processors (advanced B\\u00fcrkert AI module)"]', 'LOCAL HQ — Ingelfingen (Baden-Württemberg)', 'Incumbent (Private, family)', None, None, 3, 'German food fluid process AI (advanced Bürkert Flow+ AI at dairy and beverage plants)', 'https://burkert.com/', 'dataset', 'APPROVED', None, '2026-07-14 20:18:20.231853', '2026-07-14 20:18:20.231853', 0, None)]
(Background on this error at: https://sqlalche.me/e/20/gkpj) (Background on this error at: https://sqlalche.me/e/20/7s2a)
2026-07-15 01:48:20,498 - ERROR - Error importing problem at row 15: This Session's transaction has been rolled back due to a previous exception during flush. To begin a new transaction with this Session, first issue Session.rollback(). Original exception was: (sqlite3.IntegrityError) UNIQUE constraint failed: companies.website
[SQL: INSERT INTO companies (slug, name, country, ai_category, segment_tags, use_cases, top_german_customers, germany_presence, company_type, funding, estimated_revenue, maturity, deployment_evidence, website, source, status, news_last_refreshed, created_at, updated_at, is_deleted, deleted_at) VALUES (?, ?, ?, ?, ?, ?, ?, ?, ?, ?, ?, ?, ?, ?, ?, ?, ?, ?, ?, ?, ?)]
[parameters: ('burkert-fluid-control-advanced-ai', 'Bürkert Fluid Control (Advanced AI)', 'Germany', 'Fluid Process AI for Beverages', '["1", "9", "10"]', '["Process control AI for beverage CIP", "mixing AI", "filling AI integration"]', '["German dairy", "brewery and soft drink processors (advanced B\\u00fcrkert AI module)"]', 'LOCAL HQ — Ingelfingen (Baden-Württemberg)', 'Incumbent (Private, family)', None, None, 3, 'German food fluid process AI (advanced Bürkert Flow+ AI at dairy and beverage plants)', 'https://burkert.com/', 'dataset', 'APPROVED', None, '2026-07-14 20:18:20.231853', '2026-07-14 20:18:20.231853', 0, None)]
(Background on this error at: https://sqlalche.me/e/20/gkpj) (Background on this error at: https://sqlalche.me/e/20/7s2a)
2026-07-15 01:48:20,500 - ERROR - Error importing problem at row 16: This Session's transaction has been rolled back due to a previous exception during flush. To begin a new transaction with this Session, first issue Session.rollback(). Original exception was: (sqlite3.IntegrityError) UNIQUE constraint failed: companies.website
[SQL: INSERT INTO companies (slug, name, country, ai_category, segment_tags, use_cases, top_german_customers, germany_presence, company_type, funding, estimated_revenue, maturity, deployment_evidence, website, source, status, news_last_refreshed, created_at, updated_at, is_deleted, deleted_at) VALUES (?, ?, ?, ?, ?, ?, ?, ?, ?, ?, ?, ?, ?, ?, ?, ?, ?, ?, ?, ?, ?)]
[parameters: ('burkert-fluid-control-advanced-ai', 'Bürkert Fluid Control (Advanced AI)', 'Germany', 'Fluid Process AI for Beverages', '["1", "9", "10"]', '["Process control AI for beverage CIP", "mixing AI", "filling AI integration"]', '["German dairy", "brewery and soft drink processors (advanced B\\u00fcrkert AI module)"]', 'LOCAL HQ — Ingelfingen (Baden-Württemberg)', 'Incumbent (Private, family)', None, None, 3, 'German food fluid process AI (advanced Bürkert Flow+ AI at dairy and beverage plants)', 'https://burkert.com/', 'dataset', 'APPROVED', None, '2026-07-14 20:18:20.231853', '2026-07-14 20:18:20.231853', 0, None)]
(Background on this error at: https://sqlalche.me/e/20/gkpj) (Background on this error at: https://sqlalche.me/e/20/7s2a)
2026-07-15 01:48:20,502 - ERROR - Error importing problem at row 17: This Session's transaction has been rolled back due to a previous exception during flush. To begin a new transaction with this Session, first issue Session.rollback(). Original exception was: (sqlite3.IntegrityError) UNIQUE constraint failed: companies.website
[SQL: INSERT INTO companies (slug, name, country, ai_category, segment_tags, use_cases, top_german_customers, germany_presence, company_type, funding, estimated_revenue, maturity, deployment_evidence, website, source, status, news_last_refreshed, created_at, updated_at, is_deleted, deleted_at) VALUES (?, ?, ?, ?, ?, ?, ?, ?, ?, ?, ?, ?, ?, ?, ?, ?, ?, ?, ?, ?, ?)]
[parameters: ('burkert-fluid-control-advanced-ai', 'Bürkert Fluid Control (Advanced AI)', 'Germany', 'Fluid Process AI for Beverages', '["1", "9", "10"]', '["Process control AI for beverage CIP", "mixing AI", "filling AI integration"]', '["German dairy", "brewery and soft drink processors (advanced B\\u00fcrkert AI module)"]', 'LOCAL HQ — Ingelfingen (Baden-Württemberg)', 'Incumbent (Private, family)', None, None, 3, 'German food fluid process AI (advanced Bürkert Flow+ AI at dairy and beverage plants)', 'https://burkert.com/', 'dataset', 'APPROVED', None, '2026-07-14 20:18:20.231853', '2026-07-14 20:18:20.231853', 0, None)]
(Background on this error at: https://sqlalche.me/e/20/gkpj) (Background on this error at: https://sqlalche.me/e/20/7s2a)
2026-07-15 01:48:20,503 - ERROR - Error importing problem at row 18: This Session's transaction has been rolled back due to a previous exception during flush. To begin a new transaction with this Session, first issue Session.rollback(). Original exception was: (sqlite3.IntegrityError) UNIQUE constraint failed: companies.website
[SQL: INSERT INTO companies (slug, name, country, ai_category, segment_tags, use_cases, top_german_customers, germany_presence, company_type, funding, estimated_revenue, maturity, deployment_evidence, website, source, status, news_last_refreshed, created_at, updated_at, is_deleted, deleted_at) VALUES (?, ?, ?, ?, ?, ?, ?, ?, ?, ?, ?, ?, ?, ?, ?, ?, ?, ?, ?, ?, ?)]
[parameters: ('burkert-fluid-control-advanced-ai', 'Bürkert Fluid Control (Advanced AI)', 'Germany', 'Fluid Process AI for Beverages', '["1", "9", "10"]', '["Process control AI for beverage CIP", "mixing AI", "filling AI integration"]', '["German dairy", "brewery and soft drink processors (advanced B\\u00fcrkert AI module)"]', 'LOCAL HQ — Ingelfingen (Baden-Württemberg)', 'Incumbent (Private, family)', None, None, 3, 'German food fluid process AI (advanced Bürkert Flow+ AI at dairy and beverage plants)', 'https://burkert.com/', 'dataset', 'APPROVED', None, '2026-07-14 20:18:20.231853', '2026-07-14 20:18:20.231853', 0, None)]
(Background on this error at: https://sqlalche.me/e/20/gkpj) (Background on this error at: https://sqlalche.me/e/20/7s2a)
2026-07-15 01:48:20,505 - ERROR - Error importing problem at row 19: This Session's transaction has been rolled back due to a previous exception during flush. To begin a new transaction with this Session, first issue Session.rollback(). Original exception was: (sqlite3.IntegrityError) UNIQUE constraint failed: companies.website
[SQL: INSERT INTO companies (slug, name, country, ai_category, segment_tags, use_cases, top_german_customers, germany_presence, company_type, funding, estimated_revenue, maturity, deployment_evidence, website, source, status, news_last_refreshed, created_at, updated_at, is_deleted, deleted_at) VALUES (?, ?, ?, ?, ?, ?, ?, ?, ?, ?, ?, ?, ?, ?, ?, ?, ?, ?, ?, ?, ?)]
[parameters: ('burkert-fluid-control-advanced-ai', 'Bürkert Fluid Control (Advanced AI)', 'Germany', 'Fluid Process AI for Beverages', '["1", "9", "10"]', '["Process control AI for beverage CIP", "mixing AI", "filling AI integration"]', '["German dairy", "brewery and soft drink processors (advanced B\\u00fcrkert AI module)"]', 'LOCAL HQ — Ingelfingen (Baden-Württemberg)', 'Incumbent (Private, family)', None, None, 3, 'German food fluid process AI (advanced Bürkert Flow+ AI at dairy and beverage plants)', 'https://burkert.com/', 'dataset', 'APPROVED', None, '2026-07-14 20:18:20.231853', '2026-07-14 20:18:20.231853', 0, None)]
(Background on this error at: https://sqlalche.me/e/20/gkpj) (Background on this error at: https://sqlalche.me/e/20/7s2a)
2026-07-15 01:48:20,508 - ERROR - Error importing problem at row 20: This Session's transaction has been rolled back due to a previous exception during flush. To begin a new transaction with this Session, first issue Session.rollback(). Original exception was: (sqlite3.IntegrityError) UNIQUE constraint failed: companies.website
[SQL: INSERT INTO companies (slug, name, country, ai_category, segment_tags, use_cases, top_german_customers, germany_presence, company_type, funding, estimated_revenue, maturity, deployment_evidence, website, source, status, news_last_refreshed, created_at, updated_at, is_deleted, deleted_at) VALUES (?, ?, ?, ?, ?, ?, ?, ?, ?, ?, ?, ?, ?, ?, ?, ?, ?, ?, ?, ?, ?)]
[parameters: ('burkert-fluid-control-advanced-ai', 'Bürkert Fluid Control (Advanced AI)', 'Germany', 'Fluid Process AI for Beverages', '["1", "9", "10"]', '["Process control AI for beverage CIP", "mixing AI", "filling AI integration"]', '["German dairy", "brewery and soft drink processors (advanced B\\u00fcrkert AI module)"]', 'LOCAL HQ — Ingelfingen (Baden-Württemberg)', 'Incumbent (Private, family)', None, None, 3, 'German food fluid process AI (advanced Bürkert Flow+ AI at dairy and beverage plants)', 'https://burkert.com/', 'dataset', 'APPROVED', None, '2026-07-14 20:18:20.231853', '2026-07-14 20:18:20.231853', 0, None)]
(Background on this error at: https://sqlalche.me/e/20/gkpj) (Background on this error at: https://sqlalche.me/e/20/7s2a)
2026-07-15 01:48:20,510 - ERROR - Error importing problem at row 21: This Session's transaction has been rolled back due to a previous exception during flush. To begin a new transaction with this Session, first issue Session.rollback(). Original exception was: (sqlite3.IntegrityError) UNIQUE constraint failed: companies.website
[SQL: INSERT INTO companies (slug, name, country, ai_category, segment_tags, use_cases, top_german_customers, germany_presence, company_type, funding, estimated_revenue, maturity, deployment_evidence, website, source, status, news_last_refreshed, created_at, updated_at, is_deleted, deleted_at) VALUES (?, ?, ?, ?, ?, ?, ?, ?, ?, ?, ?, ?, ?, ?, ?, ?, ?, ?, ?, ?, ?)]
[parameters: ('burkert-fluid-control-advanced-ai', 'Bürkert Fluid Control (Advanced AI)', 'Germany', 'Fluid Process AI for Beverages', '["1", "9", "10"]', '["Process control AI for beverage CIP", "mixing AI", "filling AI integration"]', '["German dairy", "brewery and soft drink processors (advanced B\\u00fcrkert AI module)"]', 'LOCAL HQ — Ingelfingen (Baden-Württemberg)', 'Incumbent (Private, family)', None, None, 3, 'German food fluid process AI (advanced Bürkert Flow+ AI at dairy and beverage plants)', 'https://burkert.com/', 'dataset', 'APPROVED', None, '2026-07-14 20:18:20.231853', '2026-07-14 20:18:20.231853', 0, None)]
(Background on this error at: https://sqlalche.me/e/20/gkpj) (Background on this error at: https://sqlalche.me/e/20/7s2a)
2026-07-15 01:48:20,512 - ERROR - Error importing problem at row 22: This Session's transaction has been rolled back due to a previous exception during flush. To begin a new transaction with this Session, first issue Session.rollback(). Original exception was: (sqlite3.IntegrityError) UNIQUE constraint failed: companies.website
[SQL: INSERT INTO companies (slug, name, country, ai_category, segment_tags, use_cases, top_german_customers, germany_presence, company_type, funding, estimated_revenue, maturity, deployment_evidence, website, source, status, news_last_refreshed, created_at, updated_at, is_deleted, deleted_at) VALUES (?, ?, ?, ?, ?, ?, ?, ?, ?, ?, ?, ?, ?, ?, ?, ?, ?, ?, ?, ?, ?)]
[parameters: ('burkert-fluid-control-advanced-ai', 'Bürkert Fluid Control (Advanced AI)', 'Germany', 'Fluid Process AI for Beverages', '["1", "9", "10"]', '["Process control AI for beverage CIP", "mixing AI", "filling AI integration"]', '["German dairy", "brewery and soft drink processors (advanced B\\u00fcrkert AI module)"]', 'LOCAL HQ — Ingelfingen (Baden-Württemberg)', 'Incumbent (Private, family)', None, None, 3, 'German food fluid process AI (advanced Bürkert Flow+ AI at dairy and beverage plants)', 'https://burkert.com/', 'dataset', 'APPROVED', None, '2026-07-14 20:18:20.231853', '2026-07-14 20:18:20.231853', 0, None)]
(Background on this error at: https://sqlalche.me/e/20/gkpj) (Background on this error at: https://sqlalche.me/e/20/7s2a)
2026-07-15 01:48:20,513 - ERROR - Error importing problem at row 23: This Session's transaction has been rolled back due to a previous exception during flush. To begin a new transaction with this Session, first issue Session.rollback(). Original exception was: (sqlite3.IntegrityError) UNIQUE constraint failed: companies.website
[SQL: INSERT INTO companies (slug, name, country, ai_category, segment_tags, use_cases, top_german_customers, germany_presence, company_type, funding, estimated_revenue, maturity, deployment_evidence, website, source, status, news_last_refreshed, created_at, updated_at, is_deleted, deleted_at) VALUES (?, ?, ?, ?, ?, ?, ?, ?, ?, ?, ?, ?, ?, ?, ?, ?, ?, ?, ?, ?, ?)]
[parameters: ('burkert-fluid-control-advanced-ai', 'Bürkert Fluid Control (Advanced AI)', 'Germany', 'Fluid Process AI for Beverages', '["1", "9", "10"]', '["Process control AI for beverage CIP", "mixing AI", "filling AI integration"]', '["German dairy", "brewery and soft drink processors (advanced B\\u00fcrkert AI module)"]', 'LOCAL HQ — Ingelfingen (Baden-Württemberg)', 'Incumbent (Private, family)', None, None, 3, 'German food fluid process AI (advanced Bürkert Flow+ AI at dairy and beverage plants)', 'https://burkert.com/', 'dataset', 'APPROVED', None, '2026-07-14 20:18:20.231853', '2026-07-14 20:18:20.231853', 0, None)]
(Background on this error at: https://sqlalche.me/e/20/gkpj) (Background on this error at: https://sqlalche.me/e/20/7s2a)
2026-07-15 01:48:20,515 - ERROR - Error importing problem at row 24: This Session's transaction has been rolled back due to a previous exception during flush. To begin a new transaction with this Session, first issue Session.rollback(). Original exception was: (sqlite3.IntegrityError) UNIQUE constraint failed: companies.website
[SQL: INSERT INTO companies (slug, name, country, ai_category, segment_tags, use_cases, top_german_customers, germany_presence, company_type, funding, estimated_revenue, maturity, deployment_evidence, website, source, status, news_last_refreshed, created_at, updated_at, is_deleted, deleted_at) VALUES (?, ?, ?, ?, ?, ?, ?, ?, ?, ?, ?, ?, ?, ?, ?, ?, ?, ?, ?, ?, ?)]
[parameters: ('burkert-fluid-control-advanced-ai', 'Bürkert Fluid Control (Advanced AI)', 'Germany', 'Fluid Process AI for Beverages', '["1", "9", "10"]', '["Process control AI for beverage CIP", "mixing AI", "filling AI integration"]', '["German dairy", "brewery and soft drink processors (advanced B\\u00fcrkert AI module)"]', 'LOCAL HQ — Ingelfingen (Baden-Württemberg)', 'Incumbent (Private, family)', None, None, 3, 'German food fluid process AI (advanced Bürkert Flow+ AI at dairy and beverage plants)', 'https://burkert.com/', 'dataset', 'APPROVED', None, '2026-07-14 20:18:20.231853', '2026-07-14 20:18:20.231853', 0, None)]
(Background on this error at: https://sqlalche.me/e/20/gkpj) (Background on this error at: https://sqlalche.me/e/20/7s2a)
2026-07-15 01:48:20,517 - ERROR - Error importing problem at row 25: This Session's transaction has been rolled back due to a previous exception during flush. To begin a new transaction with this Session, first issue Session.rollback(). Original exception was: (sqlite3.IntegrityError) UNIQUE constraint failed: companies.website
[SQL: INSERT INTO companies (slug, name, country, ai_category, segment_tags, use_cases, top_german_customers, germany_presence, company_type, funding, estimated_revenue, maturity, deployment_evidence, website, source, status, news_last_refreshed, created_at, updated_at, is_deleted, deleted_at) VALUES (?, ?, ?, ?, ?, ?, ?, ?, ?, ?, ?, ?, ?, ?, ?, ?, ?, ?, ?, ?, ?)]
[parameters: ('burkert-fluid-control-advanced-ai', 'Bürkert Fluid Control (Advanced AI)', 'Germany', 'Fluid Process AI for Beverages', '["1", "9", "10"]', '["Process control AI for beverage CIP", "mixing AI", "filling AI integration"]', '["German dairy", "brewery and soft drink processors (advanced B\\u00fcrkert AI module)"]', 'LOCAL HQ — Ingelfingen (Baden-Württemberg)', 'Incumbent (Private, family)', None, None, 3, 'German food fluid process AI (advanced Bürkert Flow+ AI at dairy and beverage plants)', 'https://burkert.com/', 'dataset', 'APPROVED', None, '2026-07-14 20:18:20.231853', '2026-07-14 20:18:20.231853', 0, None)]
(Background on this error at: https://sqlalche.me/e/20/gkpj) (Background on this error at: https://sqlalche.me/e/20/7s2a)
2026-07-15 01:48:20,518 - ERROR - Error importing problem at row 26: This Session's transaction has been rolled back due to a previous exception during flush. To begin a new transaction with this Session, first issue Session.rollback(). Original exception was: (sqlite3.IntegrityError) UNIQUE constraint failed: companies.website
[SQL: INSERT INTO companies (slug, name, country, ai_category, segment_tags, use_cases, top_german_customers, germany_presence, company_type, funding, estimated_revenue, maturity, deployment_evidence, website, source, status, news_last_refreshed, created_at, updated_at, is_deleted, deleted_at) VALUES (?, ?, ?, ?, ?, ?, ?, ?, ?, ?, ?, ?, ?, ?, ?, ?, ?, ?, ?, ?, ?)]
[parameters: ('burkert-fluid-control-advanced-ai', 'Bürkert Fluid Control (Advanced AI)', 'Germany', 'Fluid Process AI for Beverages', '["1", "9", "10"]', '["Process control AI for beverage CIP", "mixing AI", "filling AI integration"]', '["German dairy", "brewery and soft drink processors (advanced B\\u00fcrkert AI module)"]', 'LOCAL HQ — Ingelfingen (Baden-Württemberg)', 'Incumbent (Private, family)', None, None, 3, 'German food fluid process AI (advanced Bürkert Flow+ AI at dairy and beverage plants)', 'https://burkert.com/', 'dataset', 'APPROVED', None, '2026-07-14 20:18:20.231853', '2026-07-14 20:18:20.231853', 0, None)]
(Background on this error at: https://sqlalche.me/e/20/gkpj) (Background on this error at: https://sqlalche.me/e/20/7s2a)
2026-07-15 01:48:20,520 - ERROR - Error importing problem at row 27: This Session's transaction has been rolled back due to a previous exception during flush. To begin a new transaction with this Session, first issue Session.rollback(). Original exception was: (sqlite3.IntegrityError) UNIQUE constraint failed: companies.website
[SQL: INSERT INTO companies (slug, name, country, ai_category, segment_tags, use_cases, top_german_customers, germany_presence, company_type, funding, estimated_revenue, maturity, deployment_evidence, website, source, status, news_last_refreshed, created_at, updated_at, is_deleted, deleted_at) VALUES (?, ?, ?, ?, ?, ?, ?, ?, ?, ?, ?, ?, ?, ?, ?, ?, ?, ?, ?, ?, ?)]
[parameters: ('burkert-fluid-control-advanced-ai', 'Bürkert Fluid Control (Advanced AI)', 'Germany', 'Fluid Process AI for Beverages', '["1", "9", "10"]', '["Process control AI for beverage CIP", "mixing AI", "filling AI integration"]', '["German dairy", "brewery and soft drink processors (advanced B\\u00fcrkert AI module)"]', 'LOCAL HQ — Ingelfingen (Baden-Württemberg)', 'Incumbent (Private, family)', None, None, 3, 'German food fluid process AI (advanced Bürkert Flow+ AI at dairy and beverage plants)', 'https://burkert.com/', 'dataset', 'APPROVED', None, '2026-07-14 20:18:20.231853', '2026-07-14 20:18:20.231853', 0, None)]
(Background on this error at: https://sqlalche.me/e/20/gkpj) (Background on this error at: https://sqlalche.me/e/20/7s2a)
2026-07-15 01:48:20,522 - ERROR - Error importing problem at row 28: This Session's transaction has been rolled back due to a previous exception during flush. To begin a new transaction with this Session, first issue Session.rollback(). Original exception was: (sqlite3.IntegrityError) UNIQUE constraint failed: companies.website
[SQL: INSERT INTO companies (slug, name, country, ai_category, segment_tags, use_cases, top_german_customers, germany_presence, company_type, funding, estimated_revenue, maturity, deployment_evidence, website, source, status, news_last_refreshed, created_at, updated_at, is_deleted, deleted_at) VALUES (?, ?, ?, ?, ?, ?, ?, ?, ?, ?, ?, ?, ?, ?, ?, ?, ?, ?, ?, ?, ?)]
[parameters: ('burkert-fluid-control-advanced-ai', 'Bürkert Fluid Control (Advanced AI)', 'Germany', 'Fluid Process AI for Beverages', '["1", "9", "10"]', '["Process control AI for beverage CIP", "mixing AI", "filling AI integration"]', '["German dairy", "brewery and soft drink processors (advanced B\\u00fcrkert AI module)"]', 'LOCAL HQ — Ingelfingen (Baden-Württemberg)', 'Incumbent (Private, family)', None, None, 3, 'German food fluid process AI (advanced Bürkert Flow+ AI at dairy and beverage plants)', 'https://burkert.com/', 'dataset', 'APPROVED', None, '2026-07-14 20:18:20.231853', '2026-07-14 20:18:20.231853', 0, None)]
(Background on this error at: https://sqlalche.me/e/20/gkpj) (Background on this error at: https://sqlalche.me/e/20/7s2a)
2026-07-15 01:48:20,524 - ERROR - Error importing problem at row 29: This Session's transaction has been rolled back due to a previous exception during flush. To begin a new transaction with this Session, first issue Session.rollback(). Original exception was: (sqlite3.IntegrityError) UNIQUE constraint failed: companies.website
[SQL: INSERT INTO companies (slug, name, country, ai_category, segment_tags, use_cases, top_german_customers, germany_presence, company_type, funding, estimated_revenue, maturity, deployment_evidence, website, source, status, news_last_refreshed, created_at, updated_at, is_deleted, deleted_at) VALUES (?, ?, ?, ?, ?, ?, ?, ?, ?, ?, ?, ?, ?, ?, ?, ?, ?, ?, ?, ?, ?)]
[parameters: ('burkert-fluid-control-advanced-ai', 'Bürkert Fluid Control (Advanced AI)', 'Germany', 'Fluid Process AI for Beverages', '["1", "9", "10"]', '["Process control AI for beverage CIP", "mixing AI", "filling AI integration"]', '["German dairy", "brewery and soft drink processors (advanced B\\u00fcrkert AI module)"]', 'LOCAL HQ — Ingelfingen (Baden-Württemberg)', 'Incumbent (Private, family)', None, None, 3, 'German food fluid process AI (advanced Bürkert Flow+ AI at dairy and beverage plants)', 'https://burkert.com/', 'dataset', 'APPROVED', None, '2026-07-14 20:18:20.231853', '2026-07-14 20:18:20.231853', 0, None)]
(Background on this error at: https://sqlalche.me/e/20/gkpj) (Background on this error at: https://sqlalche.me/e/20/7s2a)
2026-07-15 01:48:20,526 - ERROR - Error importing problem at row 30: This Session's transaction has been rolled back due to a previous exception during flush. To begin a new transaction with this Session, first issue Session.rollback(). Original exception was: (sqlite3.IntegrityError) UNIQUE constraint failed: companies.website
[SQL: INSERT INTO companies (slug, name, country, ai_category, segment_tags, use_cases, top_german_customers, germany_presence, company_type, funding, estimated_revenue, maturity, deployment_evidence, website, source, status, news_last_refreshed, created_at, updated_at, is_deleted, deleted_at) VALUES (?, ?, ?, ?, ?, ?, ?, ?, ?, ?, ?, ?, ?, ?, ?, ?, ?, ?, ?, ?, ?)]
[parameters: ('burkert-fluid-control-advanced-ai', 'Bürkert Fluid Control (Advanced AI)', 'Germany', 'Fluid Process AI for Beverages', '["1", "9", "10"]', '["Process control AI for beverage CIP", "mixing AI", "filling AI integration"]', '["German dairy", "brewery and soft drink processors (advanced B\\u00fcrkert AI module)"]', 'LOCAL HQ — Ingelfingen (Baden-Württemberg)', 'Incumbent (Private, family)', None, None, 3, 'German food fluid process AI (advanced Bürkert Flow+ AI at dairy and beverage plants)', 'https://burkert.com/', 'dataset', 'APPROVED', None, '2026-07-14 20:18:20.231853', '2026-07-14 20:18:20.231853', 0, None)]
(Background on this error at: https://sqlalche.me/e/20/gkpj) (Background on this error at: https://sqlalche.me/e/20/7s2a)
2026-07-15 01:48:20,528 - ERROR - Error importing problem at row 31: This Session's transaction has been rolled back due to a previous exception during flush. To begin a new transaction with this Session, first issue Session.rollback(). Original exception was: (sqlite3.IntegrityError) UNIQUE constraint failed: companies.website
[SQL: INSERT INTO companies (slug, name, country, ai_category, segment_tags, use_cases, top_german_customers, germany_presence, company_type, funding, estimated_revenue, maturity, deployment_evidence, website, source, status, news_last_refreshed, created_at, updated_at, is_deleted, deleted_at) VALUES (?, ?, ?, ?, ?, ?, ?, ?, ?, ?, ?, ?, ?, ?, ?, ?, ?, ?, ?, ?, ?)]
[parameters: ('burkert-fluid-control-advanced-ai', 'Bürkert Fluid Control (Advanced AI)', 'Germany', 'Fluid Process AI for Beverages', '["1", "9", "10"]', '["Process control AI for beverage CIP", "mixing AI", "filling AI integration"]', '["German dairy", "brewery and soft drink processors (advanced B\\u00fcrkert AI module)"]', 'LOCAL HQ — Ingelfingen (Baden-Württemberg)', 'Incumbent (Private, family)', None, None, 3, 'German food fluid process AI (advanced Bürkert Flow+ AI at dairy and beverage plants)', 'https://burkert.com/', 'dataset', 'APPROVED', None, '2026-07-14 20:18:20.231853', '2026-07-14 20:18:20.231853', 0, None)]
(Background on this error at: https://sqlalche.me/e/20/gkpj) (Background on this error at: https://sqlalche.me/e/20/7s2a)
2026-07-15 01:48:20,530 - ERROR - Error importing problem at row 32: This Session's transaction has been rolled back due to a previous exception during flush. To begin a new transaction with this Session, first issue Session.rollback(). Original exception was: (sqlite3.IntegrityError) UNIQUE constraint failed: companies.website
[SQL: INSERT INTO companies (slug, name, country, ai_category, segment_tags, use_cases, top_german_customers, germany_presence, company_type, funding, estimated_revenue, maturity, deployment_evidence, website, source, status, news_last_refreshed, created_at, updated_at, is_deleted, deleted_at) VALUES (?, ?, ?, ?, ?, ?, ?, ?, ?, ?, ?, ?, ?, ?, ?, ?, ?, ?, ?, ?, ?)]
[parameters: ('burkert-fluid-control-advanced-ai', 'Bürkert Fluid Control (Advanced AI)', 'Germany', 'Fluid Process AI for Beverages', '["1", "9", "10"]', '["Process control AI for beverage CIP", "mixing AI", "filling AI integration"]', '["German dairy", "brewery and soft drink processors (advanced B\\u00fcrkert AI module)"]', 'LOCAL HQ — Ingelfingen (Baden-Württemberg)', 'Incumbent (Private, family)', None, None, 3, 'German food fluid process AI (advanced Bürkert Flow+ AI at dairy and beverage plants)', 'https://burkert.com/', 'dataset', 'APPROVED', None, '2026-07-14 20:18:20.231853', '2026-07-14 20:18:20.231853', 0, None)]
(Background on this error at: https://sqlalche.me/e/20/gkpj) (Background on this error at: https://sqlalche.me/e/20/7s2a)
2026-07-15 01:48:20,531 - ERROR - Error importing problem at row 33: This Session's transaction has been rolled back due to a previous exception during flush. To begin a new transaction with this Session, first issue Session.rollback(). Original exception was: (sqlite3.IntegrityError) UNIQUE constraint failed: companies.website
[SQL: INSERT INTO companies (slug, name, country, ai_category, segment_tags, use_cases, top_german_customers, germany_presence, company_type, funding, estimated_revenue, maturity, deployment_evidence, website, source, status, news_last_refreshed, created_at, updated_at, is_deleted, deleted_at) VALUES (?, ?, ?, ?, ?, ?, ?, ?, ?, ?, ?, ?, ?, ?, ?, ?, ?, ?, ?, ?, ?)]
[parameters: ('burkert-fluid-control-advanced-ai', 'Bürkert Fluid Control (Advanced AI)', 'Germany', 'Fluid Process AI for Beverages', '["1", "9", "10"]', '["Process control AI for beverage CIP", "mixing AI", "filling AI integration"]', '["German dairy", "brewery and soft drink processors (advanced B\\u00fcrkert AI module)"]', 'LOCAL HQ — Ingelfingen (Baden-Württemberg)', 'Incumbent (Private, family)', None, None, 3, 'German food fluid process AI (advanced Bürkert Flow+ AI at dairy and beverage plants)', 'https://burkert.com/', 'dataset', 'APPROVED', None, '2026-07-14 20:18:20.231853', '2026-07-14 20:18:20.231853', 0, None)]
(Background on this error at: https://sqlalche.me/e/20/gkpj) (Background on this error at: https://sqlalche.me/e/20/7s2a)
2026-07-15 01:48:20,532 - ERROR - Error importing problem at row 34: This Session's transaction has been rolled back due to a previous exception during flush. To begin a new transaction with this Session, first issue Session.rollback(). Original exception was: (sqlite3.IntegrityError) UNIQUE constraint failed: companies.website
[SQL: INSERT INTO companies (slug, name, country, ai_category, segment_tags, use_cases, top_german_customers, germany_presence, company_type, funding, estimated_revenue, maturity, deployment_evidence, website, source, status, news_last_refreshed, created_at, updated_at, is_deleted, deleted_at) VALUES (?, ?, ?, ?, ?, ?, ?, ?, ?, ?, ?, ?, ?, ?, ?, ?, ?, ?, ?, ?, ?)]
[parameters: ('burkert-fluid-control-advanced-ai', 'Bürkert Fluid Control (Advanced AI)', 'Germany', 'Fluid Process AI for Beverages', '["1", "9", "10"]', '["Process control AI for beverage CIP", "mixing AI", "filling AI integration"]', '["German dairy", "brewery and soft drink processors (advanced B\\u00fcrkert AI module)"]', 'LOCAL HQ — Ingelfingen (Baden-Württemberg)', 'Incumbent (Private, family)', None, None, 3, 'German food fluid process AI (advanced Bürkert Flow+ AI at dairy and beverage plants)', 'https://burkert.com/', 'dataset', 'APPROVED', None, '2026-07-14 20:18:20.231853', '2026-07-14 20:18:20.231853', 0, None)]
(Background on this error at: https://sqlalche.me/e/20/gkpj) (Background on this error at: https://sqlalche.me/e/20/7s2a)
2026-07-15 01:48:20,534 - ERROR - Error importing problem at row 35: This Session's transaction has been rolled back due to a previous exception during flush. To begin a new transaction with this Session, first issue Session.rollback(). Original exception was: (sqlite3.IntegrityError) UNIQUE constraint failed: companies.website
[SQL: INSERT INTO companies (slug, name, country, ai_category, segment_tags, use_cases, top_german_customers, germany_presence, company_type, funding, estimated_revenue, maturity, deployment_evidence, website, source, status, news_last_refreshed, created_at, updated_at, is_deleted, deleted_at) VALUES (?, ?, ?, ?, ?, ?, ?, ?, ?, ?, ?, ?, ?, ?, ?, ?, ?, ?, ?, ?, ?)]
[parameters: ('burkert-fluid-control-advanced-ai', 'Bürkert Fluid Control (Advanced AI)', 'Germany', 'Fluid Process AI for Beverages', '["1", "9", "10"]', '["Process control AI for beverage CIP", "mixing AI", "filling AI integration"]', '["German dairy", "brewery and soft drink processors (advanced B\\u00fcrkert AI module)"]', 'LOCAL HQ — Ingelfingen (Baden-Württemberg)', 'Incumbent (Private, family)', None, None, 3, 'German food fluid process AI (advanced Bürkert Flow+ AI at dairy and beverage plants)', 'https://burkert.com/', 'dataset', 'APPROVED', None, '2026-07-14 20:18:20.231853', '2026-07-14 20:18:20.231853', 0, None)]
(Background on this error at: https://sqlalche.me/e/20/gkpj) (Background on this error at: https://sqlalche.me/e/20/7s2a)
2026-07-15 01:48:20,536 - ERROR - Error importing problem at row 36: This Session's transaction has been rolled back due to a previous exception during flush. To begin a new transaction with this Session, first issue Session.rollback(). Original exception was: (sqlite3.IntegrityError) UNIQUE constraint failed: companies.website
[SQL: INSERT INTO companies (slug, name, country, ai_category, segment_tags, use_cases, top_german_customers, germany_presence, company_type, funding, estimated_revenue, maturity, deployment_evidence, website, source, status, news_last_refreshed, created_at, updated_at, is_deleted, deleted_at) VALUES (?, ?, ?, ?, ?, ?, ?, ?, ?, ?, ?, ?, ?, ?, ?, ?, ?, ?, ?, ?, ?)]
[parameters: ('burkert-fluid-control-advanced-ai', 'Bürkert Fluid Control (Advanced AI)', 'Germany', 'Fluid Process AI for Beverages', '["1", "9", "10"]', '["Process control AI for beverage CIP", "mixing AI", "filling AI integration"]', '["German dairy", "brewery and soft drink processors (advanced B\\u00fcrkert AI module)"]', 'LOCAL HQ — Ingelfingen (Baden-Württemberg)', 'Incumbent (Private, family)', None, None, 3, 'German food fluid process AI (advanced Bürkert Flow+ AI at dairy and beverage plants)', 'https://burkert.com/', 'dataset', 'APPROVED', None, '2026-07-14 20:18:20.231853', '2026-07-14 20:18:20.231853', 0, None)]
(Background on this error at: https://sqlalche.me/e/20/gkpj) (Background on this error at: https://sqlalche.me/e/20/7s2a)
2026-07-15 01:48:20,538 - ERROR - Error importing problem at row 37: This Session's transaction has been rolled back due to a previous exception during flush. To begin a new transaction with this Session, first issue Session.rollback(). Original exception was: (sqlite3.IntegrityError) UNIQUE constraint failed: companies.website
[SQL: INSERT INTO companies (slug, name, country, ai_category, segment_tags, use_cases, top_german_customers, germany_presence, company_type, funding, estimated_revenue, maturity, deployment_evidence, website, source, status, news_last_refreshed, created_at, updated_at, is_deleted, deleted_at) VALUES (?, ?, ?, ?, ?, ?, ?, ?, ?, ?, ?, ?, ?, ?, ?, ?, ?, ?, ?, ?, ?)]
[parameters: ('burkert-fluid-control-advanced-ai', 'Bürkert Fluid Control (Advanced AI)', 'Germany', 'Fluid Process AI for Beverages', '["1", "9", "10"]', '["Process control AI for beverage CIP", "mixing AI", "filling AI integration"]', '["German dairy", "brewery and soft drink processors (advanced B\\u00fcrkert AI module)"]', 'LOCAL HQ — Ingelfingen (Baden-Württemberg)', 'Incumbent (Private, family)', None, None, 3, 'German food fluid process AI (advanced Bürkert Flow+ AI at dairy and beverage plants)', 'https://burkert.com/', 'dataset', 'APPROVED', None, '2026-07-14 20:18:20.231853', '2026-07-14 20:18:20.231853', 0, None)]
(Background on this error at: https://sqlalche.me/e/20/gkpj) (Background on this error at: https://sqlalche.me/e/20/7s2a)
2026-07-15 01:48:20,540 - ERROR - Error importing problem at row 38: This Session's transaction has been rolled back due to a previous exception during flush. To begin a new transaction with this Session, first issue Session.rollback(). Original exception was: (sqlite3.IntegrityError) UNIQUE constraint failed: companies.website
[SQL: INSERT INTO companies (slug, name, country, ai_category, segment_tags, use_cases, top_german_customers, germany_presence, company_type, funding, estimated_revenue, maturity, deployment_evidence, website, source, status, news_last_refreshed, created_at, updated_at, is_deleted, deleted_at) VALUES (?, ?, ?, ?, ?, ?, ?, ?, ?, ?, ?, ?, ?, ?, ?, ?, ?, ?, ?, ?, ?)]
[parameters: ('burkert-fluid-control-advanced-ai', 'Bürkert Fluid Control (Advanced AI)', 'Germany', 'Fluid Process AI for Beverages', '["1", "9", "10"]', '["Process control AI for beverage CIP", "mixing AI", "filling AI integration"]', '["German dairy", "brewery and soft drink processors (advanced B\\u00fcrkert AI module)"]', 'LOCAL HQ — Ingelfingen (Baden-Württemberg)', 'Incumbent (Private, family)', None, None, 3, 'German food fluid process AI (advanced Bürkert Flow+ AI at dairy and beverage plants)', 'https://burkert.com/', 'dataset', 'APPROVED', None, '2026-07-14 20:18:20.231853', '2026-07-14 20:18:20.231853', 0, None)]
(Background on this error at: https://sqlalche.me/e/20/gkpj) (Background on this error at: https://sqlalche.me/e/20/7s2a)
2026-07-15 01:48:20,546 - ERROR - Error importing problem at row 39: This Session's transaction has been rolled back due to a previous exception during flush. To begin a new transaction with this Session, first issue Session.rollback(). Original exception was: (sqlite3.IntegrityError) UNIQUE constraint failed: companies.website
[SQL: INSERT INTO companies (slug, name, country, ai_category, segment_tags, use_cases, top_german_customers, germany_presence, company_type, funding, estimated_revenue, maturity, deployment_evidence, website, source, status, news_last_refreshed, created_at, updated_at, is_deleted, deleted_at) VALUES (?, ?, ?, ?, ?, ?, ?, ?, ?, ?, ?, ?, ?, ?, ?, ?, ?, ?, ?, ?, ?)]
[parameters: ('burkert-fluid-control-advanced-ai', 'Bürkert Fluid Control (Advanced AI)', 'Germany', 'Fluid Process AI for Beverages', '["1", "9", "10"]', '["Process control AI for beverage CIP", "mixing AI", "filling AI integration"]', '["German dairy", "brewery and soft drink processors (advanced B\\u00fcrkert AI module)"]', 'LOCAL HQ — Ingelfingen (Baden-Württemberg)', 'Incumbent (Private, family)', None, None, 3, 'German food fluid process AI (advanced Bürkert Flow+ AI at dairy and beverage plants)', 'https://burkert.com/', 'dataset', 'APPROVED', None, '2026-07-14 20:18:20.231853', '2026-07-14 20:18:20.231853', 0, None)]
(Background on this error at: https://sqlalche.me/e/20/gkpj) (Background on this error at: https://sqlalche.me/e/20/7s2a)
2026-07-15 01:48:20,549 - ERROR - Error importing problem at row 40: This Session's transaction has been rolled back due to a previous exception during flush. To begin a new transaction with this Session, first issue Session.rollback(). Original exception was: (sqlite3.IntegrityError) UNIQUE constraint failed: companies.website
[SQL: INSERT INTO companies (slug, name, country, ai_category, segment_tags, use_cases, top_german_customers, germany_presence, company_type, funding, estimated_revenue, maturity, deployment_evidence, website, source, status, news_last_refreshed, created_at, updated_at, is_deleted, deleted_at) VALUES (?, ?, ?, ?, ?, ?, ?, ?, ?, ?, ?, ?, ?, ?, ?, ?, ?, ?, ?, ?, ?)]
[parameters: ('burkert-fluid-control-advanced-ai', 'Bürkert Fluid Control (Advanced AI)', 'Germany', 'Fluid Process AI for Beverages', '["1", "9", "10"]', '["Process control AI for beverage CIP", "mixing AI", "filling AI integration"]', '["German dairy", "brewery and soft drink processors (advanced B\\u00fcrkert AI module)"]', 'LOCAL HQ — Ingelfingen (Baden-Württemberg)', 'Incumbent (Private, family)', None, None, 3, 'German food fluid process AI (advanced Bürkert Flow+ AI at dairy and beverage plants)', 'https://burkert.com/', 'dataset', 'APPROVED', None, '2026-07-14 20:18:20.231853', '2026-07-14 20:18:20.231853', 0, None)]
(Background on this error at: https://sqlalche.me/e/20/gkpj) (Background on this error at: https://sqlalche.me/e/20/7s2a)
2026-07-15 01:48:20,562 - ERROR - Error importing problem at row 41: This Session's transaction has been rolled back due to a previous exception during flush. To begin a new transaction with this Session, first issue Session.rollback(). Original exception was: (sqlite3.IntegrityError) UNIQUE constraint failed: companies.website
[SQL: INSERT INTO companies (slug, name, country, ai_category, segment_tags, use_cases, top_german_customers, germany_presence, company_type, funding, estimated_revenue, maturity, deployment_evidence, website, source, status, news_last_refreshed, created_at, updated_at, is_deleted, deleted_at) VALUES (?, ?, ?, ?, ?, ?, ?, ?, ?, ?, ?, ?, ?, ?, ?, ?, ?, ?, ?, ?, ?)]
[parameters: ('burkert-fluid-control-advanced-ai', 'Bürkert Fluid Control (Advanced AI)', 'Germany', 'Fluid Process AI for Beverages', '["1", "9", "10"]', '["Process control AI for beverage CIP", "mixing AI", "filling AI integration"]', '["German dairy", "brewery and soft drink processors (advanced B\\u00fcrkert AI module)"]', 'LOCAL HQ — Ingelfingen (Baden-Württemberg)', 'Incumbent (Private, family)', None, None, 3, 'German food fluid process AI (advanced Bürkert Flow+ AI at dairy and beverage plants)', 'https://burkert.com/', 'dataset', 'APPROVED', None, '2026-07-14 20:18:20.231853', '2026-07-14 20:18:20.231853', 0, None)]
(Background on this error at: https://sqlalche.me/e/20/gkpj) (Background on this error at: https://sqlalche.me/e/20/7s2a)
2026-07-15 01:48:20,564 - ERROR - Error importing problem at row 42: This Session's transaction has been rolled back due to a previous exception during flush. To begin a new transaction with this Session, first issue Session.rollback(). Original exception was: (sqlite3.IntegrityError) UNIQUE constraint failed: companies.website
[SQL: INSERT INTO companies (slug, name, country, ai_category, segment_tags, use_cases, top_german_customers, germany_presence, company_type, funding, estimated_revenue, maturity, deployment_evidence, website, source, status, news_last_refreshed, created_at, updated_at, is_deleted, deleted_at) VALUES (?, ?, ?, ?, ?, ?, ?, ?, ?, ?, ?, ?, ?, ?, ?, ?, ?, ?, ?, ?, ?)]
[parameters: ('burkert-fluid-control-advanced-ai', 'Bürkert Fluid Control (Advanced AI)', 'Germany', 'Fluid Process AI for Beverages', '["1", "9", "10"]', '["Process control AI for beverage CIP", "mixing AI", "filling AI integration"]', '["German dairy", "brewery and soft drink processors (advanced B\\u00fcrkert AI module)"]', 'LOCAL HQ — Ingelfingen (Baden-Württemberg)', 'Incumbent (Private, family)', None, None, 3, 'German food fluid process AI (advanced Bürkert Flow+ AI at dairy and beverage plants)', 'https://burkert.com/', 'dataset', 'APPROVED', None, '2026-07-14 20:18:20.231853', '2026-07-14 20:18:20.231853', 0, None)]
(Background on this error at: https://sqlalche.me/e/20/gkpj) (Background on this error at: https://sqlalche.me/e/20/7s2a)
2026-07-15 01:48:20,565 - ERROR - Error importing problem at row 43: This Session's transaction has been rolled back due to a previous exception during flush. To begin a new transaction with this Session, first issue Session.rollback(). Original exception was: (sqlite3.IntegrityError) UNIQUE constraint failed: companies.website
[SQL: INSERT INTO companies (slug, name, country, ai_category, segment_tags, use_cases, top_german_customers, germany_presence, company_type, funding, estimated_revenue, maturity, deployment_evidence, website, source, status, news_last_refreshed, created_at, updated_at, is_deleted, deleted_at) VALUES (?, ?, ?, ?, ?, ?, ?, ?, ?, ?, ?, ?, ?, ?, ?, ?, ?, ?, ?, ?, ?)]
[parameters: ('burkert-fluid-control-advanced-ai', 'Bürkert Fluid Control (Advanced AI)', 'Germany', 'Fluid Process AI for Beverages', '["1", "9", "10"]', '["Process control AI for beverage CIP", "mixing AI", "filling AI integration"]', '["German dairy", "brewery and soft drink processors (advanced B\\u00fcrkert AI module)"]', 'LOCAL HQ — Ingelfingen (Baden-Württemberg)', 'Incumbent (Private, family)', None, None, 3, 'German food fluid process AI (advanced Bürkert Flow+ AI at dairy and beverage plants)', 'https://burkert.com/', 'dataset', 'APPROVED', None, '2026-07-14 20:18:20.231853', '2026-07-14 20:18:20.231853', 0, None)]
(Background on this error at: https://sqlalche.me/e/20/gkpj) (Background on this error at: https://sqlalche.me/e/20/7s2a)
2026-07-15 01:48:20,568 - ERROR - Error importing problem at row 44: This Session's transaction has been rolled back due to a previous exception during flush. To begin a new transaction with this Session, first issue Session.rollback(). Original exception was: (sqlite3.IntegrityError) UNIQUE constraint failed: companies.website
[SQL: INSERT INTO companies (slug, name, country, ai_category, segment_tags, use_cases, top_german_customers, germany_presence, company_type, funding, estimated_revenue, maturity, deployment_evidence, website, source, status, news_last_refreshed, created_at, updated_at, is_deleted, deleted_at) VALUES (?, ?, ?, ?, ?, ?, ?, ?, ?, ?, ?, ?, ?, ?, ?, ?, ?, ?, ?, ?, ?)]
[parameters: ('burkert-fluid-control-advanced-ai', 'Bürkert Fluid Control (Advanced AI)', 'Germany', 'Fluid Process AI for Beverages', '["1", "9", "10"]', '["Process control AI for beverage CIP", "mixing AI", "filling AI integration"]', '["German dairy", "brewery and soft drink processors (advanced B\\u00fcrkert AI module)"]', 'LOCAL HQ — Ingelfingen (Baden-Württemberg)', 'Incumbent (Private, family)', None, None, 3, 'German food fluid process AI (advanced Bürkert Flow+ AI at dairy and beverage plants)', 'https://burkert.com/', 'dataset', 'APPROVED', None, '2026-07-14 20:18:20.231853', '2026-07-14 20:18:20.231853', 0, None)]
(Background on this error at: https://sqlalche.me/e/20/gkpj) (Background on this error at: https://sqlalche.me/e/20/7s2a)
2026-07-15 01:48:20,571 - ERROR - Error importing problem at row 45: This Session's transaction has been rolled back due to a previous exception during flush. To begin a new transaction with this Session, first issue Session.rollback(). Original exception was: (sqlite3.IntegrityError) UNIQUE constraint failed: companies.website
[SQL: INSERT INTO companies (slug, name, country, ai_category, segment_tags, use_cases, top_german_customers, germany_presence, company_type, funding, estimated_revenue, maturity, deployment_evidence, website, source, status, news_last_refreshed, created_at, updated_at, is_deleted, deleted_at) VALUES (?, ?, ?, ?, ?, ?, ?, ?, ?, ?, ?, ?, ?, ?, ?, ?, ?, ?, ?, ?, ?)]
[parameters: ('burkert-fluid-control-advanced-ai', 'Bürkert Fluid Control (Advanced AI)', 'Germany', 'Fluid Process AI for Beverages', '["1", "9", "10"]', '["Process control AI for beverage CIP", "mixing AI", "filling AI integration"]', '["German dairy", "brewery and soft drink processors (advanced B\\u00fcrkert AI module)"]', 'LOCAL HQ — Ingelfingen (Baden-Württemberg)', 'Incumbent (Private, family)', None, None, 3, 'German food fluid process AI (advanced Bürkert Flow+ AI at dairy and beverage plants)', 'https://burkert.com/', 'dataset', 'APPROVED', None, '2026-07-14 20:18:20.231853', '2026-07-14 20:18:20.231853', 0, None)]
(Background on this error at: https://sqlalche.me/e/20/gkpj) (Background on this error at: https://sqlalche.me/e/20/7s2a)
2026-07-15 01:48:20,573 - ERROR - Error importing problem at row 46: This Session's transaction has been rolled back due to a previous exception during flush. To begin a new transaction with this Session, first issue Session.rollback(). Original exception was: (sqlite3.IntegrityError) UNIQUE constraint failed: companies.website
[SQL: INSERT INTO companies (slug, name, country, ai_category, segment_tags, use_cases, top_german_customers, germany_presence, company_type, funding, estimated_revenue, maturity, deployment_evidence, website, source, status, news_last_refreshed, created_at, updated_at, is_deleted, deleted_at) VALUES (?, ?, ?, ?, ?, ?, ?, ?, ?, ?, ?, ?, ?, ?, ?, ?, ?, ?, ?, ?, ?)]
[parameters: ('burkert-fluid-control-advanced-ai', 'Bürkert Fluid Control (Advanced AI)', 'Germany', 'Fluid Process AI for Beverages', '["1", "9", "10"]', '["Process control AI for beverage CIP", "mixing AI", "filling AI integration"]', '["German dairy", "brewery and soft drink processors (advanced B\\u00fcrkert AI module)"]', 'LOCAL HQ — Ingelfingen (Baden-Württemberg)', 'Incumbent (Private, family)', None, None, 3, 'German food fluid process AI (advanced Bürkert Flow+ AI at dairy and beverage plants)', 'https://burkert.com/', 'dataset', 'APPROVED', None, '2026-07-14 20:18:20.231853', '2026-07-14 20:18:20.231853', 0, None)]
(Background on this error at: https://sqlalche.me/e/20/gkpj) (Background on this error at: https://sqlalche.me/e/20/7s2a)
2026-07-15 01:48:20,575 - ERROR - Error importing problem at row 47: This Session's transaction has been rolled back due to a previous exception during flush. To begin a new transaction with this Session, first issue Session.rollback(). Original exception was: (sqlite3.IntegrityError) UNIQUE constraint failed: companies.website
[SQL: INSERT INTO companies (slug, name, country, ai_category, segment_tags, use_cases, top_german_customers, germany_presence, company_type, funding, estimated_revenue, maturity, deployment_evidence, website, source, status, news_last_refreshed, created_at, updated_at, is_deleted, deleted_at) VALUES (?, ?, ?, ?, ?, ?, ?, ?, ?, ?, ?, ?, ?, ?, ?, ?, ?, ?, ?, ?, ?)]
[parameters: ('burkert-fluid-control-advanced-ai', 'Bürkert Fluid Control (Advanced AI)', 'Germany', 'Fluid Process AI for Beverages', '["1", "9", "10"]', '["Process control AI for beverage CIP", "mixing AI", "filling AI integration"]', '["German dairy", "brewery and soft drink processors (advanced B\\u00fcrkert AI module)"]', 'LOCAL HQ — Ingelfingen (Baden-Württemberg)', 'Incumbent (Private, family)', None, None, 3, 'German food fluid process AI (advanced Bürkert Flow+ AI at dairy and beverage plants)', 'https://burkert.com/', 'dataset', 'APPROVED', None, '2026-07-14 20:18:20.231853', '2026-07-14 20:18:20.231853', 0, None)]
(Background on this error at: https://sqlalche.me/e/20/gkpj) (Background on this error at: https://sqlalche.me/e/20/7s2a)
2026-07-15 01:48:20,577 - ERROR - Error importing problem at row 48: This Session's transaction has been rolled back due to a previous exception during flush. To begin a new transaction with this Session, first issue Session.rollback(). Original exception was: (sqlite3.IntegrityError) UNIQUE constraint failed: companies.website
[SQL: INSERT INTO companies (slug, name, country, ai_category, segment_tags, use_cases, top_german_customers, germany_presence, company_type, funding, estimated_revenue, maturity, deployment_evidence, website, source, status, news_last_refreshed, created_at, updated_at, is_deleted, deleted_at) VALUES (?, ?, ?, ?, ?, ?, ?, ?, ?, ?, ?, ?, ?, ?, ?, ?, ?, ?, ?, ?, ?)]
[parameters: ('burkert-fluid-control-advanced-ai', 'Bürkert Fluid Control (Advanced AI)', 'Germany', 'Fluid Process AI for Beverages', '["1", "9", "10"]', '["Process control AI for beverage CIP", "mixing AI", "filling AI integration"]', '["German dairy", "brewery and soft drink processors (advanced B\\u00fcrkert AI module)"]', 'LOCAL HQ — Ingelfingen (Baden-Württemberg)', 'Incumbent (Private, family)', None, None, 3, 'German food fluid process AI (advanced Bürkert Flow+ AI at dairy and beverage plants)', 'https://burkert.com/', 'dataset', 'APPROVED', None, '2026-07-14 20:18:20.231853', '2026-07-14 20:18:20.231853', 0, None)]
(Background on this error at: https://sqlalche.me/e/20/gkpj) (Background on this error at: https://sqlalche.me/e/20/7s2a)
2026-07-15 01:48:20,578 - ERROR - Error importing problem at row 49: This Session's transaction has been rolled back due to a previous exception during flush. To begin a new transaction with this Session, first issue Session.rollback(). Original exception was: (sqlite3.IntegrityError) UNIQUE constraint failed: companies.website
[SQL: INSERT INTO companies (slug, name, country, ai_category, segment_tags, use_cases, top_german_customers, germany_presence, company_type, funding, estimated_revenue, maturity, deployment_evidence, website, source, status, news_last_refreshed, created_at, updated_at, is_deleted, deleted_at) VALUES (?, ?, ?, ?, ?, ?, ?, ?, ?, ?, ?, ?, ?, ?, ?, ?, ?, ?, ?, ?, ?)]
[parameters: ('burkert-fluid-control-advanced-ai', 'Bürkert Fluid Control (Advanced AI)', 'Germany', 'Fluid Process AI for Beverages', '["1", "9", "10"]', '["Process control AI for beverage CIP", "mixing AI", "filling AI integration"]', '["German dairy", "brewery and soft drink processors (advanced B\\u00fcrkert AI module)"]', 'LOCAL HQ — Ingelfingen (Baden-Württemberg)', 'Incumbent (Private, family)', None, None, 3, 'German food fluid process AI (advanced Bürkert Flow+ AI at dairy and beverage plants)', 'https://burkert.com/', 'dataset', 'APPROVED', None, '2026-07-14 20:18:20.231853', '2026-07-14 20:18:20.231853', 0, None)]
(Background on this error at: https://sqlalche.me/e/20/gkpj) (Background on this error at: https://sqlalche.me/e/20/7s2a)
2026-07-15 01:48:20,580 - ERROR - Error importing problem at row 50: This Session's transaction has been rolled back due to a previous exception during flush. To begin a new transaction with this Session, first issue Session.rollback(). Original exception was: (sqlite3.IntegrityError) UNIQUE constraint failed: companies.website
[SQL: INSERT INTO companies (slug, name, country, ai_category, segment_tags, use_cases, top_german_customers, germany_presence, company_type, funding, estimated_revenue, maturity, deployment_evidence, website, source, status, news_last_refreshed, created_at, updated_at, is_deleted, deleted_at) VALUES (?, ?, ?, ?, ?, ?, ?, ?, ?, ?, ?, ?, ?, ?, ?, ?, ?, ?, ?, ?, ?)]
[parameters: ('burkert-fluid-control-advanced-ai', 'Bürkert Fluid Control (Advanced AI)', 'Germany', 'Fluid Process AI for Beverages', '["1", "9", "10"]', '["Process control AI for beverage CIP", "mixing AI", "filling AI integration"]', '["German dairy", "brewery and soft drink processors (advanced B\\u00fcrkert AI module)"]', 'LOCAL HQ — Ingelfingen (Baden-Württemberg)', 'Incumbent (Private, family)', None, None, 3, 'German food fluid process AI (advanced Bürkert Flow+ AI at dairy and beverage plants)', 'https://burkert.com/', 'dataset', 'APPROVED', None, '2026-07-14 20:18:20.231853', '2026-07-14 20:18:20.231853', 0, None)]
(Background on this error at: https://sqlalche.me/e/20/gkpj) (Background on this error at: https://sqlalche.me/e/20/7s2a)
2026-07-15 01:48:20,582 - ERROR - Error importing problem at row 51: This Session's transaction has been rolled back due to a previous exception during flush. To begin a new transaction with this Session, first issue Session.rollback(). Original exception was: (sqlite3.IntegrityError) UNIQUE constraint failed: companies.website
[SQL: INSERT INTO companies (slug, name, country, ai_category, segment_tags, use_cases, top_german_customers, germany_presence, company_type, funding, estimated_revenue, maturity, deployment_evidence, website, source, status, news_last_refreshed, created_at, updated_at, is_deleted, deleted_at) VALUES (?, ?, ?, ?, ?, ?, ?, ?, ?, ?, ?, ?, ?, ?, ?, ?, ?, ?, ?, ?, ?)]
[parameters: ('burkert-fluid-control-advanced-ai', 'Bürkert Fluid Control (Advanced AI)', 'Germany', 'Fluid Process AI for Beverages', '["1", "9", "10"]', '["Process control AI for beverage CIP", "mixing AI", "filling AI integration"]', '["German dairy", "brewery and soft drink processors (advanced B\\u00fcrkert AI module)"]', 'LOCAL HQ — Ingelfingen (Baden-Württemberg)', 'Incumbent (Private, family)', None, None, 3, 'German food fluid process AI (advanced Bürkert Flow+ AI at dairy and beverage plants)', 'https://burkert.com/', 'dataset', 'APPROVED', None, '2026-07-14 20:18:20.231853', '2026-07-14 20:18:20.231853', 0, None)]
(Background on this error at: https://sqlalche.me/e/20/gkpj) (Background on this error at: https://sqlalche.me/e/20/7s2a)
2026-07-15 01:48:20,584 - ERROR - Error importing problem at row 52: This Session's transaction has been rolled back due to a previous exception during flush. To begin a new transaction with this Session, first issue Session.rollback(). Original exception was: (sqlite3.IntegrityError) UNIQUE constraint failed: companies.website
[SQL: INSERT INTO companies (slug, name, country, ai_category, segment_tags, use_cases, top_german_customers, germany_presence, company_type, funding, estimated_revenue, maturity, deployment_evidence, website, source, status, news_last_refreshed, created_at, updated_at, is_deleted, deleted_at) VALUES (?, ?, ?, ?, ?, ?, ?, ?, ?, ?, ?, ?, ?, ?, ?, ?, ?, ?, ?, ?, ?)]
[parameters: ('burkert-fluid-control-advanced-ai', 'Bürkert Fluid Control (Advanced AI)', 'Germany', 'Fluid Process AI for Beverages', '["1", "9", "10"]', '["Process control AI for beverage CIP", "mixing AI", "filling AI integration"]', '["German dairy", "brewery and soft drink processors (advanced B\\u00fcrkert AI module)"]', 'LOCAL HQ — Ingelfingen (Baden-Württemberg)', 'Incumbent (Private, family)', None, None, 3, 'German food fluid process AI (advanced Bürkert Flow+ AI at dairy and beverage plants)', 'https://burkert.com/', 'dataset', 'APPROVED', None, '2026-07-14 20:18:20.231853', '2026-07-14 20:18:20.231853', 0, None)]
(Background on this error at: https://sqlalche.me/e/20/gkpj) (Background on this error at: https://sqlalche.me/e/20/7s2a)
2026-07-15 01:48:20,585 - ERROR - Error importing problem at row 53: This Session's transaction has been rolled back due to a previous exception during flush. To begin a new transaction with this Session, first issue Session.rollback(). Original exception was: (sqlite3.IntegrityError) UNIQUE constraint failed: companies.website
[SQL: INSERT INTO companies (slug, name, country, ai_category, segment_tags, use_cases, top_german_customers, germany_presence, company_type, funding, estimated_revenue, maturity, deployment_evidence, website, source, status, news_last_refreshed, created_at, updated_at, is_deleted, deleted_at) VALUES (?, ?, ?, ?, ?, ?, ?, ?, ?, ?, ?, ?, ?, ?, ?, ?, ?, ?, ?, ?, ?)]
[parameters: ('burkert-fluid-control-advanced-ai', 'Bürkert Fluid Control (Advanced AI)', 'Germany', 'Fluid Process AI for Beverages', '["1", "9", "10"]', '["Process control AI for beverage CIP", "mixing AI", "filling AI integration"]', '["German dairy", "brewery and soft drink processors (advanced B\\u00fcrkert AI module)"]', 'LOCAL HQ — Ingelfingen (Baden-Württemberg)', 'Incumbent (Private, family)', None, None, 3, 'German food fluid process AI (advanced Bürkert Flow+ AI at dairy and beverage plants)', 'https://burkert.com/', 'dataset', 'APPROVED', None, '2026-07-14 20:18:20.231853', '2026-07-14 20:18:20.231853', 0, None)]
(Background on this error at: https://sqlalche.me/e/20/gkpj) (Background on this error at: https://sqlalche.me/e/20/7s2a)
2026-07-15 01:48:20,587 - ERROR - Error importing problem at row 54: This Session's transaction has been rolled back due to a previous exception during flush. To begin a new transaction with this Session, first issue Session.rollback(). Original exception was: (sqlite3.IntegrityError) UNIQUE constraint failed: companies.website
[SQL: INSERT INTO companies (slug, name, country, ai_category, segment_tags, use_cases, top_german_customers, germany_presence, company_type, funding, estimated_revenue, maturity, deployment_evidence, website, source, status, news_last_refreshed, created_at, updated_at, is_deleted, deleted_at) VALUES (?, ?, ?, ?, ?, ?, ?, ?, ?, ?, ?, ?, ?, ?, ?, ?, ?, ?, ?, ?, ?)]
[parameters: ('burkert-fluid-control-advanced-ai', 'Bürkert Fluid Control (Advanced AI)', 'Germany', 'Fluid Process AI for Beverages', '["1", "9", "10"]', '["Process control AI for beverage CIP", "mixing AI", "filling AI integration"]', '["German dairy", "brewery and soft drink processors (advanced B\\u00fcrkert AI module)"]', 'LOCAL HQ — Ingelfingen (Baden-Württemberg)', 'Incumbent (Private, family)', None, None, 3, 'German food fluid process AI (advanced Bürkert Flow+ AI at dairy and beverage plants)', 'https://burkert.com/', 'dataset', 'APPROVED', None, '2026-07-14 20:18:20.231853', '2026-07-14 20:18:20.231853', 0, None)]
(Background on this error at: https://sqlalche.me/e/20/gkpj) (Background on this error at: https://sqlalche.me/e/20/7s2a)
2026-07-15 01:48:20,599 - ERROR - Error importing problem at row 55: This Session's transaction has been rolled back due to a previous exception during flush. To begin a new transaction with this Session, first issue Session.rollback(). Original exception was: (sqlite3.IntegrityError) UNIQUE constraint failed: companies.website
[SQL: INSERT INTO companies (slug, name, country, ai_category, segment_tags, use_cases, top_german_customers, germany_presence, company_type, funding, estimated_revenue, maturity, deployment_evidence, website, source, status, news_last_refreshed, created_at, updated_at, is_deleted, deleted_at) VALUES (?, ?, ?, ?, ?, ?, ?, ?, ?, ?, ?, ?, ?, ?, ?, ?, ?, ?, ?, ?, ?)]
[parameters: ('burkert-fluid-control-advanced-ai', 'Bürkert Fluid Control (Advanced AI)', 'Germany', 'Fluid Process AI for Beverages', '["1", "9", "10"]', '["Process control AI for beverage CIP", "mixing AI", "filling AI integration"]', '["German dairy", "brewery and soft drink processors (advanced B\\u00fcrkert AI module)"]', 'LOCAL HQ — Ingelfingen (Baden-Württemberg)', 'Incumbent (Private, family)', None, None, 3, 'German food fluid process AI (advanced Bürkert Flow+ AI at dairy and beverage plants)', 'https://burkert.com/', 'dataset', 'APPROVED', None, '2026-07-14 20:18:20.231853', '2026-07-14 20:18:20.231853', 0, None)]
(Background on this error at: https://sqlalche.me/e/20/gkpj) (Background on this error at: https://sqlalche.me/e/20/7s2a)
2026-07-15 01:48:20,602 - ERROR - Error importing problem at row 56: This Session's transaction has been rolled back due to a previous exception during flush. To begin a new transaction with this Session, first issue Session.rollback(). Original exception was: (sqlite3.IntegrityError) UNIQUE constraint failed: companies.website
[SQL: INSERT INTO companies (slug, name, country, ai_category, segment_tags, use_cases, top_german_customers, germany_presence, company_type, funding, estimated_revenue, maturity, deployment_evidence, website, source, status, news_last_refreshed, created_at, updated_at, is_deleted, deleted_at) VALUES (?, ?, ?, ?, ?, ?, ?, ?, ?, ?, ?, ?, ?, ?, ?, ?, ?, ?, ?, ?, ?)]
[parameters: ('burkert-fluid-control-advanced-ai', 'Bürkert Fluid Control (Advanced AI)', 'Germany', 'Fluid Process AI for Beverages', '["1", "9", "10"]', '["Process control AI for beverage CIP", "mixing AI", "filling AI integration"]', '["German dairy", "brewery and soft drink processors (advanced B\\u00fcrkert AI module)"]', 'LOCAL HQ — Ingelfingen (Baden-Württemberg)', 'Incumbent (Private, family)', None, None, 3, 'German food fluid process AI (advanced Bürkert Flow+ AI at dairy and beverage plants)', 'https://burkert.com/', 'dataset', 'APPROVED', None, '2026-07-14 20:18:20.231853', '2026-07-14 20:18:20.231853', 0, None)]
(Background on this error at: https://sqlalche.me/e/20/gkpj) (Background on this error at: https://sqlalche.me/e/20/7s2a)
2026-07-15 01:48:20,604 - ERROR - Error importing problem at row 57: This Session's transaction has been rolled back due to a previous exception during flush. To begin a new transaction with this Session, first issue Session.rollback(). Original exception was: (sqlite3.IntegrityError) UNIQUE constraint failed: companies.website
[SQL: INSERT INTO companies (slug, name, country, ai_category, segment_tags, use_cases, top_german_customers, germany_presence, company_type, funding, estimated_revenue, maturity, deployment_evidence, website, source, status, news_last_refreshed, created_at, updated_at, is_deleted, deleted_at) VALUES (?, ?, ?, ?, ?, ?, ?, ?, ?, ?, ?, ?, ?, ?, ?, ?, ?, ?, ?, ?, ?)]
[parameters: ('burkert-fluid-control-advanced-ai', 'Bürkert Fluid Control (Advanced AI)', 'Germany', 'Fluid Process AI for Beverages', '["1", "9", "10"]', '["Process control AI for beverage CIP", "mixing AI", "filling AI integration"]', '["German dairy", "brewery and soft drink processors (advanced B\\u00fcrkert AI module)"]', 'LOCAL HQ — Ingelfingen (Baden-Württemberg)', 'Incumbent (Private, family)', None, None, 3, 'German food fluid process AI (advanced Bürkert Flow+ AI at dairy and beverage plants)', 'https://burkert.com/', 'dataset', 'APPROVED', None, '2026-07-14 20:18:20.231853', '2026-07-14 20:18:20.231853', 0, None)]
(Background on this error at: https://sqlalche.me/e/20/gkpj) (Background on this error at: https://sqlalche.me/e/20/7s2a)
2026-07-15 01:48:20,605 - ERROR - Error importing problem at row 58: This Session's transaction has been rolled back due to a previous exception during flush. To begin a new transaction with this Session, first issue Session.rollback(). Original exception was: (sqlite3.IntegrityError) UNIQUE constraint failed: companies.website
[SQL: INSERT INTO companies (slug, name, country, ai_category, segment_tags, use_cases, top_german_customers, germany_presence, company_type, funding, estimated_revenue, maturity, deployment_evidence, website, source, status, news_last_refreshed, created_at, updated_at, is_deleted, deleted_at) VALUES (?, ?, ?, ?, ?, ?, ?, ?, ?, ?, ?, ?, ?, ?, ?, ?, ?, ?, ?, ?, ?)]
[parameters: ('burkert-fluid-control-advanced-ai', 'Bürkert Fluid Control (Advanced AI)', 'Germany', 'Fluid Process AI for Beverages', '["1", "9", "10"]', '["Process control AI for beverage CIP", "mixing AI", "filling AI integration"]', '["German dairy", "brewery and soft drink processors (advanced B\\u00fcrkert AI module)"]', 'LOCAL HQ — Ingelfingen (Baden-Württemberg)', 'Incumbent (Private, family)', None, None, 3, 'German food fluid process AI (advanced Bürkert Flow+ AI at dairy and beverage plants)', 'https://burkert.com/', 'dataset', 'APPROVED', None, '2026-07-14 20:18:20.231853', '2026-07-14 20:18:20.231853', 0, None)]
(Background on this error at: https://sqlalche.me/e/20/gkpj) (Background on this error at: https://sqlalche.me/e/20/7s2a)
2026-07-15 01:48:20,612 - ERROR - Error importing problem at row 59: This Session's transaction has been rolled back due to a previous exception during flush. To begin a new transaction with this Session, first issue Session.rollback(). Original exception was: (sqlite3.IntegrityError) UNIQUE constraint failed: companies.website
[SQL: INSERT INTO companies (slug, name, country, ai_category, segment_tags, use_cases, top_german_customers, germany_presence, company_type, funding, estimated_revenue, maturity, deployment_evidence, website, source, status, news_last_refreshed, created_at, updated_at, is_deleted, deleted_at) VALUES (?, ?, ?, ?, ?, ?, ?, ?, ?, ?, ?, ?, ?, ?, ?, ?, ?, ?, ?, ?, ?)]
[parameters: ('burkert-fluid-control-advanced-ai', 'Bürkert Fluid Control (Advanced AI)', 'Germany', 'Fluid Process AI for Beverages', '["1", "9", "10"]', '["Process control AI for beverage CIP", "mixing AI", "filling AI integration"]', '["German dairy", "brewery and soft drink processors (advanced B\\u00fcrkert AI module)"]', 'LOCAL HQ — Ingelfingen (Baden-Württemberg)', 'Incumbent (Private, family)', None, None, 3, 'German food fluid process AI (advanced Bürkert Flow+ AI at dairy and beverage plants)', 'https://burkert.com/', 'dataset', 'APPROVED', None, '2026-07-14 20:18:20.231853', '2026-07-14 20:18:20.231853', 0, None)]
(Background on this error at: https://sqlalche.me/e/20/gkpj) (Background on this error at: https://sqlalche.me/e/20/7s2a)
2026-07-15 01:48:20,615 - ERROR - Error importing problem at row 60: This Session's transaction has been rolled back due to a previous exception during flush. To begin a new transaction with this Session, first issue Session.rollback(). Original exception was: (sqlite3.IntegrityError) UNIQUE constraint failed: companies.website
[SQL: INSERT INTO companies (slug, name, country, ai_category, segment_tags, use_cases, top_german_customers, germany_presence, company_type, funding, estimated_revenue, maturity, deployment_evidence, website, source, status, news_last_refreshed, created_at, updated_at, is_deleted, deleted_at) VALUES (?, ?, ?, ?, ?, ?, ?, ?, ?, ?, ?, ?, ?, ?, ?, ?, ?, ?, ?, ?, ?)]
[parameters: ('burkert-fluid-control-advanced-ai', 'Bürkert Fluid Control (Advanced AI)', 'Germany', 'Fluid Process AI for Beverages', '["1", "9", "10"]', '["Process control AI for beverage CIP", "mixing AI", "filling AI integration"]', '["German dairy", "brewery and soft drink processors (advanced B\\u00fcrkert AI module)"]', 'LOCAL HQ — Ingelfingen (Baden-Württemberg)', 'Incumbent (Private, family)', None, None, 3, 'German food fluid process AI (advanced Bürkert Flow+ AI at dairy and beverage plants)', 'https://burkert.com/', 'dataset', 'APPROVED', None, '2026-07-14 20:18:20.231853', '2026-07-14 20:18:20.231853', 0, None)]
(Background on this error at: https://sqlalche.me/e/20/gkpj) (Background on this error at: https://sqlalche.me/e/20/7s2a)
2026-07-15 01:48:20,617 - ERROR - Error importing problem at row 61: This Session's transaction has been rolled back due to a previous exception during flush. To begin a new transaction with this Session, first issue Session.rollback(). Original exception was: (sqlite3.IntegrityError) UNIQUE constraint failed: companies.website
[SQL: INSERT INTO companies (slug, name, country, ai_category, segment_tags, use_cases, top_german_customers, germany_presence, company_type, funding, estimated_revenue, maturity, deployment_evidence, website, source, status, news_last_refreshed, created_at, updated_at, is_deleted, deleted_at) VALUES (?, ?, ?, ?, ?, ?, ?, ?, ?, ?, ?, ?, ?, ?, ?, ?, ?, ?, ?, ?, ?)]
[parameters: ('burkert-fluid-control-advanced-ai', 'Bürkert Fluid Control (Advanced AI)', 'Germany', 'Fluid Process AI for Beverages', '["1", "9", "10"]', '["Process control AI for beverage CIP", "mixing AI", "filling AI integration"]', '["German dairy", "brewery and soft drink processors (advanced B\\u00fcrkert AI module)"]', 'LOCAL HQ — Ingelfingen (Baden-Württemberg)', 'Incumbent (Private, family)', None, None, 3, 'German food fluid process AI (advanced Bürkert Flow+ AI at dairy and beverage plants)', 'https://burkert.com/', 'dataset', 'APPROVED', None, '2026-07-14 20:18:20.231853', '2026-07-14 20:18:20.231853', 0, None)]
(Background on this error at: https://sqlalche.me/e/20/gkpj) (Background on this error at: https://sqlalche.me/e/20/7s2a)
2026-07-15 01:48:20,618 - ERROR - Error importing problem at row 62: This Session's transaction has been rolled back due to a previous exception during flush. To begin a new transaction with this Session, first issue Session.rollback(). Original exception was: (sqlite3.IntegrityError) UNIQUE constraint failed: companies.website
[SQL: INSERT INTO companies (slug, name, country, ai_category, segment_tags, use_cases, top_german_customers, germany_presence, company_type, funding, estimated_revenue, maturity, deployment_evidence, website, source, status, news_last_refreshed, created_at, updated_at, is_deleted, deleted_at) VALUES (?, ?, ?, ?, ?, ?, ?, ?, ?, ?, ?, ?, ?, ?, ?, ?, ?, ?, ?, ?, ?)]
[parameters: ('burkert-fluid-control-advanced-ai', 'Bürkert Fluid Control (Advanced AI)', 'Germany', 'Fluid Process AI for Beverages', '["1", "9", "10"]', '["Process control AI for beverage CIP", "mixing AI", "filling AI integration"]', '["German dairy", "brewery and soft drink processors (advanced B\\u00fcrkert AI module)"]', 'LOCAL HQ — Ingelfingen (Baden-Württemberg)', 'Incumbent (Private, family)', None, None, 3, 'German food fluid process AI (advanced Bürkert Flow+ AI at dairy and beverage plants)', 'https://burkert.com/', 'dataset', 'APPROVED', None, '2026-07-14 20:18:20.231853', '2026-07-14 20:18:20.231853', 0, None)]
(Background on this error at: https://sqlalche.me/e/20/gkpj) (Background on this error at: https://sqlalche.me/e/20/7s2a)
2026-07-15 01:48:20,621 - ERROR - Error importing problem at row 63: This Session's transaction has been rolled back due to a previous exception during flush. To begin a new transaction with this Session, first issue Session.rollback(). Original exception was: (sqlite3.IntegrityError) UNIQUE constraint failed: companies.website
[SQL: INSERT INTO companies (slug, name, country, ai_category, segment_tags, use_cases, top_german_customers, germany_presence, company_type, funding, estimated_revenue, maturity, deployment_evidence, website, source, status, news_last_refreshed, created_at, updated_at, is_deleted, deleted_at) VALUES (?, ?, ?, ?, ?, ?, ?, ?, ?, ?, ?, ?, ?, ?, ?, ?, ?, ?, ?, ?, ?)]
[parameters: ('burkert-fluid-control-advanced-ai', 'Bürkert Fluid Control (Advanced AI)', 'Germany', 'Fluid Process AI for Beverages', '["1", "9", "10"]', '["Process control AI for beverage CIP", "mixing AI", "filling AI integration"]', '["German dairy", "brewery and soft drink processors (advanced B\\u00fcrkert AI module)"]', 'LOCAL HQ — Ingelfingen (Baden-Württemberg)', 'Incumbent (Private, family)', None, None, 3, 'German food fluid process AI (advanced Bürkert Flow+ AI at dairy and beverage plants)', 'https://burkert.com/', 'dataset', 'APPROVED', None, '2026-07-14 20:18:20.231853', '2026-07-14 20:18:20.231853', 0, None)]
(Background on this error at: https://sqlalche.me/e/20/gkpj) (Background on this error at: https://sqlalche.me/e/20/7s2a)
2026-07-15 01:48:20,623 - ERROR - Error importing problem at row 64: This Session's transaction has been rolled back due to a previous exception during flush. To begin a new transaction with this Session, first issue Session.rollback(). Original exception was: (sqlite3.IntegrityError) UNIQUE constraint failed: companies.website
[SQL: INSERT INTO companies (slug, name, country, ai_category, segment_tags, use_cases, top_german_customers, germany_presence, company_type, funding, estimated_revenue, maturity, deployment_evidence, website, source, status, news_last_refreshed, created_at, updated_at, is_deleted, deleted_at) VALUES (?, ?, ?, ?, ?, ?, ?, ?, ?, ?, ?, ?, ?, ?, ?, ?, ?, ?, ?, ?, ?)]
[parameters: ('burkert-fluid-control-advanced-ai', 'Bürkert Fluid Control (Advanced AI)', 'Germany', 'Fluid Process AI for Beverages', '["1", "9", "10"]', '["Process control AI for beverage CIP", "mixing AI", "filling AI integration"]', '["German dairy", "brewery and soft drink processors (advanced B\\u00fcrkert AI module)"]', 'LOCAL HQ — Ingelfingen (Baden-Württemberg)', 'Incumbent (Private, family)', None, None, 3, 'German food fluid process AI (advanced Bürkert Flow+ AI at dairy and beverage plants)', 'https://burkert.com/', 'dataset', 'APPROVED', None, '2026-07-14 20:18:20.231853', '2026-07-14 20:18:20.231853', 0, None)]
(Background on this error at: https://sqlalche.me/e/20/gkpj) (Background on this error at: https://sqlalche.me/e/20/7s2a)
2026-07-15 01:48:20,626 - ERROR - Error importing problem at row 65: This Session's transaction has been rolled back due to a previous exception during flush. To begin a new transaction with this Session, first issue Session.rollback(). Original exception was: (sqlite3.IntegrityError) UNIQUE constraint failed: companies.website
[SQL: INSERT INTO companies (slug, name, country, ai_category, segment_tags, use_cases, top_german_customers, germany_presence, company_type, funding, estimated_revenue, maturity, deployment_evidence, website, source, status, news_last_refreshed, created_at, updated_at, is_deleted, deleted_at) VALUES (?, ?, ?, ?, ?, ?, ?, ?, ?, ?, ?, ?, ?, ?, ?, ?, ?, ?, ?, ?, ?)]
[parameters: ('burkert-fluid-control-advanced-ai', 'Bürkert Fluid Control (Advanced AI)', 'Germany', 'Fluid Process AI for Beverages', '["1", "9", "10"]', '["Process control AI for beverage CIP", "mixing AI", "filling AI integration"]', '["German dairy", "brewery and soft drink processors (advanced B\\u00fcrkert AI module)"]', 'LOCAL HQ — Ingelfingen (Baden-Württemberg)', 'Incumbent (Private, family)', None, None, 3, 'German food fluid process AI (advanced Bürkert Flow+ AI at dairy and beverage plants)', 'https://burkert.com/', 'dataset', 'APPROVED', None, '2026-07-14 20:18:20.231853', '2026-07-14 20:18:20.231853', 0, None)]
(Background on this error at: https://sqlalche.me/e/20/gkpj) (Background on this error at: https://sqlalche.me/e/20/7s2a)
2026-07-15 01:48:20,627 - ERROR - Error importing problem at row 66: This Session's transaction has been rolled back due to a previous exception during flush. To begin a new transaction with this Session, first issue Session.rollback(). Original exception was: (sqlite3.IntegrityError) UNIQUE constraint failed: companies.website
[SQL: INSERT INTO companies (slug, name, country, ai_category, segment_tags, use_cases, top_german_customers, germany_presence, company_type, funding, estimated_revenue, maturity, deployment_evidence, website, source, status, news_last_refreshed, created_at, updated_at, is_deleted, deleted_at) VALUES (?, ?, ?, ?, ?, ?, ?, ?, ?, ?, ?, ?, ?, ?, ?, ?, ?, ?, ?, ?, ?)]
[parameters: ('burkert-fluid-control-advanced-ai', 'Bürkert Fluid Control (Advanced AI)', 'Germany', 'Fluid Process AI for Beverages', '["1", "9", "10"]', '["Process control AI for beverage CIP", "mixing AI", "filling AI integration"]', '["German dairy", "brewery and soft drink processors (advanced B\\u00fcrkert AI module)"]', 'LOCAL HQ — Ingelfingen (Baden-Württemberg)', 'Incumbent (Private, family)', None, None, 3, 'German food fluid process AI (advanced Bürkert Flow+ AI at dairy and beverage plants)', 'https://burkert.com/', 'dataset', 'APPROVED', None, '2026-07-14 20:18:20.231853', '2026-07-14 20:18:20.231853', 0, None)]
(Background on this error at: https://sqlalche.me/e/20/gkpj) (Background on this error at: https://sqlalche.me/e/20/7s2a)
2026-07-15 01:48:20,629 - ERROR - Error importing problem at row 67: This Session's transaction has been rolled back due to a previous exception during flush. To begin a new transaction with this Session, first issue Session.rollback(). Original exception was: (sqlite3.IntegrityError) UNIQUE constraint failed: companies.website
[SQL: INSERT INTO companies (slug, name, country, ai_category, segment_tags, use_cases, top_german_customers, germany_presence, company_type, funding, estimated_revenue, maturity, deployment_evidence, website, source, status, news_last_refreshed, created_at, updated_at, is_deleted, deleted_at) VALUES (?, ?, ?, ?, ?, ?, ?, ?, ?, ?, ?, ?, ?, ?, ?, ?, ?, ?, ?, ?, ?)]
[parameters: ('burkert-fluid-control-advanced-ai', 'Bürkert Fluid Control (Advanced AI)', 'Germany', 'Fluid Process AI for Beverages', '["1", "9", "10"]', '["Process control AI for beverage CIP", "mixing AI", "filling AI integration"]', '["German dairy", "brewery and soft drink processors (advanced B\\u00fcrkert AI module)"]', 'LOCAL HQ — Ingelfingen (Baden-Württemberg)', 'Incumbent (Private, family)', None, None, 3, 'German food fluid process AI (advanced Bürkert Flow+ AI at dairy and beverage plants)', 'https://burkert.com/', 'dataset', 'APPROVED', None, '2026-07-14 20:18:20.231853', '2026-07-14 20:18:20.231853', 0, None)]
(Background on this error at: https://sqlalche.me/e/20/gkpj) (Background on this error at: https://sqlalche.me/e/20/7s2a)
2026-07-15 01:48:20,632 - ERROR - Error importing problem at row 68: This Session's transaction has been rolled back due to a previous exception during flush. To begin a new transaction with this Session, first issue Session.rollback(). Original exception was: (sqlite3.IntegrityError) UNIQUE constraint failed: companies.website
[SQL: INSERT INTO companies (slug, name, country, ai_category, segment_tags, use_cases, top_german_customers, germany_presence, company_type, funding, estimated_revenue, maturity, deployment_evidence, website, source, status, news_last_refreshed, created_at, updated_at, is_deleted, deleted_at) VALUES (?, ?, ?, ?, ?, ?, ?, ?, ?, ?, ?, ?, ?, ?, ?, ?, ?, ?, ?, ?, ?)]
[parameters: ('burkert-fluid-control-advanced-ai', 'Bürkert Fluid Control (Advanced AI)', 'Germany', 'Fluid Process AI for Beverages', '["1", "9", "10"]', '["Process control AI for beverage CIP", "mixing AI", "filling AI integration"]', '["German dairy", "brewery and soft drink processors (advanced B\\u00fcrkert AI module)"]', 'LOCAL HQ — Ingelfingen (Baden-Württemberg)', 'Incumbent (Private, family)', None, None, 3, 'German food fluid process AI (advanced Bürkert Flow+ AI at dairy and beverage plants)', 'https://burkert.com/', 'dataset', 'APPROVED', None, '2026-07-14 20:18:20.231853', '2026-07-14 20:18:20.231853', 0, None)]
(Background on this error at: https://sqlalche.me/e/20/gkpj) (Background on this error at: https://sqlalche.me/e/20/7s2a)
2026-07-15 01:48:20,634 - ERROR - Error importing problem at row 69: This Session's transaction has been rolled back due to a previous exception during flush. To begin a new transaction with this Session, first issue Session.rollback(). Original exception was: (sqlite3.IntegrityError) UNIQUE constraint failed: companies.website
[SQL: INSERT INTO companies (slug, name, country, ai_category, segment_tags, use_cases, top_german_customers, germany_presence, company_type, funding, estimated_revenue, maturity, deployment_evidence, website, source, status, news_last_refreshed, created_at, updated_at, is_deleted, deleted_at) VALUES (?, ?, ?, ?, ?, ?, ?, ?, ?, ?, ?, ?, ?, ?, ?, ?, ?, ?, ?, ?, ?)]
[parameters: ('burkert-fluid-control-advanced-ai', 'Bürkert Fluid Control (Advanced AI)', 'Germany', 'Fluid Process AI for Beverages', '["1", "9", "10"]', '["Process control AI for beverage CIP", "mixing AI", "filling AI integration"]', '["German dairy", "brewery and soft drink processors (advanced B\\u00fcrkert AI module)"]', 'LOCAL HQ — Ingelfingen (Baden-Württemberg)', 'Incumbent (Private, family)', None, None, 3, 'German food fluid process AI (advanced Bürkert Flow+ AI at dairy and beverage plants)', 'https://burkert.com/', 'dataset', 'APPROVED', None, '2026-07-14 20:18:20.231853', '2026-07-14 20:18:20.231853', 0, None)]
(Background on this error at: https://sqlalche.me/e/20/gkpj) (Background on this error at: https://sqlalche.me/e/20/7s2a)
2026-07-15 01:48:20,636 - ERROR - Error importing problem at row 70: This Session's transaction has been rolled back due to a previous exception during flush. To begin a new transaction with this Session, first issue Session.rollback(). Original exception was: (sqlite3.IntegrityError) UNIQUE constraint failed: companies.website
[SQL: INSERT INTO companies (slug, name, country, ai_category, segment_tags, use_cases, top_german_customers, germany_presence, company_type, funding, estimated_revenue, maturity, deployment_evidence, website, source, status, news_last_refreshed, created_at, updated_at, is_deleted, deleted_at) VALUES (?, ?, ?, ?, ?, ?, ?, ?, ?, ?, ?, ?, ?, ?, ?, ?, ?, ?, ?, ?, ?)]
[parameters: ('burkert-fluid-control-advanced-ai', 'Bürkert Fluid Control (Advanced AI)', 'Germany', 'Fluid Process AI for Beverages', '["1", "9", "10"]', '["Process control AI for beverage CIP", "mixing AI", "filling AI integration"]', '["German dairy", "brewery and soft drink processors (advanced B\\u00fcrkert AI module)"]', 'LOCAL HQ — Ingelfingen (Baden-Württemberg)', 'Incumbent (Private, family)', None, None, 3, 'German food fluid process AI (advanced Bürkert Flow+ AI at dairy and beverage plants)', 'https://burkert.com/', 'dataset', 'APPROVED', None, '2026-07-14 20:18:20.231853', '2026-07-14 20:18:20.231853', 0, None)]
(Background on this error at: https://sqlalche.me/e/20/gkpj) (Background on this error at: https://sqlalche.me/e/20/7s2a)
2026-07-15 01:48:20,637 - INFO - Importing Mappings...
2026-07-15 01:48:20,638 - WARNING - Row 0 (Mapping): Missing company_name or problem_category
2026-07-15 01:48:20,640 - WARNING - Row 1 (Mapping): Missing company_name or problem_category
2026-07-15 01:48:20,641 - WARNING - Row 2 (Mapping): Missing company_name or problem_category
2026-07-15 01:48:20,642 - WARNING - Row 3 (Mapping): Missing company_name or problem_category
2026-07-15 01:48:20,643 - WARNING - Row 4 (Mapping): Missing company_name or problem_category
2026-07-15 01:48:20,645 - WARNING - Row 5 (Mapping): Missing company_name or problem_category
2026-07-15 01:48:20,646 - WARNING - Row 6 (Mapping): Missing company_name or problem_category
2026-07-15 01:48:20,647 - WARNING - Row 7 (Mapping): Missing company_name or problem_category
2026-07-15 01:48:20,648 - WARNING - Row 8 (Mapping): Missing company_name or problem_category
2026-07-15 01:48:20,649 - WARNING - Row 9 (Mapping): Missing company_name or problem_category
2026-07-15 01:48:20,650 - WARNING - Row 10 (Mapping): Missing company_name or problem_category
2026-07-15 01:48:20,651 - WARNING - Row 11 (Mapping): Missing company_name or problem_category
2026-07-15 01:48:20,652 - WARNING - Row 12 (Mapping): Missing company_name or problem_category
2026-07-15 01:48:20,654 - WARNING - Row 13 (Mapping): Missing company_name or problem_category
2026-07-15 01:48:20,655 - WARNING - Row 14 (Mapping): Missing company_name or problem_category
2026-07-15 01:48:20,656 - WARNING - Row 15 (Mapping): Missing company_name or problem_category
2026-07-15 01:48:20,657 - WARNING - Row 16 (Mapping): Missing company_name or problem_category
2026-07-15 01:48:20,658 - WARNING - Row 17 (Mapping): Missing company_name or problem_category
2026-07-15 01:48:20,659 - WARNING - Row 18 (Mapping): Missing company_name or problem_category
2026-07-15 01:48:20,660 - WARNING - Row 19 (Mapping): Missing company_name or problem_category
2026-07-15 01:48:20,661 - WARNING - Row 20 (Mapping): Missing company_name or problem_category
2026-07-15 01:48:20,662 - WARNING - Row 21 (Mapping): Missing company_name or problem_category
2026-07-15 01:48:20,663 - WARNING - Row 22 (Mapping): Missing company_name or problem_category
2026-07-15 01:48:20,663 - WARNING - Row 23 (Mapping): Missing company_name or problem_category
2026-07-15 01:48:20,670 - ERROR - Fatal error during import transaction. Rolling back. This Session's transaction has been rolled back due to a previous exception during flush. To begin a new transaction with this Session, first issue Session.rollback(). Original exception was: (sqlite3.IntegrityError) UNIQUE constraint failed: companies.website
[SQL: INSERT INTO companies (slug, name, country, ai_category, segment_tags, use_cases, top_german_customers, germany_presence, company_type, funding, estimated_revenue, maturity, deployment_evidence, website, source, status, news_last_refreshed, created_at, updated_at, is_deleted, deleted_at) VALUES (?, ?, ?, ?, ?, ?, ?, ?, ?, ?, ?, ?, ?, ?, ?, ?, ?, ?, ?, ?, ?)]
[parameters: ('burkert-fluid-control-advanced-ai', 'Bürkert Fluid Control (Advanced AI)', 'Germany', 'Fluid Process AI for Beverages', '["1", "9", "10"]', '["Process control AI for beverage CIP", "mixing AI", "filling AI integration"]', '["German dairy", "brewery and soft drink processors (advanced B\\u00fcrkert AI module)"]', 'LOCAL HQ — Ingelfingen (Baden-Württemberg)', 'Incumbent (Private, family)', None, None, 3, 'German food fluid process AI (advanced Bürkert Flow+ AI at dairy and beverage plants)', 'https://burkert.com/', 'dataset', 'APPROVED', None, '2026-07-14 20:18:20.231853', '2026-07-14 20:18:20.231853', 0, None)]
(Background on this error at: https://sqlalche.me/e/20/gkpj) (Background on this error at: https://sqlalche.me/e/20/7s2a)
2026-07-15 01:48:20,672 - ERROR - Ingestion failed: This Session's transaction has been rolled back due to a previous exception during flush. To begin a new transaction with this Session, first issue Session.rollback(). Original exception was: (sqlite3.IntegrityError) UNIQUE constraint failed: companies.website
[SQL: INSERT INTO companies (slug, name, country, ai_category, segment_tags, use_cases, top_german_customers, germany_presence, company_type, funding, estimated_revenue, maturity, deployment_evidence, website, source, status, news_last_refreshed, created_at, updated_at, is_deleted, deleted_at) VALUES (?, ?, ?, ?, ?, ?, ?, ?, ?, ?, ?, ?, ?, ?, ?, ?, ?, ?, ?, ?, ?)]
[parameters: ('burkert-fluid-control-advanced-ai', 'Bürkert Fluid Control (Advanced AI)', 'Germany', 'Fluid Process AI for Beverages', '["1", "9", "10"]', '["Process control AI for beverage CIP", "mixing AI", "filling AI integration"]', '["German dairy", "brewery and soft drink processors (advanced B\\u00fcrkert AI module)"]', 'LOCAL HQ — Ingelfingen (Baden-Württemberg)', 'Incumbent (Private, family)', None, None, 3, 'German food fluid process AI (advanced Bürkert Flow+ AI at dairy and beverage plants)', 'https://burkert.com/', 'dataset', 'APPROVED', None, '2026-07-14 20:18:20.231853', '2026-07-14 20:18:20.231853', 0, None)]
(Background on this error at: https://sqlalche.me/e/20/gkpj) (Background on this error at: https://sqlalche.me/e/20/7s2a)
2026-07-15 01:49:02,902 - INFO - Starting Dataset Ingestion Pipeline
2026-07-15 01:49:02,939 - INFO - Loaded 15 rows from sectors_reference.csv
2026-07-15 01:49:02,945 - INFO - Loaded 116 rows from companies_germany.csv
2026-07-15 01:49:02,947 - INFO - Loaded 71 rows from problems_germany.csv
2026-07-15 01:49:02,950 - INFO - Loaded 24 rows from problem_company_mapping.csv
2026-07-15 01:49:02,951 - INFO - Importing Sectors...
2026-07-15 01:49:03,061 - INFO - Importing Companies...
2026-07-15 01:49:03,544 - ERROR - Error importing company at row 58: (sqlite3.IntegrityError) UNIQUE constraint failed: companies.website
[SQL: INSERT INTO companies (slug, name, country, ai_category, segment_tags, use_cases, top_german_customers, germany_presence, company_type, funding, estimated_revenue, maturity, deployment_evidence, website, source, status, news_last_refreshed, created_at, updated_at, is_deleted, deleted_at) VALUES (?, ?, ?, ?, ?, ?, ?, ?, ?, ?, ?, ?, ?, ?, ?, ?, ?, ?, ?, ?, ?)]
[parameters: ('burkert-fluid-control-advanced-ai', 'Bürkert Fluid Control (Advanced AI)', 'Germany', 'Fluid Process AI for Beverages', '["1", "9", "10"]', '["Process control AI for beverage CIP", "mixing AI", "filling AI integration"]', '["German dairy", "brewery and soft drink processors (advanced B\\u00fcrkert AI module)"]', 'LOCAL HQ — Ingelfingen (Baden-Württemberg)', 'Incumbent (Private, family)', None, None, 3, 'German food fluid process AI (advanced Bürkert Flow+ AI at dairy and beverage plants)', 'https://burkert.com/', 'dataset', 'APPROVED', None, '2026-07-14 20:19:03.543724', '2026-07-14 20:19:03.543724', 0, None)]
(Background on this error at: https://sqlalche.me/e/20/gkpj)
2026-07-15 01:49:03,768 - ERROR - Error importing company at row 85: (sqlite3.IntegrityError) UNIQUE constraint failed: companies.website
[SQL: INSERT INTO companies (slug, name, country, ai_category, segment_tags, use_cases, top_german_customers, germany_presence, company_type, funding, estimated_revenue, maturity, deployment_evidence, website, source, status, news_last_refreshed, created_at, updated_at, is_deleted, deleted_at) VALUES (?, ?, ?, ?, ?, ?, ?, ?, ?, ?, ?, ?, ?, ?, ?, ?, ?, ?, ?, ?, ?)]
[parameters: ('multivac-sepp-haggenmuller', 'Multivac Sepp Haggenmüller', 'Germany', 'Packaging & AI Processing (Premium)', '["2", "1", "4", "7"]', '["Tray sealing AI with vision", "modified atmosphere packaging AI", "slice packaging AI"]', '["German meat", "dairy and deli food manufacturers"]', 'LOCAL HQ — Wolfertschwenden (Bavaria)', 'Incumbent (Private, family — separate entry to Multivac Group)', None, None, 4, 'German deli and meat packaging AI (Multivac MAP AI at German dairy/meat plants)', 'https://multivac.com/', 'dataset', 'APPROVED', None, '2026-07-14 20:19:03.768179', '2026-07-14 20:19:03.768179', 0, None)]
(Background on this error at: https://sqlalche.me/e/20/gkpj)
2026-07-15 01:49:03,789 - ERROR - Error importing company at row 88: (sqlite3.IntegrityError) UNIQUE constraint failed: companies.website
[SQL: INSERT INTO companies (slug, name, country, ai_category, segment_tags, use_cases, top_german_customers, germany_presence, company_type, funding, estimated_revenue, maturity, deployment_evidence, website, source, status, news_last_refreshed, created_at, updated_at, is_deleted, deleted_at) VALUES (?, ?, ?, ?, ?, ?, ?, ?, ?, ?, ?, ?, ?, ?, ?, ?, ?, ?, ?, ?, ?)]
[parameters: ('nobell-foods-inc', 'Nobell Foods Inc', 'USA', 'Animal-Free Casein Protein AI', '["1", "15"]', '["AI-engineered soy casein for cheese melt", "dairy analogue AI"]', '["German dairy alternative producers"]', 'GLOBAL PRESENCE — Burlingame CA; EU dairy partnerships', 'NewCo (Series B, $75M)', None, None, 1, 'EU animal-free cheese protein AI (Nobell casein AI for European dairy analogues)', 'https://nobell.io/', 'dataset', 'APPROVED', None, '2026-07-14 20:19:03.788194', '2026-07-14 20:19:03.788194', 0, None)]
(Background on this error at: https://sqlalche.me/e/20/gkpj)
2026-07-15 01:49:04,031 - INFO - Importing Problems...
2026-07-15 01:49:04,680 - INFO - Importing Mappings...
2026-07-15 01:49:04,681 - WARNING - Row 0 (Mapping): Missing company_name or problem_category
2026-07-15 01:49:04,682 - WARNING - Row 1 (Mapping): Missing company_name or problem_category
2026-07-15 01:49:04,683 - WARNING - Row 2 (Mapping): Missing company_name or problem_category
2026-07-15 01:49:04,684 - WARNING - Row 3 (Mapping): Missing company_name or problem_category
2026-07-15 01:49:04,685 - WARNING - Row 4 (Mapping): Missing company_name or problem_category
2026-07-15 01:49:04,685 - WARNING - Row 5 (Mapping): Missing company_name or problem_category
2026-07-15 01:49:04,686 - WARNING - Row 6 (Mapping): Missing company_name or problem_category
2026-07-15 01:49:04,687 - WARNING - Row 7 (Mapping): Missing company_name or problem_category
2026-07-15 01:49:04,688 - WARNING - Row 8 (Mapping): Missing company_name or problem_category
2026-07-15 01:49:04,689 - WARNING - Row 9 (Mapping): Missing company_name or problem_category
2026-07-15 01:49:04,689 - WARNING - Row 10 (Mapping): Missing company_name or problem_category
2026-07-15 01:49:04,690 - WARNING - Row 11 (Mapping): Missing company_name or problem_category
2026-07-15 01:49:04,691 - WARNING - Row 12 (Mapping): Missing company_name or problem_category
2026-07-15 01:49:04,692 - WARNING - Row 13 (Mapping): Missing company_name or problem_category
2026-07-15 01:49:04,693 - WARNING - Row 14 (Mapping): Missing company_name or problem_category
2026-07-15 01:49:04,694 - WARNING - Row 15 (Mapping): Missing company_name or problem_category
2026-07-15 01:49:04,695 - WARNING - Row 16 (Mapping): Missing company_name or problem_category
2026-07-15 01:49:04,696 - WARNING - Row 17 (Mapping): Missing company_name or problem_category
2026-07-15 01:49:04,697 - WARNING - Row 18 (Mapping): Missing company_name or problem_category
2026-07-15 01:49:04,698 - WARNING - Row 19 (Mapping): Missing company_name or problem_category
2026-07-15 01:49:04,699 - WARNING - Row 20 (Mapping): Missing company_name or problem_category
2026-07-15 01:49:04,700 - WARNING - Row 21 (Mapping): Missing company_name or problem_category
2026-07-15 01:49:04,701 - WARNING - Row 22 (Mapping): Missing company_name or problem_category
2026-07-15 01:49:04,702 - WARNING - Row 23 (Mapping): Missing company_name or problem_category
2026-07-15 01:49:04,703 - INFO - Transaction committed successfully.
2026-07-15 01:49:04,704 - INFO - Wrote import summary JSON to C:\Users\BISON TECH\Desktop\AIML\Proj\AI-Atlas\logs\import_summary.json
2026-07-15 01:49:58,322 - INFO - Starting Dataset Ingestion Pipeline
2026-07-15 01:49:58,327 - INFO - Loaded 15 rows from sectors_reference.csv
2026-07-15 01:49:58,331 - INFO - Loaded 116 rows from companies_germany.csv
2026-07-15 01:49:58,334 - INFO - Loaded 71 rows from problems_germany.csv
2026-07-15 01:49:58,336 - INFO - Loaded 24 rows from problem_company_mapping.csv
2026-07-15 01:49:58,337 - INFO - Importing Sectors...
2026-07-15 01:49:58,382 - INFO - Importing Companies...
2026-07-15 01:49:58,474 - ERROR - Error importing company at row 58: (sqlite3.IntegrityError) UNIQUE constraint failed: companies.website
[SQL: INSERT INTO companies (slug, name, country, ai_category, segment_tags, use_cases, top_german_customers, germany_presence, company_type, funding, estimated_revenue, maturity, deployment_evidence, website, source, status, news_last_refreshed, created_at, updated_at, is_deleted, deleted_at) VALUES (?, ?, ?, ?, ?, ?, ?, ?, ?, ?, ?, ?, ?, ?, ?, ?, ?, ?, ?, ?, ?)]
[parameters: ('burkert-fluid-control-advanced-ai', 'Bürkert Fluid Control (Advanced AI)', 'Germany', 'Fluid Process AI for Beverages', '["1", "9", "10"]', '["Process control AI for beverage CIP", "mixing AI", "filling AI integration"]', '["German dairy", "brewery and soft drink processors (advanced B\\u00fcrkert AI module)"]', 'LOCAL HQ — Ingelfingen (Baden-Württemberg)', 'Incumbent (Private, family)', None, None, 3, 'German food fluid process AI (advanced Bürkert Flow+ AI at dairy and beverage plants)', 'https://burkert.com/', 'dataset', 'APPROVED', None, '2026-07-14 20:19:58.474255', '2026-07-14 20:19:58.474255', 0, None)]
(Background on this error at: https://sqlalche.me/e/20/gkpj)
2026-07-15 01:49:58,517 - ERROR - Error importing company at row 85: (sqlite3.IntegrityError) UNIQUE constraint failed: companies.website
[SQL: INSERT INTO companies (slug, name, country, ai_category, segment_tags, use_cases, top_german_customers, germany_presence, company_type, funding, estimated_revenue, maturity, deployment_evidence, website, source, status, news_last_refreshed, created_at, updated_at, is_deleted, deleted_at) VALUES (?, ?, ?, ?, ?, ?, ?, ?, ?, ?, ?, ?, ?, ?, ?, ?, ?, ?, ?, ?, ?)]
[parameters: ('multivac-sepp-haggenmuller', 'Multivac Sepp Haggenmüller', 'Germany', 'Packaging & AI Processing (Premium)', '["2", "1", "4", "7"]', '["Tray sealing AI with vision", "modified atmosphere packaging AI", "slice packaging AI"]', '["German meat", "dairy and deli food manufacturers"]', 'LOCAL HQ — Wolfertschwenden (Bavaria)', 'Incumbent (Private, family — separate entry to Multivac Group)', None, None, 4, 'German deli and meat packaging AI (Multivac MAP AI at German dairy/meat plants)', 'https://multivac.com/', 'dataset', 'APPROVED', None, '2026-07-14 20:19:58.517242', '2026-07-14 20:19:58.517242', 0, None)]
(Background on this error at: https://sqlalche.me/e/20/gkpj)
2026-07-15 01:49:58,524 - ERROR - Error importing company at row 88: (sqlite3.IntegrityError) UNIQUE constraint failed: companies.website
[SQL: INSERT INTO companies (slug, name, country, ai_category, segment_tags, use_cases, top_german_customers, germany_presence, company_type, funding, estimated_revenue, maturity, deployment_evidence, website, source, status, news_last_refreshed, created_at, updated_at, is_deleted, deleted_at) VALUES (?, ?, ?, ?, ?, ?, ?, ?, ?, ?, ?, ?, ?, ?, ?, ?, ?, ?, ?, ?, ?)]
[parameters: ('nobell-foods-inc', 'Nobell Foods Inc', 'USA', 'Animal-Free Casein Protein AI', '["1", "15"]', '["AI-engineered soy casein for cheese melt", "dairy analogue AI"]', '["German dairy alternative producers"]', 'GLOBAL PRESENCE — Burlingame CA; EU dairy partnerships', 'NewCo (Series B, $75M)', None, None, 1, 'EU animal-free cheese protein AI (Nobell casein AI for European dairy analogues)', 'https://nobell.io/', 'dataset', 'APPROVED', None, '2026-07-14 20:19:58.524221', '2026-07-14 20:19:58.524221', 0, None)]
(Background on this error at: https://sqlalche.me/e/20/gkpj)
2026-07-15 01:49:58,577 - INFO - Importing Problems...
2026-07-15 01:49:59,059 - INFO - Importing Mappings...
2026-07-15 01:49:59,060 - WARNING - Row 0 (Mapping): Missing company_name or problem_category
2026-07-15 01:49:59,061 - WARNING - Row 1 (Mapping): Missing company_name or problem_category
2026-07-15 01:49:59,061 - WARNING - Row 2 (Mapping): Missing company_name or problem_category
2026-07-15 01:49:59,062 - WARNING - Row 3 (Mapping): Missing company_name or problem_category
2026-07-15 01:49:59,062 - WARNING - Row 4 (Mapping): Missing company_name or problem_category
2026-07-15 01:49:59,063 - WARNING - Row 5 (Mapping): Missing company_name or problem_category
2026-07-15 01:49:59,063 - WARNING - Row 6 (Mapping): Missing company_name or problem_category
2026-07-15 01:49:59,064 - WARNING - Row 7 (Mapping): Missing company_name or problem_category
2026-07-15 01:49:59,065 - WARNING - Row 8 (Mapping): Missing company_name or problem_category
2026-07-15 01:49:59,065 - WARNING - Row 9 (Mapping): Missing company_name or problem_category
2026-07-15 01:49:59,066 - WARNING - Row 10 (Mapping): Missing company_name or problem_category
2026-07-15 01:49:59,067 - WARNING - Row 11 (Mapping): Missing company_name or problem_category
2026-07-15 01:49:59,068 - WARNING - Row 12 (Mapping): Missing company_name or problem_category
2026-07-15 01:49:59,069 - WARNING - Row 13 (Mapping): Missing company_name or problem_category
2026-07-15 01:49:59,070 - WARNING - Row 14 (Mapping): Missing company_name or problem_category
2026-07-15 01:49:59,071 - WARNING - Row 15 (Mapping): Missing company_name or problem_category
2026-07-15 01:49:59,071 - WARNING - Row 16 (Mapping): Missing company_name or problem_category
2026-07-15 01:49:59,072 - WARNING - Row 17 (Mapping): Missing company_name or problem_category
2026-07-15 01:49:59,072 - WARNING - Row 18 (Mapping): Missing company_name or problem_category
2026-07-15 01:49:59,073 - WARNING - Row 19 (Mapping): Missing company_name or problem_category
2026-07-15 01:49:59,074 - WARNING - Row 20 (Mapping): Missing company_name or problem_category
2026-07-15 01:49:59,075 - WARNING - Row 21 (Mapping): Missing company_name or problem_category
2026-07-15 01:49:59,076 - WARNING - Row 22 (Mapping): Missing company_name or problem_category
2026-07-15 01:49:59,077 - WARNING - Row 23 (Mapping): Missing company_name or problem_category
2026-07-15 01:49:59,078 - INFO - Transaction committed successfully.
2026-07-15 01:49:59,083 - INFO - Wrote import summary JSON to C:\Users\BISON TECH\Desktop\AIML\Proj\AI-Atlas\logs\import_summary.json
2026-07-15 01:54:45,312 - INFO - Starting Dataset Ingestion Pipeline
2026-07-15 01:54:45,317 - INFO - Loaded 15 rows from sectors_reference.csv
2026-07-15 01:54:45,322 - INFO - Loaded 116 rows from companies_germany.csv
2026-07-15 01:54:45,325 - INFO - Loaded 71 rows from problems_germany.csv
2026-07-15 01:54:45,329 - INFO - Loaded 24 rows from problem_company_mapping.csv
2026-07-15 01:54:45,329 - INFO - Importing Sectors...
2026-07-15 01:54:45,376 - INFO - Importing Companies...
2026-07-15 01:54:45,487 - ERROR - Error importing company at row 58: (sqlite3.IntegrityError) UNIQUE constraint failed: companies.website
[SQL: INSERT INTO companies (slug, name, country, ai_category, segment_tags, use_cases, top_german_customers, germany_presence, company_type, funding, estimated_revenue, maturity, deployment_evidence, website, source, status, news_last_refreshed, created_at, updated_at, is_deleted, deleted_at) VALUES (?, ?, ?, ?, ?, ?, ?, ?, ?, ?, ?, ?, ?, ?, ?, ?, ?, ?, ?, ?, ?)]
[parameters: ('burkert-fluid-control-advanced-ai', 'Bürkert Fluid Control (Advanced AI)', 'Germany', 'Fluid Process AI for Beverages', '["1", "9", "10"]', '["Process control AI for beverage CIP", "mixing AI", "filling AI integration"]', '["German dairy", "brewery and soft drink processors (advanced B\\u00fcrkert AI module)"]', 'LOCAL HQ — Ingelfingen (Baden-Württemberg)', 'Incumbent (Private, family)', None, None, 3, 'German food fluid process AI (advanced Bürkert Flow+ AI at dairy and beverage plants)', 'https://burkert.com/', 'dataset', 'APPROVED', None, '2026-07-14 20:24:45.487021', '2026-07-14 20:24:45.487021', 0, None)]
(Background on this error at: https://sqlalche.me/e/20/gkpj)
2026-07-15 01:54:45,537 - ERROR - Error importing company at row 85: (sqlite3.IntegrityError) UNIQUE constraint failed: companies.website
[SQL: INSERT INTO companies (slug, name, country, ai_category, segment_tags, use_cases, top_german_customers, germany_presence, company_type, funding, estimated_revenue, maturity, deployment_evidence, website, source, status, news_last_refreshed, created_at, updated_at, is_deleted, deleted_at) VALUES (?, ?, ?, ?, ?, ?, ?, ?, ?, ?, ?, ?, ?, ?, ?, ?, ?, ?, ?, ?, ?)]
[parameters: ('multivac-sepp-haggenmuller', 'Multivac Sepp Haggenmüller', 'Germany', 'Packaging & AI Processing (Premium)', '["2", "1", "4", "7"]', '["Tray sealing AI with vision", "modified atmosphere packaging AI", "slice packaging AI"]', '["German meat", "dairy and deli food manufacturers"]', 'LOCAL HQ — Wolfertschwenden (Bavaria)', 'Incumbent (Private, family — separate entry to Multivac Group)', None, None, 4, 'German deli and meat packaging AI (Multivac MAP AI at German dairy/meat plants)', 'https://multivac.com/', 'dataset', 'APPROVED', None, '2026-07-14 20:24:45.537056', '2026-07-14 20:24:45.537056', 0, None)]
(Background on this error at: https://sqlalche.me/e/20/gkpj)
2026-07-15 01:54:45,544 - ERROR - Error importing company at row 88: (sqlite3.IntegrityError) UNIQUE constraint failed: companies.website
[SQL: INSERT INTO companies (slug, name, country, ai_category, segment_tags, use_cases, top_german_customers, germany_presence, company_type, funding, estimated_revenue, maturity, deployment_evidence, website, source, status, news_last_refreshed, created_at, updated_at, is_deleted, deleted_at) VALUES (?, ?, ?, ?, ?, ?, ?, ?, ?, ?, ?, ?, ?, ?, ?, ?, ?, ?, ?, ?, ?)]
[parameters: ('nobell-foods-inc', 'Nobell Foods Inc', 'USA', 'Animal-Free Casein Protein AI', '["1", "15"]', '["AI-engineered soy casein for cheese melt", "dairy analogue AI"]', '["German dairy alternative producers"]', 'GLOBAL PRESENCE — Burlingame CA; EU dairy partnerships', 'NewCo (Series B, $75M)', None, None, 1, 'EU animal-free cheese protein AI (Nobell casein AI for European dairy analogues)', 'https://nobell.io/', 'dataset', 'APPROVED', None, '2026-07-14 20:24:45.543058', '2026-07-14 20:24:45.543058', 0, None)]
(Background on this error at: https://sqlalche.me/e/20/gkpj)
2026-07-15 01:54:45,592 - INFO - Importing Problems...
2026-07-15 01:54:46,058 - INFO - Importing Mappings...
2026-07-15 01:54:46,059 - WARNING - Row 0 (Mapping): Missing company_name or problem_category
2026-07-15 01:54:46,060 - WARNING - Row 1 (Mapping): Missing company_name or problem_category
2026-07-15 01:54:46,061 - WARNING - Row 2 (Mapping): Missing company_name or problem_category
2026-07-15 01:54:46,061 - WARNING - Row 3 (Mapping): Missing company_name or problem_category
2026-07-15 01:54:46,062 - WARNING - Row 4 (Mapping): Missing company_name or problem_category
2026-07-15 01:54:46,063 - WARNING - Row 5 (Mapping): Missing company_name or problem_category
2026-07-15 01:54:46,063 - WARNING - Row 6 (Mapping): Missing company_name or problem_category
2026-07-15 01:54:46,064 - WARNING - Row 7 (Mapping): Missing company_name or problem_category
2026-07-15 01:54:46,065 - WARNING - Row 8 (Mapping): Missing company_name or problem_category
2026-07-15 01:54:46,066 - WARNING - Row 9 (Mapping): Missing company_name or problem_category
2026-07-15 01:54:46,066 - WARNING - Row 10 (Mapping): Missing company_name or problem_category
2026-07-15 01:54:46,067 - WARNING - Row 11 (Mapping): Missing company_name or problem_category
2026-07-15 01:54:46,068 - WARNING - Row 12 (Mapping): Missing company_name or problem_category
2026-07-15 01:54:46,069 - WARNING - Row 13 (Mapping): Missing company_name or problem_category
2026-07-15 01:54:46,070 - WARNING - Row 14 (Mapping): Missing company_name or problem_category
2026-07-15 01:54:46,071 - WARNING - Row 15 (Mapping): Missing company_name or problem_category
2026-07-15 01:54:46,071 - WARNING - Row 16 (Mapping): Missing company_name or problem_category
2026-07-15 01:54:46,072 - WARNING - Row 17 (Mapping): Missing company_name or problem_category
2026-07-15 01:54:46,073 - WARNING - Row 18 (Mapping): Missing company_name or problem_category
2026-07-15 01:54:46,073 - WARNING - Row 19 (Mapping): Missing company_name or problem_category
2026-07-15 01:54:46,074 - WARNING - Row 20 (Mapping): Missing company_name or problem_category
2026-07-15 01:54:46,075 - WARNING - Row 21 (Mapping): Missing company_name or problem_category
2026-07-15 01:54:46,075 - WARNING - Row 22 (Mapping): Missing company_name or problem_category
2026-07-15 01:54:46,076 - WARNING - Row 23 (Mapping): Missing company_name or problem_category
2026-07-15 01:54:46,077 - INFO - Transaction committed successfully.
2026-07-15 01:54:46,083 - INFO - Wrote import summary JSON to C:\Users\BISON TECH\Desktop\AIML\Proj\AI-Atlas\logs\import_summary.json
2026-07-15 21:13:00,550 - INFO - Starting Dataset Ingestion Pipeline
2026-07-15 21:13:00,550 - INFO - Loaded 15 rows from sectors_reference.csv
2026-07-15 21:13:00,571 - INFO - Loaded 116 rows from companies_germany.csv
2026-07-15 21:13:00,585 - INFO - Loaded 71 rows from problems_germany.csv
2026-07-15 21:13:00,596 - INFO - Loaded 24 rows from problem_company_mapping.csv
2026-07-15 21:13:00,596 - INFO - Importing Sectors...
2026-07-15 21:13:00,636 - INFO - Importing Companies...
2026-07-15 21:13:00,729 - ERROR - Error importing company at row 58: (sqlite3.IntegrityError) UNIQUE constraint failed: companies.website
[SQL: INSERT INTO companies (slug, name, country, ai_category, segment_tags, use_cases, top_german_customers, germany_presence, company_type, funding, estimated_revenue, maturity, deployment_evidence, website, source, status, news_last_refreshed, created_at, updated_at, is_deleted, deleted_at) VALUES (?, ?, ?, ?, ?, ?, ?, ?, ?, ?, ?, ?, ?, ?, ?, ?, ?, ?, ?, ?, ?)]
[parameters: ('burkert-fluid-control-advanced-ai', 'Bürkert Fluid Control (Advanced AI)', 'Germany', 'Fluid Process AI for Beverages', '["1", "9", "10"]', '["Process control AI for beverage CIP", "mixing AI", "filling AI integration"]', '["German dairy", "brewery and soft drink processors (advanced B\\u00fcrkert AI module)"]', 'LOCAL HQ — Ingelfingen (Baden-Württemberg)', 'Incumbent (Private, family)', None, None, 3, 'German food fluid process AI (advanced Bürkert Flow+ AI at dairy and beverage plants)', 'https://burkert.com/', 'dataset', 'APPROVED', None, '2026-07-15 15:43:00.728852', '2026-07-15 15:43:00.728852', 0, None)]
(Background on this error at: https://sqlalche.me/e/20/gkpj)
2026-07-15 21:13:00,771 - ERROR - Error importing company at row 85: (sqlite3.IntegrityError) UNIQUE constraint failed: companies.website
[SQL: INSERT INTO companies (slug, name, country, ai_category, segment_tags, use_cases, top_german_customers, germany_presence, company_type, funding, estimated_revenue, maturity, deployment_evidence, website, source, status, news_last_refreshed, created_at, updated_at, is_deleted, deleted_at) VALUES (?, ?, ?, ?, ?, ?, ?, ?, ?, ?, ?, ?, ?, ?, ?, ?, ?, ?, ?, ?, ?)]
[parameters: ('multivac-sepp-haggenmuller', 'Multivac Sepp Haggenmüller', 'Germany', 'Packaging & AI Processing (Premium)', '["2", "1", "4", "7"]', '["Tray sealing AI with vision", "modified atmosphere packaging AI", "slice packaging AI"]', '["German meat", "dairy and deli food manufacturers"]', 'LOCAL HQ — Wolfertschwenden (Bavaria)', 'Incumbent (Private, family — separate entry to Multivac Group)', None, None, 4, 'German deli and meat packaging AI (Multivac MAP AI at German dairy/meat plants)', 'https://multivac.com/', 'dataset', 'APPROVED', None, '2026-07-15 15:43:00.771158', '2026-07-15 15:43:00.771158', 0, None)]
(Background on this error at: https://sqlalche.me/e/20/gkpj)
2026-07-15 21:13:00,771 - ERROR - Error importing company at row 88: (sqlite3.IntegrityError) UNIQUE constraint failed: companies.website
[SQL: INSERT INTO companies (slug, name, country, ai_category, segment_tags, use_cases, top_german_customers, germany_presence, company_type, funding, estimated_revenue, maturity, deployment_evidence, website, source, status, news_last_refreshed, created_at, updated_at, is_deleted, deleted_at) VALUES (?, ?, ?, ?, ?, ?, ?, ?, ?, ?, ?, ?, ?, ?, ?, ?, ?, ?, ?, ?, ?)]
[parameters: ('nobell-foods-inc', 'Nobell Foods Inc', 'USA', 'Animal-Free Casein Protein AI', '["1", "15"]', '["AI-engineered soy casein for cheese melt", "dairy analogue AI"]', '["German dairy alternative producers"]', 'GLOBAL PRESENCE — Burlingame CA; EU dairy partnerships', 'NewCo (Series B, $75M)', None, None, 1, 'EU animal-free cheese protein AI (Nobell casein AI for European dairy analogues)', 'https://nobell.io/', 'dataset', 'APPROVED', None, '2026-07-15 15:43:00.771158', '2026-07-15 15:43:00.771158', 0, None)]
(Background on this error at: https://sqlalche.me/e/20/gkpj)
2026-07-15 21:13:00,821 - INFO - Importing Problems...
2026-07-15 21:13:01,269 - INFO - Importing Mappings...
2026-07-15 21:13:01,271 - WARNING - Row 0 (Mapping): Missing company_name or problem_category
2026-07-15 21:13:01,271 - WARNING - Row 1 (Mapping): Missing company_name or problem_category
2026-07-15 21:13:01,271 - WARNING - Row 2 (Mapping): Missing company_name or problem_category
2026-07-15 21:13:01,271 - WARNING - Row 3 (Mapping): Missing company_name or problem_category
2026-07-15 21:13:01,271 - WARNING - Row 4 (Mapping): Missing company_name or problem_category
2026-07-15 21:13:01,271 - WARNING - Row 5 (Mapping): Missing company_name or problem_category
2026-07-15 21:13:01,271 - WARNING - Row 6 (Mapping): Missing company_name or problem_category
2026-07-15 21:13:01,271 - WARNING - Row 7 (Mapping): Missing company_name or problem_category
2026-07-15 21:13:01,271 - WARNING - Row 8 (Mapping): Missing company_name or problem_category
2026-07-15 21:13:01,277 - WARNING - Row 9 (Mapping): Missing company_name or problem_category
2026-07-15 21:13:01,277 - WARNING - Row 10 (Mapping): Missing company_name or problem_category
2026-07-15 21:13:01,278 - WARNING - Row 11 (Mapping): Missing company_name or problem_category
2026-07-15 21:13:01,279 - WARNING - Row 12 (Mapping): Missing company_name or problem_category
2026-07-15 21:13:01,280 - WARNING - Row 13 (Mapping): Missing company_name or problem_category
2026-07-15 21:13:01,280 - WARNING - Row 14 (Mapping): Missing company_name or problem_category
2026-07-15 21:13:01,281 - WARNING - Row 15 (Mapping): Missing company_name or problem_category
2026-07-15 21:13:01,281 - WARNING - Row 16 (Mapping): Missing company_name or problem_category
2026-07-15 21:13:01,281 - WARNING - Row 17 (Mapping): Missing company_name or problem_category
2026-07-15 21:13:01,281 - WARNING - Row 18 (Mapping): Missing company_name or problem_category
2026-07-15 21:13:01,281 - WARNING - Row 19 (Mapping): Missing company_name or problem_category
2026-07-15 21:13:01,284 - WARNING - Row 20 (Mapping): Missing company_name or problem_category
2026-07-15 21:13:01,285 - WARNING - Row 21 (Mapping): Missing company_name or problem_category
2026-07-15 21:13:01,285 - WARNING - Row 22 (Mapping): Missing company_name or problem_category
2026-07-15 21:13:01,285 - WARNING - Row 23 (Mapping): Missing company_name or problem_category
2026-07-15 21:13:01,287 - INFO - Transaction committed successfully.
2026-07-15 21:13:01,291 - INFO - Wrote import summary JSON to C:\Users\BISON TECH\Desktop\AIML\Proj\AI-Atlas\logs\import_summary.json
2026-07-15 21:20:54,892 - INFO - Starting Dataset Ingestion Pipeline
2026-07-15 21:20:54,928 - INFO - Loaded 15 rows from sectors_reference.csv
2026-07-15 21:20:54,933 - INFO - Loaded 116 rows from companies_germany.csv
2026-07-15 21:20:54,936 - INFO - Loaded 71 rows from problems_germany.csv
2026-07-15 21:20:54,938 - INFO - Loaded 24 rows from problem_company_mapping.csv
2026-07-15 21:20:54,938 - INFO - Importing Sectors...
2026-07-15 21:20:55,047 - INFO - Importing Companies...
2026-07-15 21:20:55,965 - INFO - Importing Problems...
2026-07-15 21:20:56,429 - INFO - Importing Mappings...
2026-07-15 21:20:56,429 - WARNING - Row 0 (Mapping): Missing company_name or problem_category
2026-07-15 21:20:56,430 - WARNING - Row 1 (Mapping): Missing company_name or problem_category
2026-07-15 21:20:56,431 - WARNING - Row 2 (Mapping): Missing company_name or problem_category
2026-07-15 21:20:56,431 - WARNING - Row 3 (Mapping): Missing company_name or problem_category
2026-07-15 21:20:56,431 - WARNING - Row 4 (Mapping): Missing company_name or problem_category
2026-07-15 21:20:56,432 - WARNING - Row 5 (Mapping): Missing company_name or problem_category
2026-07-15 21:20:56,432 - WARNING - Row 6 (Mapping): Missing company_name or problem_category
2026-07-15 21:20:56,433 - WARNING - Row 7 (Mapping): Missing company_name or problem_category
2026-07-15 21:20:56,433 - WARNING - Row 8 (Mapping): Missing company_name or problem_category
2026-07-15 21:20:56,434 - WARNING - Row 9 (Mapping): Missing company_name or problem_category
2026-07-15 21:20:56,434 - WARNING - Row 10 (Mapping): Missing company_name or problem_category
2026-07-15 21:20:56,434 - WARNING - Row 11 (Mapping): Missing company_name or problem_category
2026-07-15 21:20:56,435 - WARNING - Row 12 (Mapping): Missing company_name or problem_category
2026-07-15 21:20:56,435 - WARNING - Row 13 (Mapping): Missing company_name or problem_category
2026-07-15 21:20:56,435 - WARNING - Row 14 (Mapping): Missing company_name or problem_category
2026-07-15 21:20:56,436 - WARNING - Row 15 (Mapping): Missing company_name or problem_category
2026-07-15 21:20:56,436 - WARNING - Row 16 (Mapping): Missing company_name or problem_category
2026-07-15 21:20:56,437 - WARNING - Row 17 (Mapping): Missing company_name or problem_category
2026-07-15 21:20:56,437 - WARNING - Row 18 (Mapping): Missing company_name or problem_category
2026-07-15 21:20:56,438 - WARNING - Row 19 (Mapping): Missing company_name or problem_category
2026-07-15 21:20:56,438 - WARNING - Row 20 (Mapping): Missing company_name or problem_category
2026-07-15 21:20:56,439 - WARNING - Row 21 (Mapping): Missing company_name or problem_category
2026-07-15 21:20:56,440 - WARNING - Row 22 (Mapping): Missing company_name or problem_category
2026-07-15 21:20:56,440 - WARNING - Row 23 (Mapping): Missing company_name or problem_category
2026-07-15 21:20:56,441 - INFO - Transaction committed successfully.
2026-07-15 21:20:56,442 - INFO - Wrote import summary JSON to C:\Users\BISON TECH\Desktop\AIML\Proj\AI-Atlas\logs\import_summary.json
2026-07-15 21:22:20,709 - INFO - Starting Dataset Ingestion Pipeline
2026-07-15 21:22:20,742 - INFO - Loaded 15 rows from sectors_reference.csv
2026-07-15 21:22:20,750 - INFO - Loaded 116 rows from companies_germany.csv
2026-07-15 21:22:20,752 - INFO - Loaded 71 rows from problems_germany.csv
2026-07-15 21:22:20,754 - INFO - Loaded 24 rows from problem_company_mapping.csv
2026-07-15 21:22:20,754 - INFO - Importing Sectors...
2026-07-15 21:22:20,859 - INFO - Importing Companies...
2026-07-15 21:22:21,843 - INFO - Importing Problems...
2026-07-15 21:22:22,311 - INFO - Importing Mappings...
2026-07-15 21:22:22,313 - WARNING - Row 0 (Mapping): Foreign key missing. Company 'Cognex' not found.
2026-07-15 21:22:22,314 - WARNING - Row 1 (Mapping): Foreign key missing. Company 'SICK AG' not found.
2026-07-15 21:22:22,316 - WARNING - Row 2 (Mapping): Foreign key missing. Company 'GEA Group' not found.
2026-07-15 21:22:22,317 - WARNING - Row 3 (Mapping): Foreign key missing. Problem 'Unplanned equipment downtime on critical lines' not found.
2026-07-15 21:22:22,319 - WARNING - Row 4 (Mapping): Foreign key missing. Company 'Blue Yonder' not found.
2026-07-15 21:22:22,321 - WARNING - Row 5 (Mapping): Foreign key missing. Company 'SafetyChain' not found.
2026-07-15 21:22:22,322 - WARNING - Row 6 (Mapping): Foreign key missing. Company 'SICK AG' not found.
2026-07-15 21:22:22,324 - WARNING - Row 7 (Mapping): Foreign key missing. Company 'Scoutbee' not found.
2026-07-15 21:22:22,326 - WARNING - Row 8 (Mapping): Foreign key missing. Company 'TraceGains' not found.
2026-07-15 21:22:22,327 - WARNING - Row 9 (Mapping): Foreign key missing. Company 'Siemens' not found.
2026-07-15 21:22:22,329 - WARNING - Row 10 (Mapping): Foreign key missing. Company 'GEA Group' not found.
2026-07-15 21:22:22,330 - WARNING - Row 11 (Mapping): Foreign key missing. Company 'Agilx' not found.
2026-07-15 21:22:22,332 - WARNING - Row 12 (Mapping): Foreign key missing. Problem 'Cold chain temperature excursion in distribution' not found.
2026-07-15 21:22:22,333 - WARNING - Row 13 (Mapping): Foreign key missing. Company 'SAP AI Green Ledger' not found.
2026-07-15 21:22:22,334 - WARNING - Row 14 (Mapping): Foreign key missing. Company 'Bosch Rexroth' not found.
2026-07-15 21:22:22,336 - WARNING - Row 15 (Mapping): Foreign key missing. Company 'Relex' not found.
2026-07-15 21:22:22,337 - WARNING - Row 16 (Mapping): Foreign key missing. Company 'Relex' not found.
2026-07-15 21:22:22,338 - WARNING - Row 17 (Mapping): Foreign key missing. Company 'Scoutbee' not found.
2026-07-15 21:22:22,340 - WARNING - Row 18 (Mapping): Foreign key missing. Company 'SAP AI Green Ledger' not found.
2026-07-15 21:22:22,342 - WARNING - Row 19 (Mapping): Foreign key missing. Company 'Circularise' not found.
2026-07-15 21:22:22,343 - WARNING - Row 20 (Mapping): Foreign key missing. Company 'FoodChain ID' not found.
2026-07-15 21:22:22,345 - WARNING - Row 21 (Mapping): Foreign key missing. Company 'Agilx' not found.
2026-07-15 21:22:22,347 - WARNING - Row 22 (Mapping): Foreign key missing. Problem 'Ingredient adulteration / food fraud detection' not found.
2026-07-15 21:22:22,348 - WARNING - Row 23 (Mapping): Foreign key missing. Company 'Siemens' not found.
2026-07-15 21:22:22,349 - INFO - Transaction committed successfully.
2026-07-15 21:22:22,350 - INFO - Wrote import summary JSON to C:\Users\BISON TECH\Desktop\AIML\Proj\AI-Atlas\logs\import_summary.json
2026-07-15 21:22:59,657 - INFO - Starting Dataset Ingestion Pipeline
2026-07-15 21:22:59,689 - INFO - Loaded 15 rows from sectors_reference.csv
2026-07-15 21:22:59,692 - INFO - Loaded 116 rows from companies_germany.csv
2026-07-15 21:22:59,694 - INFO - Loaded 71 rows from problems_germany.csv
2026-07-15 21:22:59,696 - INFO - Loaded 24 rows from problem_company_mapping.csv
2026-07-15 21:22:59,697 - INFO - Importing Sectors...
2026-07-15 21:22:59,800 - INFO - Importing Companies...
2026-07-15 21:23:00,699 - INFO - Importing Problems...
2026-07-15 21:23:01,206 - INFO - Importing Mappings...
2026-07-15 21:23:01,210 - WARNING - Row 0 (Mapping): Foreign key missing. Company 'Cognex' not found.
2026-07-15 21:23:01,212 - WARNING - Row 1 (Mapping): Foreign key missing. Company 'SICK AG' not found.
2026-07-15 21:23:01,214 - ERROR - Error importing mapping at row 2: type object 'ProblemCompanyMapping' has no attribute 'segment_name'
2026-07-15 21:23:01,217 - ERROR - Error importing mapping at row 3: type object 'ProblemCompanyMapping' has no attribute 'segment_name'
2026-07-15 21:23:01,220 - WARNING - Row 4 (Mapping): Foreign key missing. Problem 'Demand forecast inaccuracy (>15% MAPE)' not found.
2026-07-15 21:23:01,223 - WARNING - Row 5 (Mapping): Foreign key missing. Company 'SafetyChain' not found.
2026-07-15 21:23:01,225 - WARNING - Row 6 (Mapping): Foreign key missing. Company 'SICK AG' not found.
2026-07-15 21:23:01,229 - WARNING - Row 7 (Mapping): Foreign key missing. Company 'Scoutbee' not found.
2026-07-15 21:23:01,232 - WARNING - Row 8 (Mapping): Foreign key missing. Company 'TraceGains' not found.
2026-07-15 21:23:01,236 - WARNING - Row 9 (Mapping): Foreign key missing. Problem 'Energy waste in food processing operations' not found.
2026-07-15 21:23:01,238 - WARNING - Row 10 (Mapping): Foreign key missing. Problem 'Excessive CIP water and chemical waste' not found.
2026-07-15 21:23:01,241 - WARNING - Row 11 (Mapping): Foreign key missing. Company 'Agilx' not found.
2026-07-15 21:23:01,244 - ERROR - Error importing mapping at row 12: type object 'ProblemCompanyMapping' has no attribute 'segment_name'
2026-07-15 21:23:01,247 - WARNING - Row 13 (Mapping): Foreign key missing. Company 'SAP AI Green Ledger' not found.
2026-07-15 21:23:01,250 - WARNING - Row 14 (Mapping): Foreign key missing. Problem 'Labour shortage on production and packaging lines' not found.
2026-07-15 21:23:01,253 - WARNING - Row 15 (Mapping): Foreign key missing. Company 'Relex' not found.
2026-07-15 21:23:01,257 - WARNING - Row 16 (Mapping): Foreign key missing. Company 'Relex' not found.
2026-07-15 21:23:01,260 - WARNING - Row 17 (Mapping): Foreign key missing. Company 'Scoutbee' not found.
2026-07-15 21:23:01,263 - WARNING - Row 18 (Mapping): Foreign key missing. Company 'SAP AI Green Ledger' not found.
2026-07-15 21:23:01,267 - WARNING - Row 19 (Mapping): Foreign key missing. Company 'Circularise' not found.
2026-07-15 21:23:01,271 - WARNING - Row 20 (Mapping): Foreign key missing. Company 'FoodChain ID' not found.
2026-07-15 21:23:01,273 - WARNING - Row 21 (Mapping): Foreign key missing. Company 'Agilx' not found.
2026-07-15 21:23:01,275 - WARNING - Row 22 (Mapping): Foreign key missing. Problem 'Ingredient adulteration / food fraud detection' not found.
2026-07-15 21:23:01,279 - ERROR - Error importing mapping at row 23: type object 'ProblemCompanyMapping' has no attribute 'segment_name'
2026-07-15 21:23:01,279 - INFO - Transaction committed successfully.
2026-07-15 21:23:01,280 - INFO - Wrote import summary JSON to C:\Users\BISON TECH\Desktop\AIML\Proj\AI-Atlas\logs\import_summary.json
2026-07-15 21:23:52,133 - INFO - Starting Dataset Ingestion Pipeline
2026-07-15 21:23:52,163 - INFO - Loaded 15 rows from sectors_reference.csv
2026-07-15 21:23:52,171 - INFO - Loaded 116 rows from companies_germany.csv
2026-07-15 21:23:52,173 - INFO - Loaded 71 rows from problems_germany.csv
2026-07-15 21:23:52,176 - INFO - Loaded 24 rows from problem_company_mapping.csv
2026-07-15 21:23:52,177 - INFO - Importing Sectors...
2026-07-15 21:23:52,279 - INFO - Importing Companies...
2026-07-15 21:23:53,389 - INFO - Importing Problems...
2026-07-15 21:23:53,935 - INFO - Importing Mappings...
2026-07-15 21:23:53,944 - WARNING - Row 0 (Mapping): Foreign key missing. Company 'Cognex' not found.
2026-07-15 21:23:53,947 - WARNING - Row 1 (Mapping): Foreign key missing. Company 'SICK AG' not found.
2026-07-15 21:23:53,972 - WARNING - Row 4 (Mapping): Foreign key missing. Problem 'Demand forecast inaccuracy (>15% MAPE)' not found.
2026-07-15 21:23:53,976 - WARNING - Row 5 (Mapping): Foreign key missing. Company 'SafetyChain' not found.
2026-07-15 21:23:53,979 - WARNING - Row 6 (Mapping): Foreign key missing. Company 'SICK AG' not found.
2026-07-15 21:23:53,983 - WARNING - Row 7 (Mapping): Foreign key missing. Company 'Scoutbee' not found.
2026-07-15 21:23:53,986 - WARNING - Row 8 (Mapping): Foreign key missing. Company 'TraceGains' not found.
2026-07-15 21:23:53,990 - WARNING - Row 9 (Mapping): Foreign key missing. Problem 'Energy waste in food processing operations' not found.
2026-07-15 21:23:53,992 - WARNING - Row 10 (Mapping): Foreign key missing. Problem 'Excessive CIP water and chemical waste' not found.
2026-07-15 21:23:53,997 - WARNING - Row 11 (Mapping): Foreign key missing. Company 'Agilx' not found.
2026-07-15 21:23:54,010 - WARNING - Row 13 (Mapping): Foreign key missing. Company 'SAP AI Green Ledger' not found.
2026-07-15 21:23:54,014 - WARNING - Row 14 (Mapping): Foreign key missing. Problem 'Labour shortage on production and packaging lines' not found.
2026-07-15 21:23:54,017 - WARNING - Row 15 (Mapping): Foreign key missing. Company 'Relex' not found.
2026-07-15 21:23:54,020 - WARNING - Row 16 (Mapping): Foreign key missing. Company 'Relex' not found.
2026-07-15 21:23:54,023 - WARNING - Row 17 (Mapping): Foreign key missing. Company 'Scoutbee' not found.
2026-07-15 21:23:54,027 - WARNING - Row 18 (Mapping): Foreign key missing. Company 'SAP AI Green Ledger' not found.
2026-07-15 21:23:54,030 - WARNING - Row 19 (Mapping): Foreign key missing. Company 'Circularise' not found.
2026-07-15 21:23:54,033 - WARNING - Row 20 (Mapping): Foreign key missing. Company 'FoodChain ID' not found.
2026-07-15 21:23:54,036 - WARNING - Row 21 (Mapping): Foreign key missing. Company 'Agilx' not found.
2026-07-15 21:23:54,038 - WARNING - Row 22 (Mapping): Foreign key missing. Problem 'Ingredient adulteration / food fraud detection' not found.
2026-07-15 21:23:54,049 - INFO - Transaction committed successfully.
2026-07-15 21:23:54,050 - INFO - Wrote import summary JSON to C:\Users\BISON TECH\Desktop\AIML\Proj\AI-Atlas\logs\import_summary.json
2026-07-15 21:24:46,351 - INFO - Starting Dataset Ingestion Pipeline
2026-07-15 21:24:46,354 - INFO - Loaded 15 rows from sectors_reference.csv
2026-07-15 21:24:46,357 - INFO - Loaded 116 rows from companies_germany.csv
2026-07-15 21:24:46,361 - INFO - Loaded 71 rows from problems_germany.csv
2026-07-15 21:24:46,365 - INFO - Loaded 24 rows from problem_company_mapping.csv
2026-07-15 21:24:46,366 - INFO - Importing Sectors...
2026-07-15 21:24:46,411 - INFO - Importing Companies...
2026-07-15 21:24:46,615 - INFO - Importing Problems...
2026-07-15 21:24:46,699 - INFO - Importing Mappings...
2026-07-15 21:24:46,701 - WARNING - Row 0 (Mapping): Foreign key missing. Company 'Cognex' not found.
2026-07-15 21:24:46,708 - WARNING - Row 1 (Mapping): Foreign key missing. Company 'SICK AG' not found.
2026-07-15 21:24:46,720 - WARNING - Row 4 (Mapping): Foreign key missing. Problem 'Demand forecast inaccuracy (>15% MAPE)' not found.
2026-07-15 21:24:46,722 - WARNING - Row 5 (Mapping): Foreign key missing. Company 'SafetyChain' not found.
2026-07-15 21:24:46,724 - WARNING - Row 6 (Mapping): Foreign key missing. Company 'SICK AG' not found.
2026-07-15 21:24:46,726 - WARNING - Row 7 (Mapping): Foreign key missing. Company 'Scoutbee' not found.
2026-07-15 21:24:46,729 - WARNING - Row 8 (Mapping): Foreign key missing. Company 'TraceGains' not found.
2026-07-15 21:24:46,731 - WARNING - Row 9 (Mapping): Foreign key missing. Problem 'Energy waste in food processing operations' not found.
2026-07-15 21:24:46,733 - WARNING - Row 10 (Mapping): Foreign key missing. Problem 'Excessive CIP water and chemical waste' not found.
2026-07-15 21:24:46,737 - WARNING - Row 11 (Mapping): Foreign key missing. Company 'Agilx' not found.
2026-07-15 21:24:46,742 - WARNING - Row 13 (Mapping): Foreign key missing. Company 'SAP AI Green Ledger' not found.
2026-07-15 21:24:46,745 - WARNING - Row 14 (Mapping): Foreign key missing. Problem 'Labour shortage on production and packaging lines' not found.
2026-07-15 21:24:46,747 - WARNING - Row 15 (Mapping): Foreign key missing. Company 'Relex' not found.
2026-07-15 21:24:46,749 - WARNING - Row 16 (Mapping): Foreign key missing. Company 'Relex' not found.
2026-07-15 21:24:46,753 - WARNING - Row 17 (Mapping): Foreign key missing. Company 'Scoutbee' not found.
2026-07-15 21:24:46,756 - WARNING - Row 18 (Mapping): Foreign key missing. Company 'SAP AI Green Ledger' not found.
2026-07-15 21:24:46,758 - WARNING - Row 19 (Mapping): Foreign key missing. Company 'Circularise' not found.
2026-07-15 21:24:46,761 - WARNING - Row 20 (Mapping): Foreign key missing. Company 'FoodChain ID' not found.
2026-07-15 21:24:46,762 - WARNING - Row 21 (Mapping): Foreign key missing. Company 'Agilx' not found.
2026-07-15 21:24:46,763 - WARNING - Row 22 (Mapping): Foreign key missing. Problem 'Ingredient adulteration / food fraud detection' not found.
2026-07-15 21:24:46,770 - INFO - Transaction committed successfully.
2026-07-15 21:24:46,775 - INFO - Wrote import summary JSON to C:\Users\BISON TECH\Desktop\AIML\Proj\AI-Atlas\logs\import_summary.json
2026-07-15 21:26:59,284 - INFO - Starting Dataset Ingestion Pipeline
2026-07-15 21:26:59,313 - INFO - Loaded 15 rows from sectors_reference.csv
2026-07-15 21:26:59,318 - INFO - Loaded 116 rows from companies_germany.csv
2026-07-15 21:26:59,320 - INFO - Loaded 71 rows from problems_germany.csv
2026-07-15 21:26:59,322 - INFO - Loaded 24 rows from problem_company_mapping.csv
2026-07-15 21:26:59,323 - INFO - Importing Sectors...
2026-07-15 21:26:59,430 - INFO - Importing Companies...
2026-07-15 21:27:00,397 - INFO - Importing Problems...
2026-07-15 21:27:00,892 - INFO - Importing Mappings...
2026-07-15 21:27:00,899 - WARNING - Row 0 (Mapping): Company 'Cognex' not found. Auto-creating placeholder.
2026-07-15 21:27:00,907 - WARNING - Row 0 (Mapping): Problem 'Product defects in packaging (seal, fill-level, label errors)' not found. Auto-creating placeholder.
2026-07-15 21:27:00,927 - WARNING - Row 1 (Mapping): Company 'SICK AG' not found. Auto-creating placeholder.
2026-07-15 21:27:00,935 - WARNING - Row 1 (Mapping): Problem 'Food contamination and foreign body detection' not found. Auto-creating placeholder.
2026-07-15 21:27:00,966 - WARNING - Row 4 (Mapping): Problem 'Demand forecast inaccuracy (>15% MAPE)' not found. Auto-creating placeholder.
2026-07-15 21:27:00,982 - WARNING - Row 5 (Mapping): Company 'SafetyChain' not found. Auto-creating placeholder.
2026-07-15 21:27:01,006 - WARNING - Row 7 (Mapping): Company 'Scoutbee' not found. Auto-creating placeholder.
2026-07-15 21:27:01,022 - WARNING - Row 8 (Mapping): Company 'TraceGains' not found. Auto-creating placeholder.
2026-07-15 21:27:01,037 - WARNING - Row 9 (Mapping): Problem 'Energy waste in food processing operations' not found. Auto-creating placeholder.
2026-07-15 21:27:01,052 - WARNING - Row 10 (Mapping): Problem 'Excessive CIP water and chemical waste' not found. Auto-creating placeholder.
2026-07-15 21:27:01,067 - WARNING - Row 11 (Mapping): Company 'Agilx' not found. Auto-creating placeholder.
2026-07-15 21:27:01,090 - WARNING - Row 13 (Mapping): Company 'SAP AI Green Ledger' not found. Auto-creating placeholder.
2026-07-15 21:27:01,106 - WARNING - Row 14 (Mapping): Problem 'Labour shortage on production and packaging lines' not found. Auto-creating placeholder.
2026-07-15 21:27:01,121 - WARNING - Row 15 (Mapping): Company 'Relex' not found. Auto-creating placeholder.
2026-07-15 21:27:01,137 - WARNING - Row 16 (Mapping): Problem 'Overstocking and FEFO compliance failure' not found. Auto-creating placeholder.
2026-07-15 21:27:01,161 - WARNING - Row 18 (Mapping): Problem 'CSRD reporting not yet automated' not found. Auto-creating placeholder.
2026-07-15 21:27:01,176 - WARNING - Row 19 (Mapping): Company 'Circularise' not found. Auto-creating placeholder.
2026-07-15 21:27:01,192 - WARNING - Row 20 (Mapping): Company 'FoodChain ID' not found. Auto-creating placeholder.
2026-07-15 21:27:01,201 - WARNING - Row 20 (Mapping): Problem 'EUDR deforestation supply chain non-compliance' not found. Auto-creating placeholder.
2026-07-15 21:27:01,217 - WARNING - Row 21 (Mapping): Problem 'Packaging non-recyclability (EU 2030 targets)' not found. Auto-creating placeholder.
2026-07-15 21:27:01,233 - WARNING - Row 22 (Mapping): Problem 'Ingredient adulteration / food fraud detection' not found. Auto-creating placeholder.
2026-07-15 21:27:01,255 - INFO - Transaction committed successfully.
2026-07-15 21:27:01,256 - INFO - Wrote import summary JSON to C:\Users\BISON TECH\Desktop\AIML\Proj\AI-Atlas\logs\import_summary.json
2026-07-15 21:27:39,736 - INFO - Starting Dataset Ingestion Pipeline
2026-07-15 21:27:39,739 - INFO - Loaded 15 rows from sectors_reference.csv
2026-07-15 21:27:39,742 - INFO - Loaded 116 rows from companies_germany.csv
2026-07-15 21:27:39,744 - INFO - Loaded 71 rows from problems_germany.csv
2026-07-15 21:27:39,747 - INFO - Loaded 24 rows from problem_company_mapping.csv
2026-07-15 21:27:39,747 - INFO - Importing Sectors...
2026-07-15 21:27:39,797 - INFO - Importing Companies...
2026-07-15 21:27:40,026 - INFO - Importing Problems...
2026-07-15 21:27:40,119 - INFO - Importing Mappings...
2026-07-15 21:27:40,182 - INFO - Transaction committed successfully.
2026-07-15 21:27:40,189 - INFO - Wrote import summary JSON to C:\Users\BISON TECH\Desktop\AIML\Proj\AI-Atlas\logs\import_summary.json
2026-07-15 22:14:49,441 - INFO - Starting Dataset Ingestion Pipeline
2026-07-15 22:14:49,446 - INFO - Loaded 15 rows from sectors_reference.csv
2026-07-15 22:14:49,453 - INFO - Loaded 116 rows from companies_germany.csv
2026-07-15 22:14:49,455 - INFO - Loaded 71 rows from problems_germany.csv
2026-07-15 22:14:49,455 - INFO - Loaded 24 rows from problem_company_mapping.csv
2026-07-15 22:14:49,455 - INFO - Importing Sectors...
2026-07-15 22:14:49,498 - INFO - Importing Companies...
2026-07-15 22:14:49,702 - INFO - Importing Problems...
2026-07-15 22:14:49,786 - INFO - Importing Mappings...
2026-07-15 22:14:49,846 - INFO - Transaction committed successfully.
2026-07-15 22:14:49,853 - INFO - Wrote import summary JSON to C:\Users\BISON TECH\Desktop\AIML\Proj\AI-Atlas\logs\import_summary.json
2026-07-15 22:15:57,424 - INFO - Starting Dataset Ingestion Pipeline
2026-07-15 22:15:57,463 - INFO - Loaded 15 rows from sectors_reference.csv
2026-07-15 22:15:57,467 - INFO - Loaded 116 rows from companies_germany.csv
2026-07-15 22:15:57,470 - INFO - Loaded 71 rows from problems_germany.csv
2026-07-15 22:15:57,474 - INFO - Loaded 24 rows from problem_company_mapping.csv
2026-07-15 22:15:57,474 - INFO - Importing Sectors...
2026-07-15 22:15:57,589 - INFO - Importing Companies...
2026-07-15 22:15:58,656 - INFO - Importing Problems...
2026-07-15 22:15:59,108 - INFO - Importing Mappings...
2026-07-15 22:15:59,112 - WARNING - Row 0 (Mapping): Company 'Cognex' not found. Auto-creating placeholder.
2026-07-15 22:15:59,120 - WARNING - Row 0 (Mapping): Problem 'Product defects in packaging (seal, fill-level, label errors)' not found. Auto-creating placeholder.
2026-07-15 22:15:59,139 - WARNING - Row 1 (Mapping): Company 'SICK AG' not found. Auto-creating placeholder.
2026-07-15 22:15:59,146 - WARNING - Row 1 (Mapping): Problem 'Food contamination and foreign body detection' not found. Auto-creating placeholder.
2026-07-15 22:15:59,182 - WARNING - Row 4 (Mapping): Problem 'Demand forecast inaccuracy (>15% MAPE)' not found. Auto-creating placeholder.
2026-07-15 22:15:59,197 - WARNING - Row 5 (Mapping): Company 'SafetyChain' not found. Auto-creating placeholder.
2026-07-15 22:15:59,221 - WARNING - Row 7 (Mapping): Company 'Scoutbee' not found. Auto-creating placeholder.
2026-07-15 22:15:59,241 - WARNING - Row 8 (Mapping): Company 'TraceGains' not found. Auto-creating placeholder.
2026-07-15 22:15:59,268 - WARNING - Row 9 (Mapping): Problem 'Energy waste in food processing operations' not found. Auto-creating placeholder.
2026-07-15 22:15:59,293 - WARNING - Row 10 (Mapping): Problem 'Excessive CIP water and chemical waste' not found. Auto-creating placeholder.
2026-07-15 22:15:59,316 - WARNING - Row 11 (Mapping): Company 'Agilx' not found. Auto-creating placeholder.
2026-07-15 22:15:59,348 - WARNING - Row 13 (Mapping): Company 'SAP AI Green Ledger' not found. Auto-creating placeholder.
2026-07-15 22:15:59,365 - WARNING - Row 14 (Mapping): Problem 'Labour shortage on production and packaging lines' not found. Auto-creating placeholder.
2026-07-15 22:15:59,384 - WARNING - Row 15 (Mapping): Company 'Relex' not found. Auto-creating placeholder.
2026-07-15 22:15:59,407 - WARNING - Row 16 (Mapping): Problem 'Overstocking and FEFO compliance failure' not found. Auto-creating placeholder.
2026-07-15 22:15:59,437 - WARNING - Row 18 (Mapping): Problem 'CSRD reporting not yet automated' not found. Auto-creating placeholder.
2026-07-15 22:15:59,454 - WARNING - Row 19 (Mapping): Company 'Circularise' not found. Auto-creating placeholder.
2026-07-15 22:15:59,469 - WARNING - Row 20 (Mapping): Company 'FoodChain ID' not found. Auto-creating placeholder.
2026-07-15 22:15:59,475 - WARNING - Row 20 (Mapping): Problem 'EUDR deforestation supply chain non-compliance' not found. Auto-creating placeholder.
2026-07-15 22:15:59,491 - WARNING - Row 21 (Mapping): Problem 'Packaging non-recyclability (EU 2030 targets)' not found. Auto-creating placeholder.
2026-07-15 22:15:59,507 - WARNING - Row 22 (Mapping): Problem 'Ingredient adulteration / food fraud detection' not found. Auto-creating placeholder.
2026-07-15 22:15:59,527 - INFO - Transaction committed successfully.
2026-07-15 22:15:59,530 - INFO - Wrote import summary JSON to C:\Users\BISON TECH\Desktop\AIML\Proj\AI-Atlas\logs\import_summary.json
2026-07-16 20:09:49,768 - INFO - Starting Dataset Ingestion Pipeline
2026-07-16 20:09:49,769 - ERROR - Missing required file: C:\Users\BISON TECH\Desktop\AIML\Proj\AI-Atlas\data\atlas_dataset\sectors_reference.csv
2026-07-16 20:09:49,770 - ERROR - Ingestion failed: Missing required dataset file: sectors_reference.csv
2026-07-16 20:11:14,355 - INFO - Starting Dataset Ingestion Pipeline
2026-07-16 20:11:14,359 - INFO - Loaded 15 rows from sectors_reference.csv
2026-07-16 20:11:14,362 - INFO - Loaded 116 rows from companies_germany.csv
2026-07-16 20:11:14,365 - INFO - Loaded 71 rows from problems_germany.csv
2026-07-16 20:11:14,367 - INFO - Loaded 24 rows from problem_company_mapping.csv
2026-07-16 20:11:14,368 - INFO - Importing Sectors...
2026-07-16 20:11:14,407 - INFO - Importing Companies...
2026-07-16 20:11:14,610 - INFO - Importing Problems...
2026-07-16 20:11:14,697 - INFO - Importing Mappings...
2026-07-16 20:11:14,762 - INFO - Transaction committed successfully.
2026-07-16 20:11:14,770 - INFO - Wrote import summary JSON to C:\Users\BISON TECH\Desktop\AIML\Proj\AI-Atlas\logs\import_summary.json
2026-07-16 22:22:00,171 - INFO - Starting Dataset Ingestion Pipeline
2026-07-16 22:22:00,192 - INFO - Loaded 15 rows from sectors_reference.csv
2026-07-16 22:22:00,199 - INFO - Loaded 116 rows from companies_germany.csv
2026-07-16 22:22:00,204 - INFO - Loaded 71 rows from problems_germany.csv
2026-07-16 22:22:00,207 - INFO - Loaded 24 rows from problem_company_mapping.csv
2026-07-16 22:22:00,207 - INFO - Importing Sectors...
2026-07-16 22:22:00,293 - INFO - Importing Companies...
2026-07-16 22:22:00,645 - INFO - Importing Problems...
2026-07-16 22:22:00,798 - INFO - Importing Mappings...
2026-07-16 22:22:00,914 - INFO - Transaction committed successfully.
2026-07-16 22:22:00,918 - INFO - Wrote import summary JSON to C:\Users\BISON TECH\Desktop\AIML\Proj\AI-Atlas\logs\import_summary.json
2026-07-16 22:22:19,832 - INFO - Starting Dataset Ingestion Pipeline
2026-07-16 22:22:19,862 - INFO - Loaded 15 rows from sectors_reference.csv
2026-07-16 22:22:19,879 - INFO - Loaded 116 rows from companies_germany.csv
2026-07-16 22:22:19,883 - INFO - Loaded 71 rows from problems_germany.csv
2026-07-16 22:22:19,886 - INFO - Loaded 24 rows from problem_company_mapping.csv
2026-07-16 22:22:19,886 - INFO - Importing Sectors...
2026-07-16 22:22:20,001 - INFO - Importing Companies...
2026-07-16 22:22:21,078 - INFO - Importing Problems...
2026-07-16 22:22:21,745 - INFO - Importing Mappings...
2026-07-16 22:22:21,756 - WARNING - Row 0 (Mapping): Company 'Cognex' not found. Auto-creating placeholder.
2026-07-16 22:22:21,772 - WARNING - Row 0 (Mapping): Problem 'Product defects in packaging (seal, fill-level, label errors)' not found. Auto-creating placeholder.
2026-07-16 22:22:21,805 - WARNING - Row 1 (Mapping): Company 'SICK AG' not found. Auto-creating placeholder.
2026-07-16 22:22:21,820 - WARNING - Row 1 (Mapping): Problem 'Food contamination and foreign body detection' not found. Auto-creating placeholder.
2026-07-16 22:22:21,887 - WARNING - Row 4 (Mapping): Problem 'Demand forecast inaccuracy (>15% MAPE)' not found. Auto-creating placeholder.
2026-07-16 22:22:21,909 - WARNING - Row 5 (Mapping): Company 'SafetyChain' not found. Auto-creating placeholder.
2026-07-16 22:22:21,948 - WARNING - Row 7 (Mapping): Company 'Scoutbee' not found. Auto-creating placeholder.
2026-07-16 22:22:21,970 - WARNING - Row 8 (Mapping): Company 'TraceGains' not found. Auto-creating placeholder.
2026-07-16 22:22:21,993 - WARNING - Row 9 (Mapping): Problem 'Energy waste in food processing operations' not found. Auto-creating placeholder.
2026-07-16 22:22:22,016 - WARNING - Row 10 (Mapping): Problem 'Excessive CIP water and chemical waste' not found. Auto-creating placeholder.
2026-07-16 22:22:22,035 - WARNING - Row 11 (Mapping): Company 'Agilx' not found. Auto-creating placeholder.
2026-07-16 22:22:22,067 - WARNING - Row 13 (Mapping): Company 'SAP AI Green Ledger' not found. Auto-creating placeholder.
2026-07-16 22:22:22,087 - WARNING - Row 14 (Mapping): Problem 'Labour shortage on production and packaging lines' not found. Auto-creating placeholder.
2026-07-16 22:22:22,106 - WARNING - Row 15 (Mapping): Company 'Relex' not found. Auto-creating placeholder.
2026-07-16 22:22:22,128 - WARNING - Row 16 (Mapping): Problem 'Overstocking and FEFO compliance failure' not found. Auto-creating placeholder.
2026-07-16 22:22:22,161 - WARNING - Row 18 (Mapping): Problem 'CSRD reporting not yet automated' not found. Auto-creating placeholder.
2026-07-16 22:22:22,183 - WARNING - Row 19 (Mapping): Company 'Circularise' not found. Auto-creating placeholder.
2026-07-16 22:22:22,208 - WARNING - Row 20 (Mapping): Company 'FoodChain ID' not found. Auto-creating placeholder.
2026-07-16 22:22:22,219 - WARNING - Row 20 (Mapping): Problem 'EUDR deforestation supply chain non-compliance' not found. Auto-creating placeholder.
2026-07-16 22:22:22,239 - WARNING - Row 21 (Mapping): Problem 'Packaging non-recyclability (EU 2030 targets)' not found. Auto-creating placeholder.
2026-07-16 22:22:22,263 - WARNING - Row 22 (Mapping): Problem 'Ingredient adulteration / food fraud detection' not found. Auto-creating placeholder.
2026-07-16 22:22:22,295 - INFO - Transaction committed successfully.
2026-07-16 22:22:22,297 - INFO - Wrote import summary JSON to C:\Users\BISON TECH\Desktop\AIML\Proj\AI-Atlas\logs\import_summary.json
2026-07-16 22:25:27,774 - INFO - Starting Dataset Ingestion Pipeline
2026-07-16 22:25:27,802 - INFO - Loaded 15 rows from sectors_reference.csv
2026-07-16 22:25:27,805 - INFO - Loaded 116 rows from companies_germany.csv
2026-07-16 22:25:27,808 - INFO - Loaded 71 rows from problems_germany.csv
2026-07-16 22:25:27,809 - INFO - Loaded 24 rows from problem_company_mapping.csv
2026-07-16 22:25:27,809 - INFO - Importing Sectors...
2026-07-16 22:25:27,909 - INFO - Importing Companies...
2026-07-16 22:25:28,906 - INFO - Importing Problems...
2026-07-16 22:25:29,399 - INFO - Importing Mappings...
2026-07-16 22:25:29,604 - INFO - Transaction committed successfully.
2026-07-16 22:25:29,605 - INFO - Wrote import summary JSON to C:\Users\BISON TECH\Desktop\AIML\Proj\AI-Atlas\logs\import_summary.json
2026-07-16 22:27:59,904 - INFO - Starting Dataset Ingestion Pipeline
2026-07-16 22:27:59,949 - INFO - Loaded 15 rows from sectors_reference.csv
2026-07-16 22:27:59,954 - INFO - Loaded 116 rows from companies_germany.csv
2026-07-16 22:27:59,958 - INFO - Loaded 71 rows from problems_germany.csv
2026-07-16 22:27:59,961 - INFO - Loaded 24 rows from problem_company_mapping.csv
2026-07-16 22:27:59,962 - INFO - Importing Sectors...
2026-07-16 22:28:00,098 - INFO - Importing Companies...
2026-07-16 22:28:00,780 - ERROR - Error importing company at row 58: (sqlite3.IntegrityError) UNIQUE constraint failed: companies.website
[SQL: INSERT INTO companies (slug, name, country, ai_category, segment_tags, use_cases, top_german_customers, germany_presence, company_type, funding, estimated_revenue, maturity, deployment_evidence, website, source, status, news_last_refreshed, created_at, updated_at, is_deleted, deleted_at) VALUES (?, ?, ?, ?, ?, ?, ?, ?, ?, ?, ?, ?, ?, ?, ?, ?, ?, ?, ?, ?, ?)]
[parameters: ('burkert-fluid-control-advanced-ai', 'Bürkert Fluid Control (Advanced AI)', 'Germany', 'Fluid Process AI for Beverages', '["1", "9", "10"]', '["Process control AI for beverage CIP", "mixing AI", "filling AI integration"]', '["German dairy", "brewery and soft drink processors (advanced B\\u00fcrkert AI module)"]', 'LOCAL HQ — Ingelfingen (Baden-Württemberg)', 'Incumbent (Private, family)', None, None, 3, 'German food fluid process AI (advanced Bürkert Flow+ AI at dairy and beverage plants)', 'https://burkert.com/', 'dataset', 'APPROVED', None, '2026-07-16 16:58:00.779723', '2026-07-16 16:58:00.779723', 0, None)]
(Background on this error at: https://sqlalche.me/e/20/gkpj)
2026-07-16 22:28:01,079 - ERROR - Error importing company at row 85: (sqlite3.IntegrityError) UNIQUE constraint failed: companies.website
[SQL: INSERT INTO companies (slug, name, country, ai_category, segment_tags, use_cases, top_german_customers, germany_presence, company_type, funding, estimated_revenue, maturity, deployment_evidence, website, source, status, news_last_refreshed, created_at, updated_at, is_deleted, deleted_at) VALUES (?, ?, ?, ?, ?, ?, ?, ?, ?, ?, ?, ?, ?, ?, ?, ?, ?, ?, ?, ?, ?)]
[parameters: ('multivac-sepp-haggenmuller', 'Multivac Sepp Haggenmüller', 'Germany', 'Packaging & AI Processing (Premium)', '["2", "1", "4", "7"]', '["Tray sealing AI with vision", "modified atmosphere packaging AI", "slice packaging AI"]', '["German meat", "dairy and deli food manufacturers"]', 'LOCAL HQ — Wolfertschwenden (Bavaria)', 'Incumbent (Private, family — separate entry to Multivac Group)', None, None, 4, 'German deli and meat packaging AI (Multivac MAP AI at German dairy/meat plants)', 'https://multivac.com/', 'dataset', 'APPROVED', None, '2026-07-16 16:58:01.078952', '2026-07-16 16:58:01.078952', 0, None)]
(Background on this error at: https://sqlalche.me/e/20/gkpj)
2026-07-16 22:28:01,111 - ERROR - Error importing company at row 88: (sqlite3.IntegrityError) UNIQUE constraint failed: companies.website
[SQL: INSERT INTO companies (slug, name, country, ai_category, segment_tags, use_cases, top_german_customers, germany_presence, company_type, funding, estimated_revenue, maturity, deployment_evidence, website, source, status, news_last_refreshed, created_at, updated_at, is_deleted, deleted_at) VALUES (?, ?, ?, ?, ?, ?, ?, ?, ?, ?, ?, ?, ?, ?, ?, ?, ?, ?, ?, ?, ?)]
[parameters: ('nobell-foods-inc', 'Nobell Foods Inc', 'USA', 'Animal-Free Casein Protein AI', '["1", "15"]', '["AI-engineered soy casein for cheese melt", "dairy analogue AI"]', '["German dairy alternative producers"]', 'GLOBAL PRESENCE — Burlingame CA; EU dairy partnerships', 'NewCo (Series B, $75M)', None, None, 1, 'EU animal-free cheese protein AI (Nobell casein AI for European dairy analogues)', 'https://nobell.io/', 'dataset', 'APPROVED', None, '2026-07-16 16:58:01.110114', '2026-07-16 16:58:01.110114', 0, None)]
(Background on this error at: https://sqlalche.me/e/20/gkpj)
2026-07-16 22:28:01,520 - INFO - Importing Problems...
2026-07-16 22:28:02,110 - INFO - Importing Mappings...
2026-07-16 22:28:02,133 - WARNING - Row 0 (Mapping): Company 'Cognex' not found. Auto-creating placeholder.
2026-07-16 22:28:02,142 - WARNING - Row 0 (Mapping): Problem 'Product defects in packaging (seal, fill-level, label errors)' not found. Auto-creating placeholder.
2026-07-16 22:28:02,167 - WARNING - Row 1 (Mapping): Company 'SICK AG' not found. Auto-creating placeholder.
2026-07-16 22:28:02,178 - WARNING - Row 1 (Mapping): Problem 'Food contamination and foreign body detection' not found. Auto-creating placeholder.
2026-07-16 22:28:02,222 - WARNING - Row 4 (Mapping): Problem 'Demand forecast inaccuracy (>15% MAPE)' not found. Auto-creating placeholder.
2026-07-16 22:28:02,246 - WARNING - Row 5 (Mapping): Company 'SafetyChain' not found. Auto-creating placeholder.
2026-07-16 22:28:02,282 - WARNING - Row 7 (Mapping): Company 'Scoutbee' not found. Auto-creating placeholder.
2026-07-16 22:28:02,301 - WARNING - Row 8 (Mapping): Company 'TraceGains' not found. Auto-creating placeholder.
2026-07-16 22:28:02,314 - WARNING - Row 9 (Mapping): Problem 'Energy waste in food processing operations' not found. Auto-creating placeholder.
2026-07-16 22:28:02,340 - WARNING - Row 10 (Mapping): Problem 'Excessive CIP water and chemical waste' not found. Auto-creating placeholder.
2026-07-16 22:28:02,357 - WARNING - Row 11 (Mapping): Company 'Agilx' not found. Auto-creating placeholder.
2026-07-16 22:28:02,390 - WARNING - Row 13 (Mapping): Company 'SAP AI Green Ledger' not found. Auto-creating placeholder.
2026-07-16 22:28:02,408 - WARNING - Row 14 (Mapping): Problem 'Labour shortage on production and packaging lines' not found. Auto-creating placeholder.
2026-07-16 22:28:02,427 - WARNING - Row 15 (Mapping): Company 'Relex' not found. Auto-creating placeholder.
2026-07-16 22:28:02,440 - WARNING - Row 16 (Mapping): Problem 'Overstocking and FEFO compliance failure' not found. Auto-creating placeholder.
2026-07-16 22:28:02,466 - WARNING - Row 18 (Mapping): Problem 'CSRD reporting not yet automated' not found. Auto-creating placeholder.
2026-07-16 22:28:02,496 - WARNING - Row 19 (Mapping): Company 'Circularise' not found. Auto-creating placeholder.
2026-07-16 22:28:02,516 - WARNING - Row 20 (Mapping): Company 'FoodChain ID' not found. Auto-creating placeholder.
2026-07-16 22:28:02,527 - WARNING - Row 20 (Mapping): Problem 'EUDR deforestation supply chain non-compliance' not found. Auto-creating placeholder.
2026-07-16 22:28:02,545 - WARNING - Row 21 (Mapping): Problem 'Packaging non-recyclability (EU 2030 targets)' not found. Auto-creating placeholder.
2026-07-16 22:28:02,563 - WARNING - Row 22 (Mapping): Problem 'Ingredient adulteration / food fraud detection' not found. Auto-creating placeholder.
2026-07-16 22:28:02,577 - INFO - Transaction committed successfully.
2026-07-16 22:28:02,592 - INFO - Wrote import summary JSON to C:\Users\BISON TECH\Desktop\AIML\Proj\AI-Atlas\logs\import_summary.json
2026-07-16 22:28:47,104 - INFO - Starting Dataset Ingestion Pipeline
2026-07-16 22:28:47,184 - INFO - Loaded 15 rows from sectors_reference.csv
2026-07-16 22:28:47,191 - INFO - Loaded 116 rows from companies_germany.csv
2026-07-16 22:28:47,196 - INFO - Loaded 71 rows from problems_germany.csv
2026-07-16 22:28:47,200 - INFO - Loaded 24 rows from problem_company_mapping.csv
2026-07-16 22:28:47,201 - INFO - Importing Sectors...
2026-07-16 22:28:47,412 - INFO - Importing Companies...
2026-07-16 22:28:49,000 - INFO - Importing Problems...
2026-07-16 22:28:49,760 - INFO - Importing Mappings...
2026-07-16 22:28:49,770 - WARNING - Row 0 (Mapping): Company 'Cognex' not found. Auto-creating placeholder.
2026-07-16 22:28:49,781 - WARNING - Row 0 (Mapping): Problem 'Product defects in packaging (seal, fill-level, label errors)' not found. Auto-creating placeholder.
2026-07-16 22:28:49,810 - WARNING - Row 1 (Mapping): Company 'SICK AG' not found. Auto-creating placeholder.
2026-07-16 22:28:49,822 - WARNING - Row 1 (Mapping): Problem 'Food contamination and foreign body detection' not found. Auto-creating placeholder.
2026-07-16 22:28:49,873 - WARNING - Row 4 (Mapping): Problem 'Demand forecast inaccuracy (>15% MAPE)' not found. Auto-creating placeholder.
2026-07-16 22:28:49,895 - WARNING - Row 5 (Mapping): Company 'SafetyChain' not found. Auto-creating placeholder.
2026-07-16 22:28:49,937 - WARNING - Row 7 (Mapping): Company 'Scoutbee' not found. Auto-creating placeholder.
2026-07-16 22:28:49,963 - WARNING - Row 8 (Mapping): Company 'TraceGains' not found. Auto-creating placeholder.
2026-07-16 22:28:49,990 - WARNING - Row 9 (Mapping): Problem 'Energy waste in food processing operations' not found. Auto-creating placeholder.
2026-07-16 22:28:50,013 - WARNING - Row 10 (Mapping): Problem 'Excessive CIP water and chemical waste' not found. Auto-creating placeholder.
2026-07-16 22:28:50,040 - WARNING - Row 11 (Mapping): Company 'Agilx' not found. Auto-creating placeholder.
2026-07-16 22:28:50,081 - WARNING - Row 13 (Mapping): Company 'SAP AI Green Ledger' not found. Auto-creating placeholder.
2026-07-16 22:28:50,109 - WARNING - Row 14 (Mapping): Problem 'Labour shortage on production and packaging lines' not found. Auto-creating placeholder.
2026-07-16 22:28:50,136 - WARNING - Row 15 (Mapping): Company 'Relex' not found. Auto-creating placeholder.
2026-07-16 22:28:50,160 - WARNING - Row 16 (Mapping): Problem 'Overstocking and FEFO compliance failure' not found. Auto-creating placeholder.
2026-07-16 22:28:50,198 - WARNING - Row 18 (Mapping): Problem 'CSRD reporting not yet automated' not found. Auto-creating placeholder.
2026-07-16 22:28:50,226 - WARNING - Row 19 (Mapping): Company 'Circularise' not found. Auto-creating placeholder.
2026-07-16 22:28:50,284 - WARNING - Row 20 (Mapping): Company 'FoodChain ID' not found. Auto-creating placeholder.
2026-07-16 22:28:50,320 - WARNING - Row 20 (Mapping): Problem 'EUDR deforestation supply chain non-compliance' not found. Auto-creating placeholder.
2026-07-16 22:28:50,382 - WARNING - Row 21 (Mapping): Problem 'Packaging non-recyclability (EU 2030 targets)' not found. Auto-creating placeholder.
2026-07-16 22:28:50,415 - WARNING - Row 22 (Mapping): Problem 'Ingredient adulteration / food fraud detection' not found. Auto-creating placeholder.
2026-07-16 22:28:50,468 - INFO - Transaction committed successfully.
2026-07-16 22:28:50,470 - INFO - Wrote import summary JSON to C:\Users\BISON TECH\Desktop\AIML\Proj\AI-Atlas\logs\import_summary.json
2026-07-16 22:30:25,860 - INFO - Starting Dataset Ingestion Pipeline
2026-07-16 22:30:25,900 - INFO - Loaded 15 rows from sectors_reference.csv
2026-07-16 22:30:25,904 - INFO - Loaded 116 rows from companies_germany.csv
2026-07-16 22:30:25,906 - INFO - Loaded 71 rows from problems_germany.csv
2026-07-16 22:30:25,909 - INFO - Loaded 24 rows from problem_company_mapping.csv
2026-07-16 22:30:25,909 - INFO - Importing Sectors...
2026-07-16 22:30:26,036 - INFO - Importing Companies...
2026-07-16 22:30:27,080 - INFO - Importing Problems...
2026-07-16 22:30:27,613 - INFO - Importing Mappings...
2026-07-16 22:30:27,902 - INFO - Transaction committed successfully.
2026-07-16 22:30:27,904 - INFO - Wrote import summary JSON to C:\Users\BISON TECH\Desktop\AIML\Proj\AI-Atlas\logs\import_summary.json
2026-07-16 22:31:05,189 - INFO - Starting Dataset Ingestion Pipeline
2026-07-16 22:31:05,226 - INFO - Loaded 15 rows from sectors_reference.csv
2026-07-16 22:31:05,231 - INFO - Loaded 116 rows from companies_germany.csv
2026-07-16 22:31:05,233 - INFO - Loaded 71 rows from problems_germany.csv
2026-07-16 22:31:05,235 - INFO - Loaded 24 rows from problem_company_mapping.csv
2026-07-16 22:31:05,236 - INFO - Importing Sectors...
2026-07-16 22:31:05,352 - INFO - Importing Companies...
2026-07-16 22:31:06,325 - INFO - Importing Problems...
2026-07-16 22:31:06,841 - INFO - Importing Mappings...
2026-07-16 22:31:07,079 - INFO - Transaction committed successfully.
2026-07-16 22:31:07,081 - INFO - Wrote import summary JSON to C:\Users\BISON TECH\Desktop\AIML\Proj\AI-Atlas\logs\import_summary.json
2026-07-16 23:32:55,064 - INFO - Starting Dataset Ingestion Pipeline
2026-07-16 23:32:55,067 - INFO - Loaded 15 rows from sectors_reference.csv
2026-07-16 23:32:55,070 - INFO - Loaded 116 rows from companies_germany.csv
2026-07-16 23:32:55,073 - INFO - Loaded 71 rows from problems_germany.csv
2026-07-16 23:32:55,075 - INFO - Loaded 24 rows from problem_company_mapping.csv
2026-07-16 23:32:55,075 - INFO - Importing Sectors...
2026-07-16 23:32:55,124 - INFO - Importing Companies...
2026-07-16 23:32:55,303 - INFO - Importing Problems...
2026-07-16 23:32:55,399 - INFO - Importing Mappings...
2026-07-16 23:32:55,462 - INFO - Transaction committed successfully.
2026-07-16 23:32:55,467 - INFO - Wrote import summary JSON to C:\Users\BISON TECH\Desktop\AIML\Proj\AI-Atlas\logs\import_summary.json
2026-07-17 16:01:23,882 - INFO - Starting Dataset Ingestion Pipeline
2026-07-17 16:01:23,897 - INFO - Loaded 15 rows from sectors_reference.csv
2026-07-17 16:01:23,913 - INFO - Loaded 116 rows from companies_germany.csv
2026-07-17 16:01:23,929 - INFO - Loaded 71 rows from problems_germany.csv
2026-07-17 16:01:23,940 - INFO - Loaded 24 rows from problem_company_mapping.csv
2026-07-17 16:01:23,940 - INFO - Importing Sectors...
2026-07-17 16:01:23,989 - INFO - Importing Companies...
2026-07-17 16:01:24,164 - INFO - Importing Problems...
2026-07-17 16:01:24,258 - INFO - Importing Mappings...
2026-07-17 16:01:24,316 - INFO - Transaction committed successfully.
2026-07-17 16:01:24,322 - INFO - Wrote import summary JSON to C:\Users\BISON TECH\Desktop\AIML\Proj\AI-Atlas\logs\import_summary.json
2026-07-17 16:45:21,797 - INFO - Starting Dataset Ingestion Pipeline
2026-07-17 16:45:21,803 - INFO - Loaded 15 rows from sectors_reference.csv
2026-07-17 16:45:21,816 - INFO - Loaded 116 rows from companies_germany.csv
2026-07-17 16:45:21,827 - INFO - Loaded 71 rows from problems_germany.csv
2026-07-17 16:45:21,840 - INFO - Loaded 24 rows from problem_company_mapping.csv
2026-07-17 16:45:21,840 - INFO - Importing Sectors...
2026-07-17 16:45:21,883 - INFO - Importing Companies...
2026-07-17 16:45:22,043 - INFO - Importing Problems...
2026-07-17 16:45:22,129 - INFO - Importing Mappings...
2026-07-17 16:45:22,185 - INFO - Transaction committed successfully.
2026-07-17 16:45:22,190 - INFO - Wrote import summary JSON to C:\Users\BISON TECH\Desktop\AIML\Proj\AI-Atlas\logs\import_summary.json
2026-07-17 17:04:03,650 - INFO - Starting Dataset Ingestion Pipeline
2026-07-17 17:04:03,681 - INFO - Loaded 15 rows from sectors_reference.csv
2026-07-17 17:04:03,685 - INFO - Loaded 116 rows from companies_germany.csv
2026-07-17 17:04:03,688 - INFO - Loaded 71 rows from problems_germany.csv
2026-07-17 17:04:03,690 - INFO - Loaded 24 rows from problem_company_mapping.csv
2026-07-17 17:04:03,690 - INFO - Importing Sectors...
2026-07-17 17:04:03,796 - INFO - Importing Companies...
2026-07-17 17:04:03,798 - WARNING - Row 0 (Company): funding: Input should be a valid number, unable to parse string as a number, estimated_revenue: Input should be a valid number, unable to parse string as a number
2026-07-17 17:04:03,798 - WARNING - Row 1 (Company): funding: Input should be a valid number, unable to parse string as a number, estimated_revenue: Input should be a valid number, unable to parse string as a number
2026-07-17 17:04:03,799 - WARNING - Row 2 (Company): funding: Input should be a valid number, unable to parse string as a number, estimated_revenue: Input should be a valid number, unable to parse string as a number
2026-07-17 17:04:03,800 - WARNING - Row 3 (Company): funding: Input should be a valid number, unable to parse string as a number, estimated_revenue: Input should be a valid number, unable to parse string as a number
2026-07-17 17:04:03,800 - WARNING - Row 4 (Company): funding: Input should be a valid number, unable to parse string as a number, estimated_revenue: Input should be a valid number, unable to parse string as a number
2026-07-17 17:04:03,801 - WARNING - Row 5 (Company): funding: Input should be a valid number, unable to parse string as a number, estimated_revenue: Input should be a valid number, unable to parse string as a number
2026-07-17 17:04:03,801 - WARNING - Row 6 (Company): funding: Input should be a valid number, unable to parse string as a number, estimated_revenue: Input should be a valid number, unable to parse string as a number
2026-07-17 17:04:03,802 - WARNING - Row 7 (Company): funding: Input should be a valid number, unable to parse string as a number, estimated_revenue: Input should be a valid number, unable to parse string as a number
2026-07-17 17:04:03,802 - WARNING - Row 8 (Company): funding: Input should be a valid number, unable to parse string as a number, estimated_revenue: Input should be a valid number, unable to parse string as a number
2026-07-17 17:04:03,803 - WARNING - Row 9 (Company): funding: Input should be a valid number, unable to parse string as a number, estimated_revenue: Input should be a valid number, unable to parse string as a number
2026-07-17 17:04:03,803 - WARNING - Row 10 (Company): funding: Input should be a valid number, unable to parse string as a number, estimated_revenue: Input should be a valid number, unable to parse string as a number
2026-07-17 17:04:03,804 - WARNING - Row 11 (Company): funding: Input should be a valid number, unable to parse string as a number, estimated_revenue: Input should be a valid number, unable to parse string as a number
2026-07-17 17:04:03,804 - WARNING - Row 12 (Company): funding: Input should be a valid number, unable to parse string as a number, estimated_revenue: Input should be a valid number, unable to parse string as a number
2026-07-17 17:04:03,805 - WARNING - Row 13 (Company): funding: Input should be a valid number, unable to parse string as a number, estimated_revenue: Input should be a valid number, unable to parse string as a number
2026-07-17 17:04:03,805 - WARNING - Row 14 (Company): funding: Input should be a valid number, unable to parse string as a number, estimated_revenue: Input should be a valid number, unable to parse string as a number
2026-07-17 17:04:03,806 - WARNING - Row 15 (Company): funding: Input should be a valid number, unable to parse string as a number, estimated_revenue: Input should be a valid number, unable to parse string as a number
2026-07-17 17:04:03,807 - WARNING - Row 16 (Company): funding: Input should be a valid number, unable to parse string as a number, estimated_revenue: Input should be a valid number, unable to parse string as a number
2026-07-17 17:04:03,807 - WARNING - Row 17 (Company): funding: Input should be a valid number, unable to parse string as a number, estimated_revenue: Input should be a valid number, unable to parse string as a number
2026-07-17 17:04:03,808 - WARNING - Row 18 (Company): funding: Input should be a valid number, unable to parse string as a number, estimated_revenue: Input should be a valid number, unable to parse string as a number
2026-07-17 17:04:03,809 - WARNING - Row 19 (Company): funding: Input should be a valid number, unable to parse string as a number, estimated_revenue: Input should be a valid number, unable to parse string as a number
2026-07-17 17:04:03,809 - WARNING - Row 20 (Company): funding: Input should be a valid number, unable to parse string as a number, estimated_revenue: Input should be a valid number, unable to parse string as a number
2026-07-17 17:04:03,810 - WARNING - Row 21 (Company): funding: Input should be a valid number, unable to parse string as a number, estimated_revenue: Input should be a valid number, unable to parse string as a number
2026-07-17 17:04:03,811 - WARNING - Row 22 (Company): funding: Input should be a valid number, unable to parse string as a number, estimated_revenue: Input should be a valid number, unable to parse string as a number
2026-07-17 17:04:03,812 - WARNING - Row 23 (Company): funding: Input should be a valid number, unable to parse string as a number, estimated_revenue: Input should be a valid number, unable to parse string as a number
2026-07-17 17:04:03,813 - WARNING - Row 24 (Company): funding: Input should be a valid number, unable to parse string as a number, estimated_revenue: Input should be a valid number, unable to parse string as a number
2026-07-17 17:04:03,814 - WARNING - Row 25 (Company): funding: Input should be a valid number, unable to parse string as a number, estimated_revenue: Input should be a valid number, unable to parse string as a number
2026-07-17 17:04:03,814 - WARNING - Row 26 (Company): funding: Input should be a valid number, unable to parse string as a number, estimated_revenue: Input should be a valid number, unable to parse string as a number
2026-07-17 17:04:03,816 - WARNING - Row 27 (Company): funding: Input should be a valid number, unable to parse string as a number, estimated_revenue: Input should be a valid number, unable to parse string as a number
2026-07-17 17:04:03,816 - WARNING - Row 28 (Company): funding: Input should be a valid number, unable to parse string as a number, estimated_revenue: Input should be a valid number, unable to parse string as a number
2026-07-17 17:04:03,817 - WARNING - Row 29 (Company): funding: Input should be a valid number, unable to parse string as a number, estimated_revenue: Input should be a valid number, unable to parse string as a number
2026-07-17 17:04:03,818 - WARNING - Row 30 (Company): funding: Input should be a valid number, unable to parse string as a number, estimated_revenue: Input should be a valid number, unable to parse string as a number
2026-07-17 17:04:03,819 - WARNING - Row 31 (Company): funding: Input should be a valid number, unable to parse string as a number, estimated_revenue: Input should be a valid number, unable to parse string as a number
2026-07-17 17:04:03,820 - WARNING - Row 32 (Company): funding: Input should be a valid number, unable to parse string as a number, estimated_revenue: Input should be a valid number, unable to parse string as a number
2026-07-17 17:04:03,820 - WARNING - Row 33 (Company): funding: Input should be a valid number, unable to parse string as a number, estimated_revenue: Input should be a valid number, unable to parse string as a number
2026-07-17 17:04:03,821 - WARNING - Row 34 (Company): funding: Input should be a valid number, unable to parse string as a number, estimated_revenue: Input should be a valid number, unable to parse string as a number
2026-07-17 17:04:03,823 - WARNING - Row 35 (Company): funding: Input should be a valid number, unable to parse string as a number, estimated_revenue: Input should be a valid number, unable to parse string as a number
2026-07-17 17:04:03,823 - WARNING - Row 36 (Company): funding: Input should be a valid number, unable to parse string as a number, estimated_revenue: Input should be a valid number, unable to parse string as a number
2026-07-17 17:04:03,824 - WARNING - Row 37 (Company): funding: Input should be a valid number, unable to parse string as a number, estimated_revenue: Input should be a valid number, unable to parse string as a number
2026-07-17 17:04:03,824 - WARNING - Row 38 (Company): funding: Input should be a valid number, unable to parse string as a number, estimated_revenue: Input should be a valid number, unable to parse string as a number
2026-07-17 17:04:03,825 - WARNING - Row 39 (Company): funding: Input should be a valid number, unable to parse string as a number, estimated_revenue: Input should be a valid number, unable to parse string as a number
2026-07-17 17:04:03,826 - WARNING - Row 40 (Company): funding: Input should be a valid number, unable to parse string as a number, estimated_revenue: Input should be a valid number, unable to parse string as a number
2026-07-17 17:04:03,826 - WARNING - Row 41 (Company): funding: Input should be a valid number, unable to parse string as a number, estimated_revenue: Input should be a valid number, unable to parse string as a number
2026-07-17 17:04:03,827 - WARNING - Row 42 (Company): funding: Input should be a valid number, unable to parse string as a number, estimated_revenue: Input should be a valid number, unable to parse string as a number
2026-07-17 17:04:03,828 - WARNING - Row 43 (Company): funding: Input should be a valid number, unable to parse string as a number, estimated_revenue: Input should be a valid number, unable to parse string as a number
2026-07-17 17:04:03,829 - WARNING - Row 44 (Company): funding: Input should be a valid number, unable to parse string as a number, estimated_revenue: Input should be a valid number, unable to parse string as a number
2026-07-17 17:04:03,829 - WARNING - Row 45 (Company): funding: Input should be a valid number, unable to parse string as a number, estimated_revenue: Input should be a valid number, unable to parse string as a number
2026-07-17 17:04:03,830 - WARNING - Row 46 (Company): funding: Input should be a valid number, unable to parse string as a number, estimated_revenue: Input should be a valid number, unable to parse string as a number
2026-07-17 17:04:03,831 - WARNING - Row 47 (Company): funding: Input should be a valid number, unable to parse string as a number, estimated_revenue: Input should be a valid number, unable to parse string as a number
2026-07-17 17:04:03,831 - WARNING - Row 48 (Company): funding: Input should be a valid number, unable to parse string as a number, estimated_revenue: Input should be a valid number, unable to parse string as a number
2026-07-17 17:04:03,832 - WARNING - Row 49 (Company): funding: Input should be a valid number, unable to parse string as a number, estimated_revenue: Input should be a valid number, unable to parse string as a number
2026-07-17 17:04:03,832 - WARNING - Row 50 (Company): funding: Input should be a valid number, unable to parse string as a number, estimated_revenue: Input should be a valid number, unable to parse string as a number
2026-07-17 17:04:03,833 - WARNING - Row 51 (Company): funding: Input should be a valid number, unable to parse string as a number, estimated_revenue: Input should be a valid number, unable to parse string as a number
2026-07-17 17:04:03,834 - WARNING - Row 52 (Company): funding: Input should be a valid number, unable to parse string as a number, estimated_revenue: Input should be a valid number, unable to parse string as a number
2026-07-17 17:04:03,834 - WARNING - Row 53 (Company): funding: Input should be a valid number, unable to parse string as a number, estimated_revenue: Input should be a valid number, unable to parse string as a number
2026-07-17 17:04:03,835 - WARNING - Row 54 (Company): funding: Input should be a valid number, unable to parse string as a number, estimated_revenue: Input should be a valid number, unable to parse string as a number
2026-07-17 17:04:03,836 - WARNING - Row 55 (Company): funding: Input should be a valid number, unable to parse string as a number, estimated_revenue: Input should be a valid number, unable to parse string as a number
2026-07-17 17:04:03,836 - WARNING - Row 56 (Company): funding: Input should be a valid number, unable to parse string as a number, estimated_revenue: Input should be a valid number, unable to parse string as a number
2026-07-17 17:04:03,837 - WARNING - Row 57 (Company): funding: Input should be a valid number, unable to parse string as a number, estimated_revenue: Input should be a valid number, unable to parse string as a number
2026-07-17 17:04:03,837 - WARNING - Row 58 (Company): funding: Input should be a valid number, unable to parse string as a number, estimated_revenue: Input should be a valid number, unable to parse string as a number
2026-07-17 17:04:03,838 - WARNING - Row 59 (Company): funding: Input should be a valid number, unable to parse string as a number, estimated_revenue: Input should be a valid number, unable to parse string as a number
2026-07-17 17:04:03,838 - WARNING - Row 60 (Company): funding: Input should be a valid number, unable to parse string as a number, estimated_revenue: Input should be a valid number, unable to parse string as a number
2026-07-17 17:04:03,839 - WARNING - Row 61 (Company): funding: Input should be a valid number, unable to parse string as a number, estimated_revenue: Input should be a valid number, unable to parse string as a number
2026-07-17 17:04:03,840 - WARNING - Row 62 (Company): funding: Input should be a valid number, unable to parse string as a number, estimated_revenue: Input should be a valid number, unable to parse string as a number
2026-07-17 17:04:03,841 - WARNING - Row 63 (Company): funding: Input should be a valid number, unable to parse string as a number, estimated_revenue: Input should be a valid number, unable to parse string as a number
2026-07-17 17:04:03,842 - WARNING - Row 64 (Company): funding: Input should be a valid number, unable to parse string as a number, estimated_revenue: Input should be a valid number, unable to parse string as a number
2026-07-17 17:04:03,843 - WARNING - Row 65 (Company): funding: Input should be a valid number, unable to parse string as a number, estimated_revenue: Input should be a valid number, unable to parse string as a number
2026-07-17 17:04:03,844 - WARNING - Row 66 (Company): funding: Input should be a valid number, unable to parse string as a number, estimated_revenue: Input should be a valid number, unable to parse string as a number
2026-07-17 17:04:03,845 - WARNING - Row 67 (Company): funding: Input should be a valid number, unable to parse string as a number, estimated_revenue: Input should be a valid number, unable to parse string as a number
2026-07-17 17:04:03,846 - WARNING - Row 68 (Company): funding: Input should be a valid number, unable to parse string as a number, estimated_revenue: Input should be a valid number, unable to parse string as a number
2026-07-17 17:04:03,846 - WARNING - Row 69 (Company): funding: Input should be a valid number, unable to parse string as a number, estimated_revenue: Input should be a valid number, unable to parse string as a number
2026-07-17 17:04:03,847 - WARNING - Row 70 (Company): funding: Input should be a valid number, unable to parse string as a number, estimated_revenue: Input should be a valid number, unable to parse string as a number
2026-07-17 17:04:03,847 - WARNING - Row 71 (Company): funding: Input should be a valid number, unable to parse string as a number, estimated_revenue: Input should be a valid number, unable to parse string as a number
2026-07-17 17:04:03,848 - WARNING - Row 72 (Company): funding: Input should be a valid number, unable to parse string as a number, estimated_revenue: Input should be a valid number, unable to parse string as a number
2026-07-17 17:04:03,849 - WARNING - Row 73 (Company): funding: Input should be a valid number, unable to parse string as a number, estimated_revenue: Input should be a valid number, unable to parse string as a number
2026-07-17 17:04:03,850 - WARNING - Row 74 (Company): funding: Input should be a valid number, unable to parse string as a number, estimated_revenue: Input should be a valid number, unable to parse string as a number
2026-07-17 17:04:03,850 - WARNING - Row 75 (Company): funding: Input should be a valid number, unable to parse string as a number, estimated_revenue: Input should be a valid number, unable to parse string as a number
2026-07-17 17:04:03,851 - WARNING - Row 76 (Company): funding: Input should be a valid number, unable to parse string as a number, estimated_revenue: Input should be a valid number, unable to parse string as a number
2026-07-17 17:04:03,851 - WARNING - Row 77 (Company): funding: Input should be a valid number, unable to parse string as a number, estimated_revenue: Input should be a valid number, unable to parse string as a number
2026-07-17 17:04:03,852 - WARNING - Row 78 (Company): funding: Input should be a valid number, unable to parse string as a number, estimated_revenue: Input should be a valid number, unable to parse string as a number
2026-07-17 17:04:03,853 - WARNING - Row 79 (Company): funding: Input should be a valid number, unable to parse string as a number, estimated_revenue: Input should be a valid number, unable to parse string as a number
2026-07-17 17:04:03,853 - WARNING - Row 80 (Company): funding: Input should be a valid number, unable to parse string as a number, estimated_revenue: Input should be a valid number, unable to parse string as a number
2026-07-17 17:04:03,854 - WARNING - Row 81 (Company): funding: Input should be a valid number, unable to parse string as a number, estimated_revenue: Input should be a valid number, unable to parse string as a number
2026-07-17 17:04:03,855 - WARNING - Row 82 (Company): funding: Input should be a valid number, unable to parse string as a number, estimated_revenue: Input should be a valid number, unable to parse string as a number
2026-07-17 17:04:03,856 - WARNING - Row 83 (Company): funding: Input should be a valid number, unable to parse string as a number, estimated_revenue: Input should be a valid number, unable to parse string as a number
2026-07-17 17:04:03,856 - WARNING - Row 84 (Company): funding: Input should be a valid number, unable to parse string as a number, estimated_revenue: Input should be a valid number, unable to parse string as a number
2026-07-17 17:04:03,857 - WARNING - Row 85 (Company): funding: Input should be a valid number, unable to parse string as a number, estimated_revenue: Input should be a valid number, unable to parse string as a number
2026-07-17 17:04:03,858 - WARNING - Row 86 (Company): funding: Input should be a valid number, unable to parse string as a number, estimated_revenue: Input should be a valid number, unable to parse string as a number
2026-07-17 17:04:03,858 - WARNING - Row 87 (Company): funding: Input should be a valid number, unable to parse string as a number, estimated_revenue: Input should be a valid number, unable to parse string as a number
2026-07-17 17:04:03,859 - WARNING - Row 88 (Company): funding: Input should be a valid number, unable to parse string as a number, estimated_revenue: Input should be a valid number, unable to parse string as a number
2026-07-17 17:04:03,860 - WARNING - Row 89 (Company): funding: Input should be a valid number, unable to parse string as a number, estimated_revenue: Input should be a valid number, unable to parse string as a number
2026-07-17 17:04:03,861 - WARNING - Row 90 (Company): funding: Input should be a valid number, unable to parse string as a number, estimated_revenue: Input should be a valid number, unable to parse string as a number
2026-07-17 17:04:03,862 - WARNING - Row 91 (Company): funding: Input should be a valid number, unable to parse string as a number, estimated_revenue: Input should be a valid number, unable to parse string as a number
2026-07-17 17:04:03,862 - WARNING - Row 92 (Company): funding: Input should be a valid number, unable to parse string as a number, estimated_revenue: Input should be a valid number, unable to parse string as a number
2026-07-17 17:04:03,863 - WARNING - Row 93 (Company): funding: Input should be a valid number, unable to parse string as a number, estimated_revenue: Input should be a valid number, unable to parse string as a number
2026-07-17 17:04:03,864 - WARNING - Row 94 (Company): funding: Input should be a valid number, unable to parse string as a number, estimated_revenue: Input should be a valid number, unable to parse string as a number
2026-07-17 17:04:03,864 - WARNING - Row 95 (Company): funding: Input should be a valid number, unable to parse string as a number, estimated_revenue: Input should be a valid number, unable to parse string as a number
2026-07-17 17:04:03,865 - WARNING - Row 96 (Company): funding: Input should be a valid number, unable to parse string as a number, estimated_revenue: Input should be a valid number, unable to parse string as a number
2026-07-17 17:04:03,866 - WARNING - Row 97 (Company): funding: Input should be a valid number, unable to parse string as a number, estimated_revenue: Input should be a valid number, unable to parse string as a number
2026-07-17 17:04:03,866 - WARNING - Row 98 (Company): funding: Input should be a valid number, unable to parse string as a number, estimated_revenue: Input should be a valid number, unable to parse string as a number
2026-07-17 17:04:03,867 - WARNING - Row 99 (Company): funding: Input should be a valid number, unable to parse string as a number, estimated_revenue: Input should be a valid number, unable to parse string as a number
2026-07-17 17:04:03,868 - WARNING - Row 100 (Company): funding: Input should be a valid number, unable to parse string as a number, estimated_revenue: Input should be a valid number, unable to parse string as a number
2026-07-17 17:04:03,868 - WARNING - Row 101 (Company): funding: Input should be a valid number, unable to parse string as a number, estimated_revenue: Input should be a valid number, unable to parse string as a number
2026-07-17 17:04:03,869 - WARNING - Row 102 (Company): funding: Input should be a valid number, unable to parse string as a number, estimated_revenue: Input should be a valid number, unable to parse string as a number
2026-07-17 17:04:03,870 - WARNING - Row 103 (Company): funding: Input should be a valid number, unable to parse string as a number, estimated_revenue: Input should be a valid number, unable to parse string as a number
2026-07-17 17:04:03,870 - WARNING - Row 104 (Company): funding: Input should be a valid number, unable to parse string as a number, estimated_revenue: Input should be a valid number, unable to parse string as a number
2026-07-17 17:04:03,871 - WARNING - Row 105 (Company): funding: Input should be a valid number, unable to parse string as a number, estimated_revenue: Input should be a valid number, unable to parse string as a number
2026-07-17 17:04:03,871 - WARNING - Row 106 (Company): funding: Input should be a valid number, unable to parse string as a number, estimated_revenue: Input should be a valid number, unable to parse string as a number
2026-07-17 17:04:03,872 - WARNING - Row 107 (Company): funding: Input should be a valid number, unable to parse string as a number, estimated_revenue: Input should be a valid number, unable to parse string as a number
2026-07-17 17:04:03,873 - WARNING - Row 108 (Company): funding: Input should be a valid number, unable to parse string as a number, estimated_revenue: Input should be a valid number, unable to parse string as a number
2026-07-17 17:04:03,873 - WARNING - Row 109 (Company): funding: Input should be a valid number, unable to parse string as a number, estimated_revenue: Input should be a valid number, unable to parse string as a number
2026-07-17 17:04:03,874 - WARNING - Row 110 (Company): funding: Input should be a valid number, unable to parse string as a number, estimated_revenue: Input should be a valid number, unable to parse string as a number
2026-07-17 17:04:03,875 - WARNING - Row 111 (Company): funding: Input should be a valid number, unable to parse string as a number, estimated_revenue: Input should be a valid number, unable to parse string as a number
2026-07-17 17:04:03,875 - WARNING - Row 112 (Company): funding: Input should be a valid number, unable to parse string as a number, estimated_revenue: Input should be a valid number, unable to parse string as a number
2026-07-17 17:04:03,876 - WARNING - Row 113 (Company): funding: Input should be a valid number, unable to parse string as a number, estimated_revenue: Input should be a valid number, unable to parse string as a number
2026-07-17 17:04:03,877 - WARNING - Row 114 (Company): funding: Input should be a valid number, unable to parse string as a number, estimated_revenue: Input should be a valid number, unable to parse string as a number
2026-07-17 17:04:03,878 - WARNING - Row 115 (Company): funding: Input should be a valid number, unable to parse string as a number, estimated_revenue: Input should be a valid number, unable to parse string as a number
2026-07-17 17:04:03,878 - INFO - Importing Problems...
2026-07-17 17:04:04,378 - INFO - Importing Mappings...
2026-07-17 17:04:04,387 - WARNING - Row 0 (Mapping): Company 'GEA Group AG' not found. Auto-creating placeholder.
2026-07-17 17:04:04,415 - WARNING - Row 1 (Mapping): Company 'Marel' not found. Auto-creating placeholder.
2026-07-17 17:04:04,441 - WARNING - Row 3 (Mapping): Company 'Augury' not found. Auto-creating placeholder.
2026-07-17 17:04:04,459 - WARNING - Row 4 (Mapping): Company 'Blue Yonder (Panasonic)' not found. Auto-creating placeholder.
2026-07-17 17:04:04,478 - WARNING - Row 5 (Mapping): Company 'Endress+Hauser' not found. Auto-creating placeholder.
2026-07-17 17:04:04,500 - WARNING - Row 6 (Mapping): Company 'Bizerba SE & Co KG' not found. Auto-creating placeholder.
2026-07-17 17:04:04,539 - WARNING - Row 9 (Mapping): Company 'Siemens AG' not found. Auto-creating placeholder.
2026-07-17 17:04:04,575 - WARNING - Row 12 (Mapping): Company 'Controlant' not found. Auto-creating placeholder.
2026-07-17 17:04:04,594 - WARNING - Row 13 (Mapping): Company 'SAP SE' not found. Auto-creating placeholder.
2026-07-17 17:04:04,613 - WARNING - Row 14 (Mapping): Company 'Bosch Rexroth AG' not found. Auto-creating placeholder.
2026-07-17 17:04:04,674 - WARNING - Row 20 (Mapping): Company 'Oritain' not found. Auto-creating placeholder.
2026-07-17 17:04:04,694 - WARNING - Row 21 (Mapping): Company 'Tetra Pak' not found. Auto-creating placeholder.
2026-07-17 17:04:04,729 - INFO - Transaction committed successfully.
2026-07-17 17:04:04,730 - INFO - Wrote import summary JSON to C:\Users\BISON TECH\Desktop\AIML\Proj\AI-Atlas\logs\import_summary.json
2026-07-17 17:05:44,586 - INFO - Starting Dataset Ingestion Pipeline
2026-07-17 17:05:44,619 - INFO - Loaded 15 rows from sectors_reference.csv
2026-07-17 17:05:44,623 - INFO - Loaded 116 rows from companies_germany.csv
2026-07-17 17:05:44,625 - INFO - Loaded 71 rows from problems_germany.csv
2026-07-17 17:05:44,628 - INFO - Loaded 24 rows from problem_company_mapping.csv
2026-07-17 17:05:44,628 - INFO - Importing Sectors...
2026-07-17 17:05:44,737 - INFO - Importing Companies...
2026-07-17 17:05:45,904 - INFO - Importing Problems...
2026-07-17 17:05:46,432 - INFO - Importing Mappings...
2026-07-17 17:05:46,643 - INFO - Transaction committed successfully.
2026-07-17 17:05:46,645 - INFO - Wrote import summary JSON to C:\Users\BISON TECH\Desktop\AIML\Proj\AI-Atlas\logs\import_summary.json
2026-07-17 17:12:58,426 - INFO - Starting Dataset Ingestion Pipeline
2026-07-17 17:12:58,429 - INFO - Loaded 15 rows from sectors_reference.csv
2026-07-17 17:12:58,440 - INFO - Loaded 116 rows from companies_germany.csv
2026-07-17 17:12:58,451 - INFO - Loaded 71 rows from problems_germany.csv
2026-07-17 17:12:58,464 - INFO - Loaded 24 rows from problem_company_mapping.csv
2026-07-17 17:12:58,464 - INFO - Importing Sectors...
2026-07-17 17:12:58,504 - INFO - Importing Companies...
2026-07-17 17:12:58,675 - INFO - Importing Problems...
2026-07-17 17:12:58,760 - INFO - Importing Mappings...
2026-07-17 17:12:58,816 - INFO - Transaction committed successfully.
2026-07-17 17:12:58,823 - INFO - Wrote import summary JSON to C:\Users\BISON TECH\Desktop\AIML\Proj\AI-Atlas\logs\import_summary.json
2026-07-17 19:53:11,889 - INFO - Starting Dataset Ingestion Pipeline
2026-07-17 19:53:11,950 - INFO - Loaded 15 rows from sectors_reference.csv
2026-07-17 19:53:11,967 - INFO - Loaded 116 rows from companies_germany.csv
2026-07-17 19:53:11,989 - INFO - Loaded 71 rows from problems_germany.csv
2026-07-17 19:53:12,011 - INFO - Loaded 24 rows from problem_company_mapping.csv
2026-07-17 19:53:12,012 - INFO - Importing Sectors...
2026-07-17 19:53:12,085 - INFO - Importing Companies...
2026-07-17 19:53:12,413 - INFO - Importing Problems...
2026-07-17 19:53:12,556 - INFO - Importing Mappings...
2026-07-17 19:53:12,652 - INFO - Transaction committed successfully.
2026-07-17 19:53:12,761 - INFO - Wrote import summary JSON to C:\Users\BISON TECH\Desktop\AIML\Proj\AI-Atlas\logs\import_summary.json
2026-07-17 23:43:20,544 - INFO - Starting Dataset Ingestion Pipeline
2026-07-17 23:43:20,550 - INFO - Loaded 15 rows from sectors_reference.csv
2026-07-17 23:43:20,554 - INFO - Loaded 116 rows from companies_germany.csv
2026-07-17 23:43:20,559 - INFO - Loaded 71 rows from problems_germany.csv
2026-07-17 23:43:20,563 - INFO - Loaded 24 rows from problem_company_mapping.csv
2026-07-17 23:43:20,564 - INFO - Importing Sectors...
2026-07-17 23:43:20,679 - INFO - Importing Companies...
2026-07-17 23:43:21,026 - INFO - Importing Problems...
2026-07-17 23:43:21,163 - INFO - Importing Mappings...
2026-07-17 23:43:21,251 - INFO - Transaction committed successfully.
2026-07-17 23:43:21,256 - INFO - Wrote import summary JSON to C:\Users\BISON TECH\Desktop\AIML\Proj\AI-Atlas\logs\import_summary.json
2026-07-18 00:06:54,715 - INFO - Starting Dataset Ingestion Pipeline
2026-07-18 00:06:54,715 - INFO - Loaded 15 rows from sectors_reference.csv
2026-07-18 00:06:54,715 - INFO - Loaded 116 rows from companies_germany.csv
2026-07-18 00:06:54,723 - INFO - Loaded 71 rows from problems_germany.csv
2026-07-18 00:06:54,725 - INFO - Loaded 24 rows from problem_company_mapping.csv
2026-07-18 00:06:54,725 - INFO - Importing Sectors...
2026-07-18 00:06:54,771 - INFO - Importing Companies...
2026-07-18 00:06:54,948 - INFO - Importing Problems...
2026-07-18 00:06:55,047 - INFO - Importing Mappings...
2026-07-18 00:06:55,120 - INFO - Transaction committed successfully.
2026-07-18 00:06:55,125 - INFO - Wrote import summary JSON to C:\Users\BISON TECH\Desktop\AIML\Proj\AI-Atlas\logs\import_summary.json
2026-07-18 19:33:11,330 - INFO - Starting Dataset Ingestion Pipeline
2026-07-18 19:33:11,346 - INFO - Loaded 15 rows from sectors_reference.csv
2026-07-18 19:33:11,370 - INFO - Loaded 116 rows from companies_germany.csv
2026-07-18 19:33:11,389 - INFO - Loaded 71 rows from problems_germany.csv
2026-07-18 19:33:11,403 - INFO - Loaded 24 rows from problem_company_mapping.csv
2026-07-18 19:33:11,419 - INFO - Importing Sectors...
2026-07-18 19:33:11,486 - INFO - Importing Companies...
2026-07-18 19:33:11,856 - INFO - Importing Problems...
2026-07-18 19:33:12,039 - INFO - Importing Mappings...
2026-07-18 19:33:12,127 - INFO - Transaction committed successfully.
2026-07-18 19:33:12,145 - INFO - Wrote import summary JSON to C:\Users\BISON TECH\Desktop\AIML\Proj\AI-Atlas\logs\import_summary.json
2026-07-18 19:35:18,533 - INFO - Starting Dataset Ingestion Pipeline
2026-07-18 19:35:26,972 - INFO - Loaded 15 rows from sectors_reference.csv
2026-07-18 19:35:26,977 - INFO - Loaded 116 rows from companies_germany.csv
2026-07-18 19:35:26,983 - INFO - Loaded 71 rows from problems_germany.csv
2026-07-18 19:35:26,987 - INFO - Loaded 24 rows from problem_company_mapping.csv
2026-07-18 19:35:26,988 - INFO - Importing Sectors...
2026-07-18 19:35:27,148 - INFO - Importing Companies...
2026-07-18 19:35:28,446 - INFO - Importing Problems...
2026-07-18 19:35:29,137 - INFO - Importing Mappings...
2026-07-18 19:35:29,419 - INFO - Transaction committed successfully.
2026-07-18 19:35:29,419 - INFO - Wrote import summary JSON to C:\Users\BISON TECH\Desktop\AIML\Proj\AI-Atlas\logs\import_summary.json
2026-07-18 19:35:39,355 - INFO - Starting Dataset Ingestion Pipeline
2026-07-18 19:35:39,363 - INFO - Loaded 15 rows from sectors_reference.csv
2026-07-18 19:35:39,371 - INFO - Loaded 116 rows from companies_germany.csv
2026-07-18 19:35:39,371 - INFO - Loaded 71 rows from problems_germany.csv
2026-07-18 19:35:39,379 - INFO - Loaded 24 rows from problem_company_mapping.csv
2026-07-18 19:35:39,379 - INFO - Importing Sectors...
2026-07-18 19:35:39,453 - INFO - Importing Companies...
2026-07-18 19:35:39,717 - INFO - Importing Problems...
2026-07-18 19:35:39,898 - INFO - Importing Mappings...
2026-07-18 19:35:40,002 - INFO - Transaction committed successfully.
2026-07-18 19:35:40,012 - INFO - Wrote import summary JSON to C:\Users\BISON TECH\Desktop\AIML\Proj\AI-Atlas\logs\import_summary.json
2026-07-18 19:50:17,481 - INFO - Starting Dataset Ingestion Pipeline
2026-07-18 19:50:17,489 - INFO - Loaded 15 rows from sectors_reference.csv
2026-07-18 19:50:17,497 - INFO - Loaded 116 rows from companies_germany.csv
2026-07-18 19:50:17,505 - INFO - Loaded 71 rows from problems_germany.csv
2026-07-18 19:50:17,505 - INFO - Loaded 24 rows from problem_company_mapping.csv
2026-07-18 19:50:17,505 - INFO - Importing Sectors...
2026-07-18 19:50:17,583 - INFO - Importing Companies...
2026-07-18 19:50:17,862 - INFO - Importing Problems...
2026-07-18 19:50:18,049 - INFO - Importing Mappings...
2026-07-18 19:50:18,157 - INFO - Transaction committed successfully.
2026-07-18 19:50:18,168 - INFO - Wrote import summary JSON to C:\Users\BISON TECH\Desktop\AIML\Proj\AI-Atlas\logs\import_summary.json
2026-07-18 19:50:25,126 - INFO - Starting Dataset Ingestion Pipeline
2026-07-18 19:50:27,917 - INFO - Loaded 15 rows from sectors_reference.csv
2026-07-18 19:50:27,927 - INFO - Loaded 116 rows from companies_germany.csv
2026-07-18 19:50:27,928 - INFO - Loaded 71 rows from problems_germany.csv
2026-07-18 19:50:27,935 - INFO - Loaded 24 rows from problem_company_mapping.csv
2026-07-18 19:50:27,935 - INFO - Importing Sectors...
2026-07-18 19:50:28,085 - INFO - Importing Companies...
2026-07-18 19:50:29,446 - INFO - Importing Problems...
2026-07-18 19:50:30,160 - INFO - Importing Mappings...
2026-07-18 19:50:30,445 - INFO - Transaction committed successfully.
2026-07-18 19:50:30,466 - INFO - Wrote import summary JSON to C:\Users\BISON TECH\Desktop\AIML\Proj\AI-Atlas\logs\import_summary.json
2026-07-18 20:17:09,539 - INFO - Starting Dataset Ingestion Pipeline
2026-07-18 20:17:11,942 - INFO - Loaded 15 rows from sectors_reference.csv
2026-07-18 20:17:11,946 - INFO - Loaded 116 rows from companies_germany.csv
2026-07-18 20:17:11,948 - INFO - Loaded 71 rows from problems_germany.csv
2026-07-18 20:17:11,951 - INFO - Loaded 24 rows from problem_company_mapping.csv
2026-07-18 20:17:11,951 - INFO - Importing Sectors...
2026-07-18 20:17:12,062 - INFO - Importing Companies...
2026-07-18 20:17:12,994 - INFO - Importing Problems...
2026-07-18 20:17:13,464 - INFO - Importing Mappings...
2026-07-18 20:17:13,667 - INFO - Transaction committed successfully.
2026-07-18 20:17:13,671 - INFO - Wrote import summary JSON to C:\Users\BISON TECH\Desktop\AIML\Proj\AI-Atlas\logs\import_summary.json
